trade_date,symbol,isin,series,instrument_name,open,high,low,close,last_price,previous_close,volume,turnover
2026-08-07,20MICRONS,INE144J01027,EQ,20 MICRONS LTD,191.71,193.59,187.9,189.07,187.9,191.71,126589,24141315.92
2026-08-07,21STCENMGM,INE253B01015,EQ,21ST CENTURY MGMT SERVICE,44.0,44.0,43.07,43.58,43.7,43.3,7409,324214.61
2026-08-07,360ONE,INE466L01038,EQ,360 ONE WAM LIMITED,1185.6,1192.8,1151.0,1168.1,1168.1,1186.0,1707560,2004353941.6
2026-08-07,GOLD360,INF579M01BB5,EQ,360ONEAMC - GOLD360,144.4,145.9,143.05,145.5,145.55,144.05,47600,6899625.85
2026-08-07,MSCI360,INF579M01BP5,EQ,360ONEAMC - MSCI360,10.35,10.36,10.34,10.35,10.35,10.35,269,2784.46
2026-08-07,SILVER360,INF579M01BC3,EQ,360ONEAMC - SILVER360,221.98,238.99,220.85,229.16,226.02,220.44,39539,8888775.1
2026-08-07,3BBLACKBIO,INE994E01018,EQ,3B BLACKBIO DX LTD.,1193.0,1224.5,1193.0,1207.7,1216.2,1205.9,1984,2395452.4
2026-08-07,3IINFOLTD,INE748C01038,EQ,3I INFOTECH LIMITED,25.33,25.94,25.2,25.79,25.65,25.5,1181251,30319269.35
2026-08-07,3MINDIA,INE470A01017,EQ,3M INDIA LIMITED,35940.0,36270.0,35870.0,36035.0,35925.0,36000.0,3976,143330285.0
2026-08-07,3PLAND,INE105C01023,EQ,3P LAND HOLDINGS LIMITED,32.12,32.5,31.9,32.12,32.2,32.1,1519,48948.13
2026-08-07,5PAISA,INE618L01018,EQ,5PAISA CAPITAL LIMITED,372.4,372.4,364.45,367.55,366.95,366.1,22993,8465845.8
2026-08-07,63MOONS,INE111B01023,EQ,63 MOONS TECHNOLOGIES LTD,856.8,889.8,847.15,857.75,858.5,858.2,473840,411712532.9
2026-08-07,ABCOTS,INE08PH01015,EQ,A B COTSPIN INDIA LIMITED,201.9,201.9,197.0,198.71,200.8,200.87,10218,2046438.46
2026-08-07,ABINFRA,INE00YB01025,EQ,A B INFRABUILD LIMITED,10.01,10.16,9.9,9.96,9.96,10.01,255072,2543210.13
2026-08-07,ABMKNO,INE850B01026,EQ,A B M KNOWLEDGEWARE LTD.,191.0,191.0,185.0,186.21,189.88,190.87,1192,223787.17
2026-08-07,ACSTECH,INE366C01021,EQ,A C S TECHNOLOGIES LTD.,46.21,47.0,44.5,46.0,45.99,45.97,328712,14889160.02
2026-08-07,AGUL,INE0O6N01012,SM,A G UNIVERSAL LIMITED,56.45,56.45,56.45,56.45,56.45,59.35,2000,112900.0
2026-08-07,AKCAPIT,INE701G01012,EQ,A K CAPITAL SERVICES LTD.,1713.8,1739.9,1700.0,1720.7,1720.0,1690.3,1753,3020285.9
2026-08-07,A2ZINFRA,INE619I01012,EQ,A2Z INFRA ENGINEERING LTD,17.0,17.5,16.73,17.39,17.38,16.73,443981,7680596.98
2026-08-07,AAATECH,INE0D0U01013,EQ,AAA TECHNOLOGIES LIMITED,93.12,95.2,90.62,91.95,92.2,93.12,64491,6050819.2
2026-08-07,AADHARHFC,INE883F01010,EQ,AADHAR HOUSING FINANCE L,515.4,516.8,502.0,506.4,502.0,514.9,271851,138093316.15
2026-08-07,AAKAAR,INE1GYP01013,SM,AAKAAR MEDICAL TECHNO LTD,64.1,64.1,60.5,60.5,60.5,63.65,14400,877360.0
2026-08-07,AAKASH,INE087Z01024,EQ,AAKASH EXPLORATION SER L,9.0,9.07,8.97,8.99,9.02,8.99,55441,499734.62
2026-08-07,AARADHYA,INE124401014,SM,AARADHYA DISPOSAL INDUS L,73.5,73.5,72.0,72.0,72.0,73.5,4800,347400.0
2026-08-07,AAREYDRUGS,INE198H01019,BE,AAREY DRUGS & PHARM LTD,81.45,83.71,80.0,81.47,82.65,81.8,7631,619976.08
2026-08-07,AARNAV,INE750R01016,EQ,AARNAV FASHIONS LIMITED,32.5,32.5,30.38,30.82,30.6,30.86,76907,2395791.21
2026-08-07,AARON,INE721Z01010,EQ,AARON INDUSTRIES LIMITED,133.0,134.99,132.0,134.24,134.86,134.57,7072,947630.83
2026-08-07,AARTECH,INE01C001026,BE,AARTECH SOLONICS LIMITED,46.3,47.49,45.55,47.0,47.0,47.25,15596,725021.1
2026-08-07,AARTIDRUGS,INE767A01016,EQ,AARTI DRUGS LTD.,411.0,418.15,409.85,416.2,418.15,410.85,90024,37330432.6
2026-08-07,AARTIIND,INE769A01020,EQ,AARTI INDUSTRIES LTD,500.0,510.0,496.55,502.1,500.6,501.2,1422279,718669981.1
2026-08-07,AARTIPHARM,INE0LRU01027,EQ,AARTI PHARMALABS LIMITED,691.0,706.0,683.0,685.85,684.2,692.25,179726,124655644.65
2026-08-07,AARTISURF,INE09EO01013,EQ,AARTI SURFACTANTS LIMITED,545.0,549.95,526.5,535.95,547.4,551.35,30784,16535079.9
2026-08-07,AARVI,INE754X01016,EQ,AARVI ENCON LIMITED,154.79,157.79,152.5,153.71,152.6,155.87,20116,3111389.53
2026-08-07,AASTHA,INE2FMX01012,EQ,AASTHA SPINTEX LIMITED,78.41,82.7,74.6,74.6,74.6,82.88,6003229,455404519.58
2026-08-07,AATMAJ,INE0OB201016,SM,AATMAJ HEALTHCARE LIMITED,19.0,19.0,18.8,18.8,18.8,19.95,6000,113300.0
2026-08-07,AAVAS,INE216P01012,EQ,AAVAS FINANCIERS LIMITED,1365.0,1396.3,1354.1,1371.5,1366.6,1376.3,64072,87925505.0
2026-08-07,ABAN,INE421A01028,BE,ABAN OFFSHORE LTD.,19.0,20.11,19.0,19.99,20.1,19.16,277730,5551658.36
2026-08-07,ABANSENT,INE365O01028,BE,ABANS ENTERPRISES LTD.,26.61,26.61,25.3,25.99,25.99,26.48,3624,92331.22
2026-08-07,AFSL,INE00ZE01026,EQ,ABANS FINANCIAL SRVCS LTD,201.25,202.9,201.01,201.04,201.01,201.25,5864,1181286.03
2026-08-07,ABB,INE117A01022,EQ,ABB INDIA LIMITED,7657.5,7670.0,7580.0,7600.0,7600.0,7735.0,179322,1364758642.5
2026-08-07,ABBOTINDIA,INE358A01014,EQ,ABBOTT INDIA LIMITED,27855.0,27975.0,27600.0,27835.0,27810.0,27855.0,7629,211803580.0
2026-08-07,AILIMITED,INE0CAJ01017,SM,ABHISHEK INTEGRATIONS LTD,35.85,35.85,35.85,35.85,35.85,35.85,1500,53775.0
2026-08-07,ABMINTLLTD,INE251C01025,EQ,ABM INTERNATIONAL LTD,44.78,44.78,41.36,41.61,41.36,41.41,1268,54315.14
2026-08-07,ACC,INE012A01025,EQ,ACC LIMITED,1370.0,1373.9,1360.0,1362.8,1366.5,1378.4,160343,219131368.2
2026-08-07,ACCELYA,INE793A01012,EQ,ACCELYA SOLN INDIA LTD,1134.0,1151.9,1134.0,1143.6,1146.0,1137.2,4003,4587283.6
2026-08-07,ACCENTMIC,INE0Q5D01013,SM,ACCENT MICROCELL LIMITED,522.5,547.0,515.0,543.9,543.0,514.45,134500,71767350.0
2026-08-07,ACCURACY,INE648Z01023,BE,ACCURACY SHIPPING LIMITED,4.75,4.8,4.68,4.72,4.79,4.77,46262,219058.54
2026-08-07,ACEINTEG,INE543V01017,EQ,ACE INTEGRATED SOLU. LTD.,19.5,19.5,18.46,18.88,19.26,19.0,1476,27813.46
2026-08-07,ACETEC,INE1J6M01010,SM,ACETECH E-COMMERCE LTD,131.55,131.55,131.55,131.55,131.55,140.5,1200,157860.0
2026-08-07,ACMESOLAR,INE622W01025,EQ,ACME SOLAR HOLDINGS LTD,372.0,380.95,362.75,368.6,368.05,375.45,1278670,472958265.15
2026-08-07,ACE,INE731H01025,EQ,ACTION CONST EQUIP LTD,1113.7,1120.0,1082.1,1094.3,1085.9,1113.7,234548,258682143.4
2026-08-07,ACUTAAS,INE00FF01025,EQ,ACUTAAS CHEMICALS LIMITED,3240.0,3328.0,3239.9,3297.9,3290.0,3260.6,187550,618542396.9
2026-08-07,ADANIENSOL,INE931S01010,EQ,ADANI ENERGY SOLUTION LTD,1620.0,1647.0,1606.0,1630.1,1630.1,1620.0,1391604,2268040832.2
2026-08-07,ADANIENT,INE423A01024,EQ,ADANI ENTERPRISES LIMITED,3025.9,3039.5,3004.5,3020.0,3020.0,3026.0,788881,2384517725.4
2026-08-07,ADANIGREEN,INE364U01010,EQ,ADANI GREEN ENERGY LTD,1371.5,1389.9,1365.7,1372.4,1372.4,1371.5,1273380,1751933171.5
2026-08-07,ADANIPORTS,INE742F01042,EQ,ADANI PORT & SEZ LTD,1695.0,1702.3,1676.7,1693.5,1693.5,1695.0,2387389,4028457825.6
2026-08-07,ADANIPOWER,INE814H01029,EQ,ADANI POWER LTD,208.13,212.1,208.13,209.0,209.0,208.12,14372119,3021666669.32
2026-08-07,ATGL,INE399L01023,EQ,ADANI TOTAL GAS LIMITED,656.05,663.6,655.55,657.55,655.55,660.25,427282,281764972.25
2026-08-07,ADDICTIVE,INE0RDH01021,SM,ADDICTIVE LEARNING TECH L,39.8,40.15,38.8,40.15,40.15,38.25,16500,654875.0
2026-08-07,ADFFOODS,INE982B01027,EQ,ADF FOODS LIMITED,258.9,263.85,258.0,259.7,259.0,261.4,113084,29519970.25
2026-08-07,ADISOFT,INE20PL01012,SM,ADISOFT TECHNOLOGIES LTD,177.8,192.95,177.3,189.4,189.95,177.65,64800,11976560.0
2026-08-07,ABSLAMC,INE404A01024,EQ,ADIT BIRL SUN LIF AMC LTD,1028.5,1034.7,1006.1,1025.3,1030.0,1024.1,198652,202196526.2
2026-08-07,ABCAPITAL,INE674K01013,EQ,ADITYA BIRLA CAPITAL LTD.,419.0,420.5,404.7,408.05,408.05,421.5,4840967,1978763760.7
2026-08-07,ABFRL,INE647O01011,EQ,ADITYA BIRLA FASHION & RT,63.26,63.82,62.3,63.33,63.41,63.26,6582044,415586734.03
2026-08-07,ABLBL,INE14LE01019,EQ,ADITYA BIRLA LIFES BRAN L,94.66,94.94,93.5,93.86,94.29,94.66,387410,36464082.91
2026-08-07,BIRLAMONEY,INE865C01022,EQ,ADITYA BIRLA MONEY LTD,132.21,133.99,132.0,132.3,132.29,133.53,22726,3018100.49
2026-08-07,ABREL,INE055A01016,EQ,ADITYA BIRLA REAL EST LTD,1400.0,1411.0,1378.0,1382.8,1381.2,1390.8,265738,369517062.5
2026-08-07,CPPLUS,INE819V01029,EQ,ADITYA INFOTECH LIMITED,3645.0,3722.0,3640.0,3708.7,3710.0,3656.2,86067,317662379.8
2026-08-07,AUSL,INE01YQ01013,SM,ADITYA ULTRA STEEL LTD,25.35,25.35,24.25,24.25,24.25,25.5,4000,99200.0
2026-08-07,AVL,INE679V01027,EQ,ADITYA VISION LIMITED,627.0,630.5,617.0,618.45,617.25,629.7,85408,53220098.85
2026-08-07,BSLGOLDETF,INF209KB18D3,EQ,ADITYBIRLA SL GOLD ETF-GR,130.06,131.5,129.05,131.25,129.05,130.06,152676,19980462.53
2026-08-07,BSLNIFTY,INF209KB19D1,EQ,ADITYBIRLA SL NIF ETF-GR,28.7,29.77,28.7,28.96,28.9,29.05,785699,22718588.73
2026-08-07,ADOR,INE045A01017,EQ,ADOR WELDING LTD,1472.0,1500.0,1461.2,1483.4,1465.0,1484.8,23430,34771853.4
2026-08-07,ADROITINFO,INE737B01033,EQ,ADROIT INFOTECH LIMITED,9.81,10.03,9.73,9.92,10.03,9.81,19285,190782.72
2026-08-07,ADVAIT,INE0ALI01010,EQ,ADVAIT ENRGY TRANSITION L,2324.0,2442.0,2131.0,2193.3,2191.0,2313.1,317013,725772463.5
2026-08-07,ADVANCE,INE1B0W01010,EQ,ADVANCE AGROLIFE LIMITED,130.0,131.73,126.05,127.18,127.55,129.78,565726,72886653.97
2026-08-07,ADVENZYMES,INE837H01020,EQ,ADVANCED ENZYME TECH LTD,329.8,332.0,322.0,324.35,323.9,329.8,177783,57943758.1
2026-08-07,ADVANIHOTR,INE199C01026,EQ,ADVANI HOT.& RES.(I) LTD,50.77,51.02,50.05,50.19,50.31,50.77,35305,1778433.38
2026-08-07,ADVENTHTL,INE28GN01010,EQ,ADVENT HOTELS INTERNATI L,148.5,148.95,144.57,147.67,147.7,146.8,167529,24726491.18
2026-08-07,RAMBHAJO,INE1SJO01012,EQ,ADVIT JEWELS LIMITED,186.8,198.0,182.1,185.21,184.5,186.6,373777,71194874.54
2026-08-07,AEGISLOG,INE208C01025,EQ,AEGIS LOGISTICS LIMITED,1423.0,1470.0,1351.1,1371.0,1363.0,1400.0,1673750,2338352724.5
2026-08-07,AEGISVOPAK,INE0INX01018,EQ,AEGIS VOPAK TERMINALS LTD,287.05,294.95,282.2,285.3,285.0,288.7,813122,233766331.55
2026-08-07,AEQUS,INE947N01017,EQ,AEQUS LIMITED,240.0,252.0,239.76,248.31,247.5,239.05,5616343,1389554945.76
2026-08-07,AEROENTER,INE065D01027,EQ,AEROFLEX ENTERPRISES LTD,130.49,131.59,125.71,126.39,126.5,130.32,271628,34668897.77
2026-08-07,AEROFLEX,INE024001021,EQ,AEROFLEX INDUSTRIES LTD,432.0,443.0,423.0,426.1,426.0,438.5,1114794,479186113.95
2026-08-07,AERONEU,INE035801013,EQ,AEROFLEX NEU LIMITED,85.0,86.86,84.52,84.95,84.52,85.44,41797,3579014.3
2026-08-07,AERON,INE0WL801011,SM,AERON COMPOSITE LIMITED,76.35,77.9,76.35,77.9,77.9,77.55,2000,154250.0
2026-08-07,AETHER,INE0BWX01014,EQ,AETHER INDUSTRIES LIMITED,1580.0,1612.0,1580.0,1591.6,1590.0,1584.4,165723,264988087.1
2026-08-07,AFCONS,INE101I01011,EQ,AFCONS INFRASTRUCTURE LTD,279.0,285.8,268.75,274.25,273.55,278.75,1190862,331819203.8
2026-08-07,AFFLE,INE00WC01027,EQ,AFFLE 3I LIMITED,1691.2,1720.1,1593.5,1645.6,1620.0,1688.7,310792,523154569.7
2026-08-07,AFFORDABLE,INE692Z01013,BE,AFFORD ROBO & AUTO LTD,200.2,200.2,193.01,196.05,197.0,190.85,23434,4635335.87
2026-08-07,AGARIND,INE204E01012,EQ,AGARWAL INDS CORP LTD.,520.0,526.35,511.1,514.55,511.2,524.2,18020,9304489.05
2026-08-07,AGARWALTUF,INE0P8X01016,SM,AGARWAL TOUGH GLASS IND L,152.8,152.8,148.0,149.75,149.0,151.1,25200,3766380.0
2026-08-07,AGI,INE415A01038,EQ,AGI GREENPAC LIMITED,705.1,713.8,705.1,709.8,709.4,710.55,35018,24858958.2
2026-08-07,AGIIL,INE976R01033,EQ,AGI INFRA LIMITED,302.9,308.05,301.75,302.95,303.9,304.35,375763,114589608.35
2026-08-07,AGRITECH,INE449G01018,BE,AGRI-TECH (INDIA) LIMITED,112.79,112.79,107.1,111.4,111.8,109.02,5496,601973.6
2026-08-07,AGROPHOS,INE740V01019,EQ,AGRO PHOS INDIA LIMITED,28.03,28.78,28.0,28.4,28.49,28.46,5285,149282.41
2026-08-07,AHLADA,INE00PV01013,EQ,AHLADA ENGINEERS LIMITED,36.48,39.23,36.48,38.2,38.2,37.57,9215,350440.63
2026-08-07,AHLUCONT,INE758C01029,EQ,AHLUWALIA CONT IND LTD,832.7,832.7,810.0,822.3,822.0,829.25,15989,13153678.15
2026-08-07,AIAENG,INE212H01026,EQ,AIA ENGINEERING LIMITED,4804.0,4848.2,4751.1,4776.0,4780.0,4795.4,46225,221784960.3
2026-08-07,AIMTRON,INE0RUV01018,SM,AIMTRON ELECTRONICS LTD,1640.1,1663.0,1625.0,1656.4,1653.0,1631.95,36200,59399680.0
2026-08-07,GOLDTECH,INE805A01014,BE,AION-TECH SOLUTIONS LTD,54.71,55.0,52.37,53.81,53.9,54.16,23520,1254327.98
2026-08-07,AIRAN,INE645W01026,EQ,AIRAN LIMITED,15.05,15.17,14.96,15.09,15.15,15.05,42489,640493.67
2026-08-07,AIROLAM,INE801L01010,EQ,AIRO LAM LIMITED,90.0,90.0,87.01,89.27,90.0,90.8,969,86277.08
2026-08-07,AJANTPHARM,INE031B01049,EQ,AJANTA PHARMA LIMITED,3456.0,3499.9,3449.0,3489.2,3480.0,3470.4,34852,121308066.5
2026-08-07,AJAXENGG,INE274Y01021,EQ,AJAX ENGINEERING LIMITED,568.05,569.45,555.0,565.4,565.0,568.05,71665,40252164.35
2026-08-07,AJMERA,INE298G01035,EQ,AJMERA REALTY & INF I LTD,123.0,125.0,122.86,123.65,123.1,123.47,246846,30588637.19
2026-08-07,AJOONI,INE820Y01021,EQ,AJOONI BIOTECH LIMITED,3.97,3.99,3.8,3.86,3.91,3.91,223149,874453.85
2026-08-07,AKASH,INE737W01013,EQ,AKASH INFRA-PROJECTS LTD,27.29,27.29,26.0,26.32,26.66,26.45,4896,129350.13
2026-08-07,AKG,INE00Y801016,EQ,AKG EXIM LIMITED,8.94,8.94,8.62,8.7,8.63,8.65,21973,192127.82
2026-08-07,AKI,INE642Z01026,EQ,AKI INDIA LIMITED,4.52,4.57,4.34,4.48,4.45,4.5,127457,573811.92
2026-08-07,AFIL,INE916Y01027,EQ,AKME FINTRADE (INDIA) LTD,9.15,9.34,9.07,9.12,9.14,9.06,317924,2917501.58
2026-08-07,AKSHOPTFBR,INE523B01011,BE,AKSH OPTIFIBRE  LTD,6.65,6.9,6.55,6.79,6.85,6.58,412621,2806280.64
2026-08-07,AKSHAR,INE256Z01025,EQ,AKSHAR SPINTEX LIMITED,0.44,0.44,0.41,0.41,0.42,0.44,1747593,733465.64
2026-08-07,AKSHARCHEM,INE542B01011,BE,AKSHARCHEM INDIA LIMITED,285.9,285.9,275.0,278.23,278.0,280.84,3410,963495.71
2026-08-07,AKUMS,INE09XN01023,EQ,AKUMS DRUGS AND PHARMA L,672.0,703.0,665.85,697.45,695.0,662.55,637075,441233473.9
2026-08-07,ALANKIT,INE914E01040,EQ,ALANKIT LIMITED,8.1,8.17,7.93,8.08,8.1,8.09,84358,685052.14
2026-08-07,ALBERTDAVD,INE155C01010,EQ,ALBERT DAVID LIMITED,825.0,857.9,785.05,822.85,809.9,730.55,299179,248885421.25
2026-08-07,ALEMBICLTD,INE426A01027,EQ,ALEMBIC LIMITED,86.66,86.97,84.01,84.75,84.69,86.66,405809,34606762.22
2026-08-07,APLLTD,INE901L01018,EQ,ALEMBIC PHARMA LTD,835.0,851.85,825.5,830.1,833.75,834.45,156108,130546631.75
2026-08-07,ALGOQUANT,INE598D01035,EQ,ALGOQUANT FINTECH LIMITED,66.37,69.55,65.1,67.21,67.0,66.15,1450184,97080887.36
2026-08-07,ALICON,INE062D01024,EQ,ALICON CASTALLOY LIMITED,744.4,753.0,710.0,742.75,745.0,737.9,202525,145741578.75
2026-08-07,ALIVUS,INE03Q201024,EQ,ALIVUS LIFE SCIENCES LTD,1329.5,1345.0,1315.5,1329.8,1322.5,1325.2,85268,113509036.5
2026-08-07,ALKALI,INE773I01017,BE,ALKALI METALS LTD,68.7,68.7,66.01,67.23,67.25,68.7,4327,290427.15
2026-08-07,ALKEM,INE540L01014,EQ,ALKEM LABORATORIES LTD.,5520.5,5647.5,5506.0,5620.0,5620.0,5597.5,76165,426887039.0
2026-08-07,ALKYLAMINE,INE150B01039,EQ,ALKYL AMINES CHEM. LTD,1930.0,1931.7,1888.2,1893.9,1893.0,1921.9,61537,116933481.1
2026-08-07,ALLTIME,INE0GV601021,EQ,ALL TIME PLASTICS LIMITED,217.82,224.0,214.5,219.59,218.05,217.82,127675,28008974.45
2026-08-07,AGL,INE1YPB01014,EQ,ALLCARGO GLOBAL LIMITED,14.47,14.63,13.56,13.84,13.8,14.46,5613366,78301786.32
2026-08-07,ALLCARGO,INE418H01029,EQ,ALLCARGO LOGISTICS LTD,9.94,10.0,8.8,9.26,9.33,9.76,81098236,748443647.15
2026-08-07,ATL,INE0NN701020,EQ,ALLCARGO TERMINALS LTD,26.3,26.3,25.0,25.07,25.06,25.57,244944,6225642.38
2026-08-07,ALLDIGI,INE835G01018,EQ,ALLDIGI TECH LIMITED,808.8,812.9,804.7,810.35,810.3,808.8,6413,5193362.6
2026-08-07,ABDL,INE552Z01027,EQ,ALLIED BLEND N DISTILS L,608.7,617.75,584.75,599.25,596.0,605.0,551365,329889585.25
2026-08-07,ADSL,INE102I01027,EQ,ALLIED DIGITAL SERV. LTD,116.5,116.5,113.31,114.39,113.9,116.92,171844,19682338.24
2026-08-07,ALMONDZ,INE326B01035,EQ,ALMONDZ GLOBAL SEC LTD,14.12,15.61,14.12,14.47,14.45,14.35,107720,1600830.47
2026-08-07,ALOKINDS,INE270A01029,EQ,ALOK INDUSTRIES LIMITED,11.98,12.06,11.94,11.97,11.98,11.98,1650176,19810132.63
2026-08-07,ALPA,INE385I01010,EQ,ALPA LABORATORIES LTD,69.97,70.31,67.55,68.09,68.1,69.97,26661,1828885.57
2026-08-07,ALPEXSOLAR,INE0R4701017,SM,ALPEX SOLAR LIMITED,818.0,820.0,801.0,803.95,802.2,815.2,34600,27879295.0
2026-08-07,ALPHAGEO,INE137C01018,EQ,ALPHAGEO (INDIA) LIMITED,233.57,237.99,226.99,230.64,228.71,233.57,10869,2513055.81
2026-08-07,ALPINETEX,INE1JCQ01037,EQ,ALPINE TEXWORLD LIMITED,65.3,66.0,63.02,63.27,63.5,66.25,320989,20622358.63
2026-08-07,ALUWIND,INE0STM01017,SM,ALUWIND INFRA-TECH LTD,50.9,51.0,49.15,49.2,49.2,50.4,7500,376875.0
2026-08-07,AMAGI,INE121R01077,EQ,AMAGI MEDIA LABS LIMITED,651.0,679.0,641.15,646.95,642.2,649.1,476981,313496085.85
2026-08-07,AMANTA,INE084K01015,BE,AMANTA HEALTHCARE LIMITED,166.15,166.15,166.15,166.15,166.15,169.54,2207,366693.05
2026-08-07,ARE&M,INE885A01032,EQ,AMARA RAJA ENERGY MOB LTD,928.15,945.0,928.15,931.7,934.0,927.45,498855,466838808.6
2026-08-07,AMBAAUTO,INE293601014,SM,AMBA AUTO SALES AND SER L,101.0,106.45,101.0,103.3,106.45,101.5,81000,8370300.0
2026-08-07,AMBALALSA,INE432A01017,EQ,AMBALAL SARABHAI ENT L,44.03,47.4,44.03,46.73,47.0,43.7,653520,30347327.87
2026-08-07,AMBANIORGO,INE00C501018,SM,AMBANI ORGOCHEM LIMITED,106.6,106.6,106.6,106.6,106.6,106.5,1000,106600.0
2026-08-07,AMBER,INE371P01015,EQ,AMBER ENTERPRISES (I) LTD,7424.0,7557.0,7329.0,7435.0,7435.0,7425.0,210061,1561859282.5
2026-08-07,AMBICAAGAR,INE792B01012,EQ,AMBICA AGAR & AROMAINDLTD,25.35,25.5,24.7,24.89,24.7,24.83,1877,46753.13
2026-08-07,AMBIKCO,INE540G01014,EQ,AMBIKA COTTON MILL LTD.,1834.9,1931.0,1823.0,1904.3,1897.7,1826.0,83658,157188359.1
2026-08-07,AMBUJACEM,INE079A01024,EQ,AMBUJA CEMENTS LTD,438.0,438.0,431.8,434.0,434.0,436.5,2026621,878977552.3
2026-08-07,AMDIND,INE005I01014,EQ,AMD INDUSTRIES LIMITED,47.45,47.45,46.0,46.87,46.95,46.39,13873,644617.55
2026-08-07,AMNPLST,INE275D01022,EQ,AMINES & PLASTICIZERS LTD,194.04,196.8,193.25,194.7,194.99,195.43,10971,2134167.94
2026-08-07,AEROPLANE,INE05TO01019,EQ,AMIR CHAND JAG KUM (E) L,199.0,199.5,186.96,194.37,194.15,196.8,691566,134454256.15
2026-08-07,AMJLAND,INE606A01024,EQ,AMJ LAND HOLDINGS LIMITED,38.78,39.5,38.5,39.36,39.3,38.97,20107,784902.38
2026-08-07,AMRUTANJAN,INE098F01031,EQ,AMRUTAJAN HEALTH LTD,520.0,526.9,515.1,521.4,523.0,520.0,34199,17770118.95
2026-08-07,ARSSBL,INE549H01021,EQ,ANAND RATHI SH N STK BR L,511.0,516.0,479.2,504.0,504.7,510.8,260556,131818702.65
2026-08-07,ANANDRATHI,INE463V01026,EQ,ANAND RATHI WEALTH LTD,2081.5,2107.0,2061.0,2101.5,2101.0,2071.5,202601,423072358.8
2026-08-07,ANANTRAJ,INE242C01024,EQ,ANANT RAJ LIMITED,616.95,627.3,613.5,615.9,613.5,617.4,1039127,645732523.4
2026-08-07,AMCL,INE0VG001016,SM,ANB METAL CAST LIMITED,404.0,404.0,395.0,395.0,395.0,392.25,1200,477600.0
2026-08-07,ACL,INE666E01020,EQ,ANDHRA CEMENTS LIMITED,47.26,48.7,47.26,47.95,47.99,47.99,11279,541734.83
2026-08-07,ANDHRAPAP,INE435A01051,EQ,ANDHRA PAPER LIMITED,60.12,61.18,59.7,59.85,59.85,60.68,295780,17740244.24
2026-08-07,ANDHRSUGAR,INE715B01021,EQ,ANDHRA SUGARS LTD,87.34,89.7,86.25,87.98,89.0,87.12,641894,56687562.74
2026-08-07,ANGELONE,INE732I01021,EQ,ANGEL ONE LIMITED,297.05,298.75,289.05,292.0,292.0,297.1,4094497,1194766447.55
2026-08-07,ANIKINDS,INE087B01017,EQ,ANIK INDUSTRIES LTD,42.25,44.15,42.25,43.0,43.0,43.09,792,34249.59
2026-08-07,APCL,INE071F01012,EQ,ANJANI PORTLAND CEM LTD,102.55,106.5,101.35,102.14,101.55,105.43,11308,1162280.78
2026-08-07,AHCL,INE0Y8W01025,EQ,ANLON HEALTHCARE LIMITED,14.14,14.7,13.97,14.55,14.61,14.21,3203483,45690779.71
2026-08-07,ANMOL,INE02AR01019,EQ,ANMOL INDIA LIMITED,10.14,10.35,9.95,10.33,10.15,10.02,28962,296567.33
2026-08-07,ANNAPURNA,INE0MGM01017,SM,ANNAPURNA SWADISHT LTD,154.95,165.0,154.0,156.55,155.3,150.4,143750,22835762.5
2026-08-07,ANONDITA,INE0VTV01012,SM,ANONDITA MEDICARE LIMITED,1015.5,1055.85,1015.05,1040.7,1043.9,1027.4,18400,19090240.0
2026-08-07,ANTGRAPHIC,INE414B01021,EQ,ANTARCTICA LTD,0.75,0.77,0.73,0.74,0.74,0.75,94435,70707.88
2026-08-07,ANTELOPUS,INE818A01017,EQ,ANTELOPUS SELAN ENRGY LTD,861.0,874.9,795.0,799.45,800.0,860.4,221330,181792762.15
2026-08-07,ANTHEM,INE0CZ201020,EQ,ANTHEM BIOSCIENCES LTD,828.0,844.9,823.55,841.0,841.0,825.65,472590,395873907.1
2026-08-07,AWHCL,INE01BK01022,EQ,ANTONY WASTE HDG CELL LTD,435.05,437.45,413.05,415.75,418.0,426.2,193441,81377116.4
2026-08-07,ANUHPHR,INE489G01022,EQ,ANUH PHARMA LIMITED,79.31,81.74,78.37,79.32,79.88,79.31,103463,8246126.95
2026-08-07,ANURAS,INE930P01018,EQ,ANUPAM RASAYAN INDIA LTD,1213.0,1222.0,1208.5,1214.6,1211.0,1213.0,315118,382756110.8
2026-08-07,ANYA,INE0SI601032,SM,ANYA POLYTECH & FERTI LTD,15.2,15.3,15.0,15.25,15.25,15.25,60000,903750.0
2026-08-07,AONEGOLD,INF1J2R01114,EQ,AONEAMC - AONEGOLD,14.14,14.14,13.71,13.92,13.91,13.8,651213,9030757.98
2026-08-07,AONELIQUID,INF1J2R01056,EQ,AONEAMC - AONELIQUID,1071.79,1071.81,1071.77,1071.78,1071.79,1071.36,30961,33183618.08
2026-08-07,AONENIFTY,INF1J2R01064,EQ,AONEAMC - AONENIFTY,10.22,10.22,10.12,10.14,10.12,10.16,172464,1749454.42
2026-08-07,AONESILVER,INF1J2R01171,EQ,AONEAMC - AONESILVER,8.65,8.81,8.57,8.78,8.8,8.57,1328316,11594365.1
2026-08-07,AONETMMQ50,INF1J2R01148,EQ,AONEAMC - AONETMMQ50,10.2,10.25,10.15,10.21,10.22,10.2,29458,300824.71
2026-08-07,AONETOTAL,INF1J2R01015,EQ,AONEAMC - AONETOTAL,12.18,12.2,12.07,12.11,12.13,12.1,97789,1185706.14
2026-08-07,APARINDS,INE372A01015,EQ,APAR INDUSTRIES LTD.,16126.0,16695.0,16100.0,16631.0,16599.0,16126.0,177454,2929868146.0
2026-08-07,APCOTEXIND,INE116A01032,EQ,APCOTEX INDUSTRIES LIMITE,617.0,624.95,612.0,614.8,612.35,620.6,130516,80556803.55
2026-08-07,APEX,INE346W01013,EQ,APEX FROZEN FOODS LIMITED,375.45,378.9,370.95,376.75,377.95,375.15,49606,18525396.9
2026-08-07,APLAPOLLO,INE702C01027,EQ,APL APOLLO TUBES LTD,1945.9,1970.0,1942.5,1970.0,1970.0,1945.0,404634,792432586.1
2026-08-07,APOLLOHOSP,INE437A01024,EQ,APOLLO HOSPITALS ENTER. L,9000.0,9000.0,8922.0,8945.0,8945.0,8974.5,273543,2451433158.5
2026-08-07,APOLLO,INE713T01028,EQ,APOLLO MICRO SYSTEMS LTD,404.0,408.5,402.1,403.85,403.0,403.95,3212891,1301256457.5
2026-08-07,APOLLOPIPE,INE126J01016,EQ,APOLLO PIPES LIMITED,527.25,534.85,515.0,517.35,515.2,527.25,170575,88984286.45
2026-08-07,APOLSINHOT,INE451F01024,EQ,APOLLO SINDOORI HOTEL LTD,1240.2,1243.0,1204.0,1209.2,1214.0,1243.6,719,876120.7
2026-08-07,APOLLOTYRE,INE438A01022,EQ,APOLLO TYRES LTD,444.5,450.0,432.15,445.0,444.85,449.7,1967067,868786229.3
2026-08-07,APRAMEYA,INE0LQG01010,SM,APRAMEYA ENGINEERING LTD,146.0,146.0,140.05,142.6,145.95,146.0,19000,2711050.0
2026-08-07,APTECHT,INE266F01018,BE,APTECH LIMITED,96.55,99.66,95.1,96.27,96.15,97.0,79466,7657882.91
2026-08-07,APTUS,INE852O01025,EQ,APTUS VALUE HSG FIN I LTD,259.1,262.7,257.1,260.65,261.35,260.8,666160,173476693.35
2026-08-07,AQYLON,INE416A01051,EQ,AQYLON NEXUS LIMITED,28.15,28.75,26.6,26.93,27.0,28.0,2525807,69004011.56
2026-08-07,ARABIAN,INE08NJ01024,SM,ARABIAN PETROLEUM LIMITED,93.5,93.5,88.05,89.65,89.1,93.5,52000,4706200.0
2026-08-07,ARCIIL,INE0YDV01010,SM,ARC INSULATION & INSU LTD,37.5,37.5,37.5,37.5,37.5,38.0,1000,37500.0
2026-08-07,ACI,INE128X01021,EQ,ARCHEAN CHEMICAL IND LTD,519.95,520.0,505.0,506.65,505.8,517.85,212525,108497211.25
2026-08-07,ADL,INE0CHO01012,EQ,ARCHIDPLY DECOR LIMITED,69.62,75.98,69.62,70.76,69.82,70.1,721,51115.54
2026-08-07,ARCHIDPLY,INE877I01016,EQ,ARCHIDPLY IND. LTD,83.0,92.9,82.99,89.49,90.0,82.04,295022,26461846.51
2026-08-07,ARCHIES,INE731A01020,EQ,ARCHIES LTD,14.43,14.9,14.02,14.06,14.02,14.35,15156,215099.36
2026-08-07,ARFIN,INE784R01023,EQ,ARFIN INDIA LIMITED,87.4,88.5,86.23,88.03,88.0,86.98,1625366,141941178.22
2026-08-07,ARHAM,INE0L2Y01011,SM,ARHAM TECHNOLOGIES LTD,188.95,189.0,183.0,186.5,183.6,184.6,44000,8185700.0
2026-08-07,ARIES,INE298I01015,EQ,ARIES AGRO LTD.,344.25,344.7,336.0,339.25,341.85,344.05,14390,4906367.05
2026-08-07,ARIHANTCAP,INE420B01036,EQ,ARIHANT CAPITAL MKTS LTD,76.31,77.8,74.25,75.47,75.0,76.79,177751,13529403.11
2026-08-07,ARIHANT,INE413D01011,EQ,ARIHANT FOUN & HOU LTD,1129.5,1138.2,1088.3,1124.6,1130.0,1130.4,2527,2818854.8
2026-08-07,ARIHANTSUP,INE643K01018,EQ,ARIHANT SUPERSTRUCT LTD,267.3,274.65,260.0,265.5,266.0,267.3,56534,15156893.15
2026-08-07,ARIS,INE0H9P01028,EQ,ARISINFRA SOLUTIONS LTD,131.95,134.75,130.5,132.42,133.0,132.03,1398324,186050609.26
2026-08-07,ARKADE,INE0QRL01017,EQ,ARKADE DEVELOPERS LIMITED,139.75,142.4,139.1,140.02,139.85,139.75,232077,32652113.96
2026-08-07,ARMANFIN,INE109C01017,EQ,ARMAN FIN SERV LTD,2041.7,2086.0,2020.0,2032.0,2030.0,2031.5,65735,135267565.1
2026-08-07,AROGRANITE,INE210C01013,EQ,ARO GRANITE IND. LTD.,25.11,26.3,25.1,25.33,25.11,26.05,9557,242390.24
2026-08-07,ARROWGREEN,INE570D01018,BE,ARROW GREENTECH LIMITED,749.1,783.4,746.25,781.4,782.0,746.1,57517,44236963.55
2026-08-07,ARTNIRMAN,INE738V01013,EQ,ART NIRMAN LIMITED,42.5,45.92,40.36,42.49,42.11,41.75,9434,408818.78
2026-08-07,AEPL,INE757T01025,EQ,ARTEMIS ELECTRICALS & P L,14.07,17.42,14.07,17.13,16.8,14.52,1203391,20475719.81
2026-08-07,ARTEMISMED,INE025R01021,EQ,ARTEMIS MED SERVICE LTD,312.85,321.95,312.0,316.3,317.0,311.7,286455,90768463.0
2026-08-07,ARVEE,INE006Z01016,EQ,ARVEE LABORATORIES I LTD,155.7,158.79,155.7,156.52,156.7,155.7,872,137653.83
2026-08-07,ARVINDFASN,INE955V01021,EQ,ARVIND FASHIONS LIMITED,462.8,463.55,455.95,458.8,457.5,459.5,76882,35329841.7
2026-08-07,ARVIND,INE034A01011,EQ,ARVIND LIMITED,546.1,562.1,545.3,560.55,561.7,546.1,620498,344685293.6
2026-08-07,ARVINDPORT,INE0P4T01013,SM,ARVIND PORT AND INFRA LTD,33.9,33.9,31.5,32.5,32.6,30.85,19500,639450.0
2026-08-07,ARVSMART,INE034S01021,EQ,ARVIND SMARTSPACES LTD,595.6,693.8,595.6,650.75,653.3,603.3,6910360,4570720921.65
2026-08-07,ASAHIINDIA,INE439A01020,EQ,ASAHI INDIA GLASS LIMITED,910.85,915.4,896.1,898.7,898.45,913.95,85283,77020255.1
2026-08-07,ASAHISONG,INE228I01012,BE,ASAHI SONGWON COLOR LTD,364.05,370.0,364.0,365.5,366.0,373.7,10346,3813755.3
2026-08-07,ASHALOG,INE0LAA01017,SM,ASHAPURA LOGISTICS LTD,60.0,60.0,58.0,58.95,59.0,57.0,6000,354200.0
2026-08-07,ASHAPURMIN,INE348A01023,EQ,ASHAPURA MINECHEM LTD,732.0,743.0,720.15,738.35,738.0,729.1,928707,681942153.75
2026-08-07,ASHIANA,INE365D01021,EQ,ASHIANA HOUSING LTD,389.0,389.0,375.0,375.85,378.5,381.8,38841,14687741.15
2026-08-07,ASHIKAG,INE094B01013,EQ,ASHIKA GLOBAL SEC LTD,478.0,478.0,451.0,454.4,456.0,474.05,304113,141367407.5
2026-08-07,ASHIMASYN,INE440A01010,EQ,ASHIMA LTD,18.4,18.4,17.92,18.19,18.0,18.12,42560,769985.04
2026-08-07,ASHOKLEY,INE208A01029,EQ,ASHOK LEYLAND LTD,177.0,177.99,175.5,177.5,177.5,177.5,11282040,1993850129.01
2026-08-07,ASHOKA,INE442H01029,EQ,ASHOKA BUILDCON LTD,119.89,120.33,118.0,118.33,118.2,119.83,694502,82529343.49
2026-08-07,ASHOKAMET,INE760Y01011,EQ,ASHOKA METCAST LIMITED,14.01,14.44,14.01,14.23,14.35,14.11,10760,152861.62
2026-08-07,ASHWINI,INE1A6Q01010,SM,ASHWINI CONTAINER MOVER L,190.0,190.1,189.0,189.0,189.0,189.7,11000,2083700.0
2026-08-07,ASIANENE,INE276G01015,EQ,ASIAN ENERGY SERVICES LTD,395.6,419.9,392.2,408.55,406.7,391.65,680102,280847482.7
2026-08-07,ASIANTILES,INE022I01019,EQ,ASIAN GRANITO IND. LTD.,56.0,57.9,54.0,55.11,54.01,55.98,4592146,259149290.01
2026-08-07,AHLEAST,INE926K01017,EQ,ASIAN HOTELS (EAST) LTD,141.7,144.99,141.7,143.23,144.99,142.41,10896,1557952.41
2026-08-07,ASIANHOTNR,INE363A01022,EQ,ASIAN HOTELS (NORTH) LTD,316.0,324.65,310.0,312.7,314.9,316.0,152771,47916600.85
2026-08-07,AHLWEST,INE915K01010,BE,ASIAN HOTELS (WEST) LTD,526.0,540.05,526.0,540.0,540.0,542.0,59,31533.4
2026-08-07,ASIANPAINT,INE021A01026,EQ,ASIAN PAINTS LIMITED,2755.0,2755.0,2695.0,2735.0,2735.0,2755.0,1067986,2900458044.1
2026-08-07,ASTAR,INE194D01017,EQ,ASIAN STAR CO. LTD.,619.9,619.9,570.05,593.05,583.0,590.0,427,248453.35
2026-08-07,ASKAUTOLTD,INE491J01022,EQ,ASK AUTOMOTIVE LIMITED,663.85,674.7,630.3,634.95,638.5,678.8,1290478,839221046.9
2026-08-07,ASPINWALL,INE991I01015,EQ,ASPINWALL & CO LTD,242.03,249.63,235.0,239.41,235.0,242.03,3232,787395.96
2026-08-07,ASALCBR,INE073G01016,EQ,ASSO ALCOHOLS & BREW LTD,767.25,774.1,723.0,732.9,731.55,767.25,96211,71156127.35
2026-08-07,ASTEC,INE563J01010,EQ,ASTEC LIFESCIENCES LTD,616.6,629.9,616.5,620.5,618.0,620.35,9454,5863476.8
2026-08-07,ASTERDM,INE914M01019,EQ,ASTER DM QUALITY CARE LTD,840.3,875.35,836.5,869.7,870.0,844.45,1037107,891683781.6
2026-08-07,ASTRAMICRO,INE386C01029,EQ,ASTRA MICROWAVE LTD,1793.0,1849.0,1790.0,1840.0,1839.0,1802.2,224632,411567754.2
2026-08-07,ASTRAL,INE006I01046,EQ,ASTRAL LIMITED,1440.0,1451.3,1435.0,1444.0,1444.0,1442.0,118762,171206961.7
2026-08-07,ASTRAZEN,INE203A01020,EQ,ASTRAZENECA PHARMA IND LT,8129.0,8209.5,8050.0,8191.0,8200.0,8075.5,2409,19662834.0
2026-08-07,ASTRON,INE646X01014,BE,ASTRON PAPER BORD MIL LTD,3.8,3.8,3.72,3.74,3.75,3.72,12394,46619.92
2026-08-07,ATALREAL,INE0ALR01029,EQ,ATAL REALTECH LIMITED,34.72,35.5,34.72,35.3,35.14,34.64,9805828,342927860.68
2026-08-07,ATAM,INE09KD01013,EQ,ATAM VALVES LIMITED,65.8,65.8,63.9,64.69,65.57,64.61,3139,203678.13
2026-08-07,ATHERENERG,INE0LEZ01016,EQ,ATHER ENERGY LIMITED,1450.0,1508.0,1446.0,1481.5,1482.0,1453.2,4646531,6889992513.9
2026-08-07,ATLANTAELE,INE0Z4F01028,EQ,ATLANTA ELECTRICALS LTD,1610.5,1625.0,1562.5,1607.4,1600.5,1592.9,35639,57240823.3
2026-08-07,ATLANTAA,INE285H01022,EQ,ATLANTAA LIMITED,40.65,40.9,39.4,40.13,40.0,40.31,21970,881348.29
2026-08-07,ATLASCYCLE,INE446A01025,EQ,ATLAS CYCLE (HARYANA) LTD,97.68,105.0,97.32,99.72,98.55,97.68,65912,6688734.38
2026-08-07,ATULAUTO,INE951D01028,EQ,ATUL AUTO LIMITED,580.0,592.0,566.65,576.9,576.0,579.55,297801,172012687.6
2026-08-07,ATUL,INE100A01010,EQ,ATUL LTD,6900.0,7007.0,6752.5,6774.0,6775.0,6796.5,130066,893547358.0
2026-08-07,AUBANK,INE949L01017,EQ,AU SMALL FINANCE BANK LTD,1084.9,1088.1,1067.0,1067.0,1067.0,1087.6,752130,810505047.8
2026-08-07,AURIONPRO,INE132H01018,EQ,AURIONPRO SOLN LTD,732.0,734.0,725.0,727.25,727.0,730.0,76169,55524340.95
2026-08-07,AUROIMPEX,INE0NUL01018,SM,AURO IMPEX & CHEMICALS L,26.9,26.9,26.5,26.5,26.5,26.15,8000,213120.0
2026-08-07,AUROPHARMA,INE406A01037,EQ,AUROBINDO PHARMA LTD,1580.1,1662.4,1579.9,1658.0,1658.0,1588.9,2001257,3275401955.1
2026-08-07,AURUM,INE898S01029,EQ,AURUM PROPTECH LIMITED,222.0,227.77,221.82,226.01,223.5,222.48,234117,52694389.9
2026-08-07,AURUS,INE142K01011,EQ,AURUS GEM CORP LIMITED,4.5,5.02,4.5,4.81,4.84,4.56,29523,141636.81
2026-08-07,AUSOMENT,INE218C01016,BE,AUSOM ENTERPRISE LIMITED,139.0,142.9,135.47,140.88,142.9,138.28,2567,354679.77
2026-08-07,APS,INE0P0001010,SM,AUSTRALIAN PREM SOLAR I L,251.0,260.0,246.0,249.35,251.0,251.4,28500,7188837.5
2026-08-07,AIIL,INE206F01022,EQ,AUTHUM INVEST & INFRA LTD,596.2,605.0,587.0,596.6,592.7,596.2,1070113,639166627.35
2026-08-07,AUTOIND,INE718H01014,BE,AUTOLINE INDUSTRIES LTD,96.5,96.5,92.0,93.83,94.0,95.79,64033,6032082.26
2026-08-07,AUTOAXLES,INE449A01011,EQ,AUTOMOTIVE AXLES LIMITED,1850.0,1878.0,1810.0,1827.8,1843.0,1848.9,15648,28697817.4
2026-08-07,ASAL,INE900C01027,EQ,AUTOMOTIVE STAMPINGS & AS,508.0,512.95,504.55,505.95,504.55,509.9,13126,6669482.7
2026-08-07,AVADHSUGAR,INE349W01017,EQ,AVADH SUG & ENERGY LTD,607.0,611.0,596.0,601.05,598.0,602.9,63110,38059376.25
2026-08-07,AVALON,INE0LCL01028,EQ,AVALON TECHNOLOGIES LTD,1785.0,1998.0,1785.0,1965.3,1968.0,1774.5,1877232,3570063774.8
2026-08-07,AVANTEL,INE005B01027,EQ,AVANTEL LIMITED,164.44,167.0,162.75,163.43,163.28,164.44,702446,115688729.75
2026-08-07,AVANTIFEED,INE871C01038,EQ,AVANTI FEEDS LIMITED,885.3,909.85,881.05,906.55,909.0,891.9,402557,361760289.45
2026-08-07,DMART,INE192R01011,EQ,AVENUE SUPERMARTS LIMITED,3945.0,3948.4,3885.5,3900.0,3900.0,3931.2,374241,1462106742.0
2026-08-07,CCAVENUE,INE483S01020,EQ,AVENUESAI LIMITED,17.22,17.22,16.97,17.17,17.19,17.13,7929235,135667553.87
2026-08-07,AVG,INE680Z01018,BE,AVG LOGISTICS LIMITED,202.42,206.3,198.41,198.72,202.2,202.42,5524,1106022.73
2026-08-07,AVIANSH,INE0TFB01017,SM,AVI ANSH TEXTILE LIMITED,105.0,105.5,105.0,105.5,105.5,105.0,2000,210500.0
2026-08-07,AVIENCE,INE0V9I01017,SM,AVIENCE BIOMEDICALS LTD,250.05,254.0,246.0,246.05,246.2,248.0,21000,5209260.0
2026-08-07,ASMS,INE855F01042,BE,AVIO SMART MRKT STACK LTD,7.13,7.27,7.13,7.25,7.2,7.21,77142,556118.31
2026-08-07,AVONMORE,INE323B01024,EQ,AVONMORE CAP&MGT SERV LTD,11.1,11.18,10.85,10.93,10.98,11.1,76878,847484.29
2026-08-07,AVPINFRA,INE0R9401019,SM,AVP INFRACON LIMITED,66.95,67.5,63.0,63.65,64.0,65.75,38400,2497280.0
2026-08-07,AVROIND,INE652Z01025,EQ,AVRO INDIA LIMITED,9.0,9.24,8.82,9.1,8.99,9.11,251563,2283294.83
2026-08-07,AVTNPL,INE488D01021,EQ,AVT NATURAL PRODUCTS LTD,72.0,72.97,71.12,71.86,72.5,71.59,41803,3007286.8
2026-08-07,AWFIS,INE108V01019,EQ,AWFIS SPACE SOLUTIONS LTD,273.0,276.4,270.0,271.65,270.8,271.9,115484,31530856.9
2026-08-07,AWL,INE699H01024,EQ,AWL AGRI BUSINESS LIMITED,198.0,201.5,195.06,197.5,197.78,197.38,3167471,628813252.4
2026-08-07,AXISBANK,INE238A01034,EQ,AXIS BANK LIMITED,1252.1,1256.0,1238.0,1238.0,1238.0,1256.0,3628823,4514768137.6
2026-08-07,BNKETFAXIS,INF846K01X63,EQ,AXISAMC-BNKETFAXIS,596.22,598.76,595.27,598.24,598.76,598.76,272,162418.51
2026-08-07,CONSUMAXIS,INF846K016C7,EQ,AXISAMC-CONSUMAXIS,125.72,125.99,125.29,125.84,125.99,125.12,3390,425671.68
2026-08-07,GOLDAXIS,INF846K01W80,EQ,AXISAMC-GOLDAXIS,127.05,127.05,123.0,124.78,124.85,123.96,2320285,287801461.66
2026-08-07,HEALTHAXIS,INF846K01Z12,EQ,AXISAMC-HEALTHAXIS,171.59,171.59,169.0,169.44,169.0,169.9,2812,477647.71
2026-08-07,ITAXIS,INF846K01Y96,EQ,AXISAMC-ITAXIS,347.25,350.08,345.0,347.78,345.0,342.62,4819,1677387.5
2026-08-07,NIFTYAXIS,INF846K01W98,EQ,AXISAMC-NIFTYAXIS,272.75,273.0,267.58,268.89,268.01,272.13,3288,893761.87
2026-08-07,SENSEXAXIS,INF846K010Q0,EQ,AXISAMC-SENSEXAXIS,82.67,83.12,79.73,80.84,83.12,81.82,1933,157356.66
2026-08-07,SILVERAXIS,INF846K011K1,EQ,AXISAMC-SILVERAXIS,222.95,229.99,222.95,229.17,228.03,222.94,945306,214846831.45
2026-08-07,VALUEAXIS,INF846KA1119,EQ,AXISAMC-VALUEAXIS,33.59,33.67,33.36,33.59,33.6,33.48,151885,5076880.2
2026-08-07,AXISCADES,INE555B01013,EQ,AXISCADES TECH LTD,1631.4,1631.4,1581.1,1598.5,1595.0,1631.4,126804,202483668.9
2026-08-07,AXITA,INE02EZ01022,EQ,AXITA COTTON LIMITED,7.33,7.35,7.29,7.3,7.31,7.3,193240,1412809.1
2026-08-07,AYE,INE501X01029,EQ,AYE FINANCE LIMITED,167.0,172.15,164.0,170.47,169.12,166.55,621863,105366639.89
2026-08-07,AYMSYNTEX,INE193B01039,EQ,AYM SYNTEX LIMITED,255.25,261.95,241.4,247.95,246.3,251.65,30314,7643136.0
2026-08-07,AZAD,INE02IJ01035,EQ,AZAD ENGINEERING LIMITED,2455.0,2515.0,2455.0,2489.0,2477.6,2455.8,534729,1332941658.6
2026-08-07,BBTCL,INE01EE01011,EQ,B&B TRIPLEWALL CONT LTD,221.6,226.9,219.02,225.3,226.0,221.83,5132,1148261.42
2026-08-07,BAGFILMS,INE116D01028,EQ,B.A.G FILMS AND MEDIA LTD,4.33,4.45,4.31,4.32,4.33,4.35,76348,334234.06
2026-08-07,BLKASHYAP,INE350H01032,EQ,B.L.KASHYAP & SON LTD,55.9,57.85,55.21,55.98,55.55,55.97,749944,42534190.53
2026-08-07,STYLEBAAZA,INE01FR01028,BE,BAAZAR STYLE RETAIL LTD,314.0,320.65,312.0,320.65,320.65,305.4,583981,186820771.4
2026-08-07,BAFNAPH,INE878I01022,BE,BAFNA PHARMACEUTICALS LTD,288.95,290.2,285.0,285.0,285.0,284.55,6249,1797360.25
2026-08-07,BAHETI,INE029Q01017,SM,BAHETI RECYCLING IND LTD,773.0,773.0,755.0,769.55,770.0,763.5,17250,13227731.25
2026-08-07,BAIDFIN,INE020D01022,EQ,BAID FINSERV LIMITED,10.12,10.14,10.0,10.03,10.04,10.1,24588,247005.38
2026-08-07,BAJAJ-AUTO,INE917I01010,EQ,BAJAJ AUTO LIMITED,11580.0,11730.0,11574.0,11662.0,11662.0,11620.0,208968,2439607466.0
2026-08-07,BAJAJCON,INE933K01021,EQ,BAJAJ CONSUMER CARE LTD,532.6,545.0,532.0,537.45,534.1,532.6,393728,212579188.7
2026-08-07,BAJAJELEC,INE193E01025,EQ,BAJAJ ELECT.LTD,379.4,393.9,366.3,371.15,369.25,382.5,2177405,833941752.25
2026-08-07,BAJFINANCE,INE296A01032,EQ,BAJAJ FINANCE LIMITED,1113.0,1113.0,1074.5,1078.0,1078.0,1144.8,15614001,17023067677.2
2026-08-07,BAJAJFINSV,INE918I01026,EQ,BAJAJ FINSERV LTD.,2050.0,2050.0,1988.0,2008.9,2008.9,2086.0,2416624,4851744085.8
2026-08-07,BAJAJHCARE,INE411U01027,EQ,BAJAJ HEALTHCARE LIMITED,330.0,332.95,325.55,329.8,330.0,329.2,90950,29949027.3
2026-08-07,BAJAJHIND,INE306A01021,EQ,BAJAJ HINDUSTHAN SUGAR LT,17.46,17.8,17.44,17.57,17.58,17.53,3712581,65326951.92
2026-08-07,BAJAJHLDNG,INE118A01012,EQ,BAJAJ HOLDINGS & INVS LTD,11400.0,11428.0,11263.0,11263.0,11263.0,11387.0,25976,294574360.0
2026-08-07,BAJAJHFL,INE377Y01014,EQ,BAJAJ HOUSING FINANCE LTD,86.55,86.55,85.61,85.79,85.78,86.41,2173109,186700134.91
2026-08-07,BAJAJST,INE704G01024,EQ,BAJAJ STEEL INDS. LTD.,384.0,393.05,384.0,390.4,393.05,386.8,5789,2254360.45
2026-08-07,BAJEL,INE0KQN01018,EQ,BAJEL PROJECTS LIMITED,193.35,197.8,190.0,191.78,191.0,194.34,362679,70146215.56
2026-08-07,BALPHARMA,INE083D01012,EQ,BAL PHARMA LTD.,88.02,89.59,86.97,89.23,89.45,86.89,14255,1263373.53
2026-08-07,BALAMINES,INE050E01027,EQ,BALAJI AMINES LIMITED,2109.0,2109.0,2022.8,2029.6,2035.0,2100.8,110661,227659490.2
2026-08-07,BALAJIPHOS,INE0PQ601019,SM,BALAJI PHOSPHATES LIMITED,89.2,89.2,89.0,89.0,89.0,89.0,5000,445200.0
2026-08-07,BALAJITELE,INE794B01026,EQ,BALAJI TELEFILMS LIMITED.,85.1,86.87,84.21,85.72,85.1,85.54,61653,5257715.13
2026-08-07,BALAXI,INE618N01022,EQ,BALAXI PHARMA LTD,24.18,24.75,24.0,24.32,24.27,24.2,16200,393617.13
2026-08-07,BALKRISIND,INE787D01026,EQ,BALKRISHNA IND. LTD,2430.0,2498.8,2430.0,2466.3,2479.0,2465.7,116753,288304358.6
2026-08-07,BALKRISHNA,INE875R01011,EQ,BALKRISHNA PAPER MILLS L,17.96,17.96,17.5,17.66,17.51,17.37,4615,82074.26
2026-08-07,BALMLAWRIE,INE164A01016,EQ,BALMER LAWRIE & CO LTD,177.49,177.5,173.77,175.19,175.4,176.74,90946,15953910.36
2026-08-07,BLIL,INE525F01025,EQ,BALMER LAWRIE INVSTS. L,70.83,71.29,70.41,70.75,71.0,71.12,44327,3148300.42
2026-08-07,BALRAMCHIN,INE119A01028,EQ,BALRAMPUR CHINI MILLS LTD,635.0,637.0,624.7,633.45,635.0,629.3,394390,249153713.2
2026-08-07,BALUFORGE,INE011E01029,EQ,BALU FORGE INDUSTRIES LTD,459.9,478.9,452.75,469.05,469.95,458.45,1528723,717397383.9
2026-08-07,BANARBEADS,INE655B01011,EQ,BANARAS BEADS LTD,117.2,117.2,113.25,113.86,113.5,114.23,812,93014.56
2026-08-07,BANCOINDIA,INE213C01025,EQ,BANCO PRODUCTS (I) LTD,682.0,690.5,679.6,686.95,683.0,681.85,111014,76199423.95
2026-08-07,BANDHANBNK,INE545U01014,EQ,BANDHAN BANK LIMITED,174.66,177.2,173.52,176.02,176.02,174.66,10729624,1886623854.38
2026-08-07,GOLDBND,INF194KB1KJ7,EQ,BANDHANAMC - GOLDBND,149.26,155.17,115.17,149.45,149.85,147.78,29922,4433877.3
2026-08-07,IDFNIFTYET,INF194KA1U07,EQ,BANDHANAMC - IDFNIFTYET,279.97,279.97,270.91,272.01,273.9,275.78,4591,1247648.45
2026-08-07,SILVERBND,INF194KB1KI9,EQ,BANDHANAMC - SILVERBND,221.07,237.27,221.07,231.19,230.9,225.09,75583,17241812.95
2026-08-07,BANG,INE863I01016,EQ,BANG OVERSEAS LTD.,30.75,30.75,29.85,30.01,30.0,30.16,6393,192713.44
2026-08-07,BANKBARODA,INE028A01039,EQ,BANK OF BARODA,249.99,251.25,248.02,250.7,250.7,251.0,7479873,1868906654.68
2026-08-07,BANKINDIA,INE084A01016,EQ,BANK OF INDIA,142.95,145.14,142.0,145.0,145.0,142.66,8569425,1230344603.06
2026-08-07,MAHABANK,INE457A01014,EQ,BANK OF MAHARASHTRA,78.05,78.55,77.2,78.28,78.48,78.17,9248212,720002348.72
2026-08-07,BANKA,INE862Y01015,BE,BANKA BIOLOO LIMITED,86.01,86.79,83.0,86.31,86.5,87.22,5464,462443.54
2026-08-07,BASML,INE186H01022,BE,BANNARI AM SPIN MILL LTD.,27.25,27.5,26.77,27.04,27.01,27.1,49967,1357624.25
2026-08-07,BANARISUG,INE459A01010,EQ,BANNARI AMMAN SUGARS LTD,3510.0,3534.9,3476.2,3491.0,3491.0,3510.5,66,231617.9
2026-08-07,BANSALWIRE,INE0B9K01025,EQ,BANSAL WIRE INDUSTRIES L,333.25,340.75,331.0,332.2,331.2,331.1,284713,95075514.0
2026-08-07,BANSWRAS,INE629D01020,EQ,BANSWARA SYNTEX LIMITED,123.78,124.49,122.2,123.88,124.0,123.78,23990,2949239.32
2026-08-07,BVCL,INE139I01011,EQ,BARAK VALLEY CEM. LTD.,42.0,43.0,41.0,41.37,41.84,42.53,21859,919429.24
2026-08-07,BARFLEX,INE0QX401014,SM,BARFLEX POLYFILMS LIMITED,55.0,55.0,52.55,55.0,55.0,56.0,8000,435100.0
2026-08-07,BBNPNBETF,INF251K01TL6,EQ,BARODABNP - BBNPNBETF,58.6,58.63,58.21,58.46,58.46,58.44,709,41348.81
2026-08-07,BBNPPGOLD,INF251K01SU9,EQ,BARODABNP - BBNPPGOLD,142.95,145.0,141.05,144.3,145.0,142.95,5368,771177.4
2026-08-07,BASF,INE373A01013,EQ,BASF INDIA LTD,4008.0,4150.0,4008.0,4091.0,4089.0,4125.0,66610,272639999.0
2026-08-07,BASILIC,INE0OCC01013,SM,BASILIC FLY STUDIO LTD,197.55,198.65,190.0,191.9,191.1,194.65,10800,2085555.0
2026-08-07,BATAINDIA,INE176A01028,EQ,BATA INDIA LTD,728.1,730.0,717.75,720.5,719.95,728.1,127012,91838208.75
2026-08-07,BATLIBOI,INE177C01022,EQ,BATLIBOI LTD.,101.51,104.79,89.11,91.13,89.65,102.67,491758,47290641.28
2026-08-07,BAYERCROP,INE462A01022,EQ,BAYER CROPSCIENCE LTD,4214.9,4241.4,4167.1,4177.2,4173.1,4214.9,20370,85391564.9
2026-08-07,BCLIND,INE412G01024,EQ,BCL INDUSTRIES LIMITED,36.7,37.09,36.65,36.96,37.09,36.75,367622,13552177.38
2026-08-07,BCPL,INE00SW01015,EQ,BCPL RAILWAY INFRA LTD,70.0,70.84,68.3,69.77,69.5,70.09,6490,451150.11
2026-08-07,BEARDSELL,INE520H01022,EQ,BEARDSELL LIMITED,27.15,27.79,27.0,27.24,27.21,27.29,10809,294576.38
2026-08-07,BEDMUTHA,INE844K01012,EQ,BEDMUTHA INDUST LTD,112.8,117.95,111.6,113.01,113.0,112.41,3178,361322.54
2026-08-07,BEEKAY,INE213D01015,EQ,BEEKAY STEEL INDS. LTD.,394.9,400.0,390.0,394.0,394.0,394.45,5786,2273837.15
2026-08-07,BELLACASA,INE344T01014,EQ,BELLA CASA FASH AND RET L,240.34,243.33,236.58,241.85,242.47,240.39,7071,1693272.2
2026-08-07,BELRISE,INE894V01022,EQ,BELRISE INDUSTRIES LTD,244.61,250.0,244.0,248.21,248.05,244.61,6171893,1528466708.82
2026-08-07,BLAL,INE0N7W01012,EQ,BEML LAND ASSETS LIMITED,173.82,173.9,170.12,171.41,172.95,173.37,11451,1967879.16
2026-08-07,BEML,INE258A01024,EQ,BEML LIMITED,1729.9,1817.6,1686.4,1787.8,1795.0,1725.1,1253510,2205946603.7
2026-08-07,BENGALASM,INE083K01017,EQ,BENGAL & ASSAM CO. LTD.,6206.0,6320.5,6150.0,6178.5,6167.5,6230.5,415,2594777.5
2026-08-07,BERGEPAINT,INE463A01038,EQ,BERGER PAINTS (I) LTD,538.0,544.85,529.05,530.55,530.1,537.6,286606,152784523.75
2026-08-07,BESTAGRO,INE052T01021,EQ,BEST AGROLIFE LIMITED,20.01,20.38,19.83,20.08,20.19,20.24,1882251,37825978.42
2026-08-07,BETA,INE351Y01019,EQ,BETA DRUGS LIMITED,2539.9,2600.0,2306.0,2373.7,2394.0,2518.9,99552,239226076.4
2026-08-07,BEWLTD,INE0HQI01014,SM,BEW ENGINEERING LIMITED,55.0,55.35,51.0,55.1,54.85,55.0,43000,2294925.0
2026-08-07,BFINVEST,INE878K01010,EQ,BF INVESTMENT LIMITED,470.6,479.7,461.05,469.55,469.95,472.95,41333,19522958.9
2026-08-07,BFUTILITIE,INE243D01012,EQ,BF UTILITIES LIMITED,558.2,567.0,553.05,558.6,559.2,560.15,55519,31092438.25
2026-08-07,BANK10BETF,INF0QA701CI0,EQ,BFAM - BANK10BETF,21.15,22.3,21.0,21.01,21.5,21.29,1543,32470.6
2026-08-07,BANKBETF,INF0QA701714,EQ,BFAM - BANKBETF,58.71,59.0,58.68,58.8,58.75,58.96,9748,572848.28
2026-08-07,LIQUIDBETF,INF0QA701854,EQ,BFAM - LIQUIDBETF,1093.81,1093.83,1093.81,1093.82,1093.82,1093.38,240954,263560253.69
2026-08-07,NIFTYBETF,INF0QA701722,EQ,BFAM - NIFTYBETF,253.09,254.03,252.16,252.43,252.54,253.09,2232,564707.48
2026-08-07,BGRENERGY,INE661I01014,BE,BGR ENERGY SYSTEMS LTD,251.95,266.8,250.0,266.7,266.8,254.1,47472,12477377.15
2026-08-07,BHAGERIA,INE354C01027,BE,BHAGERIA INDUSTRIES LTD,208.9,210.4,205.0,207.43,210.4,207.07,13120,2717213.34
2026-08-07,BHAGCHEM,INE414D01027,EQ,BHAGIRADHA CHEM & INDS L,273.0,294.95,272.25,285.6,290.8,275.4,242919,69591948.55
2026-08-07,BHAGYANGR,INE458B01036,BE,BHAGYANAGAR INDIA LIMITED,381.9,399.95,377.0,393.2,393.6,382.05,102130,39721495.55
2026-08-07,BHANDARI,INE474E01029,BE,BHANDARI HOSIERY EXP LTD,2.86,2.87,2.84,2.86,2.87,2.86,81724,233754.28
2026-08-07,BEPL,INE922A01025,EQ,BHANSALI ENG. POLYMERS LT,122.1,125.8,121.11,123.57,123.3,122.42,2585719,320110323.29
2026-08-07,BBL,INE464A01036,EQ,BHARAT BIJLEE LTD,2354.9,2359.0,2310.1,2329.4,2315.0,2345.8,25853,60409632.2
2026-08-07,BHARATCOAL,INE05XR01022,EQ,BHARAT COKING COAL LTD,34.2,34.25,34.0,34.07,34.09,34.26,3243842,110593214.29
2026-08-07,BDL,INE171Z01026,EQ,BHARAT DYNAMICS LIMITED,1299.0,1311.9,1288.5,1294.0,1294.0,1299.0,872088,1133578745.9
2026-08-07,BEL,INE263A01024,EQ,BHARAT ELECTRONICS LTD,401.0,403.0,398.35,401.0,401.0,399.2,10798068,4330691819.8
2026-08-07,BHARATFORG,INE465A01025,EQ,BHARAT FORGE LTD,2209.9,2270.0,2190.4,2265.2,2265.2,2210.0,1152060,2584851409.1
2026-08-07,BHARATGEAR,INE561C01019,BE,BHARAT GEARS LTD,106.55,107.81,105.2,106.25,106.5,107.63,21916,2333660.5
2026-08-07,BPCL,INE029A01011,EQ,BHARAT PETROLEUM CORP  LT,320.9,323.55,317.1,321.0,321.0,323.7,5431740,1741301780.3
2026-08-07,BHARATRAS,INE838B01021,EQ,BHARAT RASAYAN LTD,1365.7,1385.0,1351.0,1358.2,1380.0,1375.3,5987,8163571.1
2026-08-07,BRNL,INE727S01012,EQ,BHARAT ROAD NETWORK LTD,18.05,18.05,17.52,17.79,17.85,17.62,10280,182531.37
2026-08-07,BHARATSE,INE415D01024,EQ,BHARAT SEATS LIMITED,221.99,244.0,221.2,240.89,240.34,223.47,751268,177149496.69
2026-08-07,BHARATWIRE,INE316L01019,EQ,BHARAT WIRE ROPES LTD.,206.5,208.0,198.0,201.17,201.98,205.78,230329,46566118.64
2026-08-07,BHARTIARTL,INE397D01024,EQ,BHARTI AIRTEL LIMITED,1938.3,1961.0,1938.3,1959.9,1959.9,1948.0,3019876,5895973991.9
2026-08-07,BHARTIHEXA,INE343G01021,EQ,BHARTI HEXACOM LIMITED,1520.0,1551.5,1503.8,1538.8,1516.0,1514.5,146539,225097464.8
2026-08-07,BIL,INE828A01016,EQ,BHARTIYA INTERNATIONAL,832.0,845.05,802.6,830.35,834.95,809.9,7893,6547147.2
2026-08-07,BHEL,INE257A01026,EQ,BHEL,406.95,418.7,402.2,405.2,405.2,408.15,9754089,4011363971.65
2026-08-07,BTTL,INE274K01012,BE,BHILWARA TECHNICAL TEXT L,45.53,46.4,44.01,44.2,44.2,45.53,3149,140380.72
2026-08-07,BIGBLOC,INE412U01025,EQ,BIGBLOC CONSTRUCTION LTD,46.84,47.9,46.34,46.85,46.92,46.72,25283,1189289.51
2026-08-07,BIKAJI,INE00E101023,EQ,BIKAJI FOODS INTERN LTD,619.0,629.4,619.0,623.5,623.3,624.25,124458,77627244.7
2026-08-07,BILVYAPAR,INE071A01013,BE,BIL VYAPAR LIMITED,3.9,4.09,3.8,4.08,4.08,3.9,2740,11064.7
2026-08-07,BI,INE986A01012,EQ,BILCARE LTD.,61.01,63.5,61.01,62.92,63.39,61.25,5344,332048.24
2026-08-07,GROWW,INE0HOQ01053,EQ,BILLIONBRAINS GARAGE VN L,189.94,191.63,189.41,190.5,190.6,189.04,15400597,2933026027.44
2026-08-07,BIMETAL,INE469A01019,EQ,BIMETAL BEARINGS LTD.,650.0,666.3,644.1,665.45,665.8,660.15,519,341499.0
2026-08-07,BMLL,INE1BKA01015,SM,BIO MEDICA LABORATORIES L,157.25,157.25,145.0,145.95,145.0,150.05,78000,11798150.0
2026-08-07,BIOCON,INE376G01013,EQ,BIOCON LIMITED.,430.0,436.2,425.3,426.35,426.35,436.6,5265823,2257882471.4
2026-08-07,BIOFILCHEM,INE829A01014,EQ,BIOFIL CHEM & PHARMA LTD,31.41,33.5,31.32,32.39,32.82,32.23,5402,174287.39
2026-08-07,BIOPOL,INE0XW001014,SM,BIOPOL CHEMICALS LIMITED,101.7,103.7,99.0,101.9,101.9,99.5,67200,6858300.0
2026-08-07,BIRLACABLE,INE800A01015,BE,BIRLA CABLE LIMITED,248.0,258.0,235.34,254.21,255.0,247.72,618091,152707125.57
2026-08-07,BIRLACORPN,INE340A01012,EQ,BIRLA CORPORATION LTD,910.0,917.45,899.0,914.35,915.0,909.1,51553,46817387.7
2026-08-07,BIRLAPREC,INE372E01025,EQ,BIRLA PRECISION TECH L,34.5,35.34,34.5,35.05,35.1,34.94,7809,272386.81
2026-08-07,BIRLANU,INE557A01011,EQ,BIRLANU LIMITED,1538.7,1660.0,1481.1,1641.5,1640.0,1538.7,111225,176316374.1
2026-08-07,ABGSEC,INF209KC1134,EQ,BIRLASLAMC - ABGSEC,114.89,115.2,114.31,114.31,114.31,114.89,801,91787.21
2026-08-07,ABSL10BANK,INF209KC1670,EQ,BIRLASLAMC - ABSL10BANK,171.23,174.0,169.5,170.35,172.5,171.96,129124,22109076.25
2026-08-07,ABSLBANETF,INF209KB17D5,EQ,BIRLASLAMC - ABSLBANETF,59.03,59.56,59.03,59.34,59.3,59.43,363165,21504162.61
2026-08-07,ABSLLIQUID,INF209KB18T9,EQ,BIRLASLAMC - ABSLLIQUID,999.99,1000.01,999.99,1000.0,999.99,999.99,3869,3869003.14
2026-08-07,ABSLMSCIN,INF209KC1662,EQ,BIRLASLAMC - ABSLMSCIN,30.37,30.7,30.0,30.44,30.7,30.22,608,18327.56
2026-08-07,ABSLNN50ET,INF209KB16D7,EQ,BIRLASLAMC - ABSLNN50ET,80.33,80.33,77.28,78.45,78.45,78.38,9608,754879.87
2026-08-07,BSLSENETFG,INF209KB10E8,EQ,BIRLASLAMC - BSLSENETFG,80.97,80.97,78.33,79.16,80.0,79.54,2112,167510.11
2026-08-07,HEALTHY,INF209KB10C2,EQ,BIRLASLAMC - HEALTHY,17.17,17.39,17.12,17.24,17.25,17.17,204241,3513768.49
2026-08-07,MOMENTUM,INF209KB14K7,EQ,BIRLASLAMC - MOMENTUM,30.97,31.48,30.97,31.42,31.12,30.64,154700,4844816.93
2026-08-07,NIFTYQLITY,INF209KB15K4,EQ,BIRLASLAMC - NIFTYQLITY,21.15,22.08,20.98,22.01,22.05,21.79,85230,1873630.08
2026-08-07,SILVER,INF209KB19F6,EQ,BIRLASLAMC - SILVER,223.96,230.66,223.96,230.03,229.67,223.95,1587528,361888277.74
2026-08-07,TECH,INF209KB11D8,EQ,BIRLASLAMC - TECH,34.73,34.84,33.88,34.69,34.78,34.05,55584,1925455.43
2026-08-07,ABSLPSE,INF209KB19Z4,EQ,BIRLASLAMC-ABSLPSE,10.41,10.41,10.28,10.34,10.39,10.34,79832,824334.1
2026-08-07,BSOFT,INE836A01035,EQ,BIRLASOFT LIMITED,318.25,323.5,316.4,318.5,318.0,318.25,798934,254938735.15
2026-08-07,BBOX,INE676A01027,EQ,BLACK BOX LIMITED,741.35,748.45,735.05,744.45,747.0,741.7,180270,133734213.3
2026-08-07,BLACKROSE,INE761G01016,BE,BLACK ROSE INDS. LTD.,114.42,116.89,111.05,112.93,113.5,114.42,13496,1544152.86
2026-08-07,BLACKBUCK,INE0UIZ01018,EQ,BLACKBUCK LIMITED,555.1,582.5,553.7,577.65,570.0,557.55,406614,232625418.5
2026-08-07,BLBLIMITED,INE791A01024,EQ,BLB LIMITED,16.06,16.39,15.9,15.95,16.0,16.06,39285,630108.46
2026-08-07,BLISSGVS,INE416D01022,BE,BLISS GVS PHARMA LTD,483.1,504.95,471.35,477.55,478.5,493.65,207930,100789649.95
2026-08-07,BLSE,INE0NLT01010,EQ,BLS E-SERVICES LIMITED,306.45,314.5,301.8,310.55,310.2,317.65,843221,260262078.85
2026-08-07,BLS,INE153T01027,EQ,BLS INTL SERVS LTD,252.7,257.73,250.8,254.33,253.85,253.98,1226171,312650980.88
2026-08-07,BLUECHIP,INE657B01025,BE,BLUE CHIP INDIA LIMITED,1.67,1.71,1.65,1.66,1.69,1.68,33800,56603.34
2026-08-07,BLUECOAST,INE472B01011,BE,BLUE COAST HOTELS LIMITED,26.69,26.69,24.22,25.06,25.06,25.49,754,19106.41
2026-08-07,BLUEDART,INE233B01017,EQ,BLUE DART EXPRESS LTD,5115.0,5144.0,5013.5,5089.5,5046.0,5112.5,28915,147546018.0
2026-08-07,BLUEJET,INE0KBH01020,EQ,BLUE JET HEALTHCARE LTD,587.9,599.45,583.1,593.9,592.0,587.9,517530,306887562.3
2026-08-07,BLUEPEBBLE,INE0SAK01011,SM,BLUE PEBBLE LIMITED,70.0,76.5,70.0,76.5,76.5,73.0,6400,472600.0
2026-08-07,BLUESTARCO,INE472A01039,EQ,BLUE STAR LIMITED,1563.8,1595.0,1497.0,1514.0,1514.0,1571.0,2392270,3649181029.1
2026-08-07,BLUESTONE,INE304W01038,EQ,BLUESTONE JEWEL LFSTL LTD,819.0,839.45,804.6,814.5,814.0,824.4,4359307,3596485429.35
2026-08-07,BLUSPRING,INE0U4101014,EQ,BLUSPRING ENTERPRISES LTD,116.46,121.0,111.0,112.23,111.4,115.59,414955,48276786.13
2026-08-07,BMWVENTLTD,INE965W01036,EQ,BMW VENTURES LIMITED,60.11,61.0,59.0,59.3,59.0,60.75,93041,5574967.03
2026-08-07,BNAGROCHEM,INE00HZ01011,BE,BN AGROCHEM LTD.,265.4,270.0,265.05,265.05,265.05,273.0,38214,10316788.0
2026-08-07,BODALCHEM,INE338D01028,BE,BODAL CHEMICALS LTD,71.5,71.5,67.87,68.98,68.7,71.44,357804,24644412.87
2026-08-07,BTML,INE0EEJ01023,EQ,BODHI TREE MULTIMEDIA LTD,7.29,8.39,7.28,8.01,8.0,7.2,4101467,32915043.46
2026-08-07,BOHRAIND,INE802W01023,EQ,BOHRA INDUSTRIES LIMITED,13.52,14.38,13.45,13.85,13.63,14.94,49048,673774.25
2026-08-07,BBTC,INE050A01025,EQ,BOMBAY BURMAH TRADING COR,1501.0,1522.1,1490.0,1504.1,1502.1,1498.0,42820,64577171.1
2026-08-07,BOMDYEING,INE032A01023,EQ,BOMBAY DYEING & MFG. CO L,120.49,122.65,119.12,120.23,120.45,120.48,492747,59504074.24
2026-08-07,BSHSL,INE032Z01020,BE,BOMBAY SUPER HYBRID SEEDS,86.67,91.0,86.5,91.0,91.0,86.67,25612,2306767.88
2026-08-07,BONLON,INE0B9A01018,EQ,BONLON INDUSTRIES LIMITED,42.66,43.0,41.5,42.2,42.49,42.66,3471,146209.95
2026-08-07,BORANA,INE16SF01016,EQ,BORANA WEAVES LIMITED,346.35,346.9,336.05,339.6,340.0,344.6,45615,15561126.05
2026-08-07,BOROLTD,INE02PY01013,EQ,BOROSIL LIMITED,247.6,247.6,241.1,244.21,241.99,247.99,49501,12102776.57
2026-08-07,BORORENEW,INE666D01022,EQ,BOROSIL RENEWABLES LTD,556.55,560.0,546.0,548.65,548.5,556.8,328727,181096988.85
2026-08-07,BOROSCI,INE02L001032,EQ,BOROSIL SCIENTIFIC LTD,140.0,143.95,138.7,141.85,143.5,138.92,105953,15001094.93
2026-08-07,BOSCH-HCIL,INE782A01015,EQ,BOSCH HOME COMFRT IND LTD,1645.2,1708.8,1625.0,1682.4,1651.1,1645.2,138636,232137365.6
2026-08-07,BOSCHLTD,INE323A01026,EQ,BOSCH LIMITED,42350.0,42950.0,42000.0,42950.0,42950.0,42000.0,28216,1197407435.0
2026-08-07,BOSS,INE0QNI01012,SM,BOSS PACKAGING SOLU LTD,45.8,45.8,45.7,45.7,45.7,43.8,4000,183000.0
2026-08-07,BPL,INE110A01019,EQ,BPL LTD,53.42,54.1,53.13,53.56,53.37,53.42,24305,1304381.28
2026-08-07,BRACEPORT,INE0R4Z01018,SM,BRACE PORT LOGISTICS LTD,70.0,73.95,70.0,71.95,73.95,71.05,3200,230320.0
2026-08-07,FIRSTCRY,INE02RE01045,EQ,BRAINBEES SOLUTIONS LTD,213.89,215.63,212.31,214.2,214.0,213.89,441705,94652007.51
2026-08-07,BCONCEPTS,INE977Y01011,EQ,BRAND CONCEPTS LIMITED,185.0,185.0,172.0,173.82,174.1,177.36,12681,2225234.0
2026-08-07,BRANDMAN,INE0XUD01014,SM,BRANDMAN RETAIL LIMITED,177.0,180.0,177.0,178.0,178.0,176.9,5600,1001120.0
2026-08-07,BRIGADE,INE791I01019,EQ,BRIGADE ENTER. LTD,568.8,585.8,568.35,581.95,582.0,571.95,449734,261096752.1
2026-08-07,BRIGHOTEL,INE03NU01014,EQ,BRIGADE HOTEL VENTURE LTD,61.75,62.09,60.0,60.28,60.12,61.74,126354,7647621.01
2026-08-07,BCG,INE425B01027,EQ,BRIGHTCOM GROUP LIMITED,9.22,9.41,9.22,9.3,9.33,9.24,3636322,33838750.1
2026-08-07,BRITANNIA,INE216A01030,EQ,BRITANNIA INDUSTRIES LTD,5502.5,5660.0,5500.0,5510.0,5510.0,5404.0,1342849,7505400441.0
2026-08-07,BROOKS,INE650L01011,BE,BROOKS LAB LIMITED,59.3,60.06,59.26,60.01,60.0,60.05,14886,891732.79
2026-08-07,BSE,INE118H01025,EQ,BSE LIMITED,3435.0,3529.0,3415.5,3457.1,3457.1,3435.0,3722055,12902959287.0
2026-08-07,BSL,INE594B01012,EQ,BSL LTD,123.92,126.0,123.0,123.53,123.0,123.92,2686,332494.67
2026-08-07,BUTTERFLY,INE295F01017,EQ,BTRFLY GANDHI APPL LTD,681.6,689.95,676.1,681.75,681.0,681.65,16555,11308946.9
2026-08-07,BULKCORP,INE0SZ301012,SM,BULKCORP INTERNATIONAL L,66.15,66.65,66.15,66.45,66.65,63.5,6000,398700.0
2026-08-07,CKKRETAIL,INE0SMX01019,SM,C K K RETAIL MART LIMITED,148.0,148.0,148.0,148.0,148.0,145.0,800,118400.0
2026-08-07,CPS,INE0QBU01012,SM,C P S SHAPERS LIMITED,1055.0,1055.0,1021.25,1040.0,1040.0,1075.0,4950,5140590.0
2026-08-07,MAPMYINDIA,INE0BV301023,EQ,C.E. INFO SYSTEMS LIMITED,1075.0,1075.0,1010.2,1014.3,1016.7,1070.7,278174,287614221.4
2026-08-07,C2C,INE0U7V01015,SM,C2C ADVANCED SYSTEMS LTD,268.95,268.95,257.2,261.15,261.8,266.4,95850,25050997.5
2026-08-07,CMLL,INE11XY01018,EQ,CALIBER MINING AND LOG L,579.0,614.75,577.0,599.45,595.05,579.95,2748533,1651797065.15
2026-08-07,CALSOFT,INE526B01014,BE,CALIFORNIA SOFTWARE CO LT,21.72,22.1,21.5,22.01,22.0,21.72,46849,1027372.11
2026-08-07,CTE,INE627H01017,EQ,CAMBRIDGE TECH ENTER LTD,37.97,39.4,37.22,37.66,37.46,37.97,7498,285571.57
2026-08-07,CAMLINFINE,INE052I01032,EQ,CAMLIN FINE SCIENCES LTD,127.83,129.32,126.15,126.58,126.4,127.83,301868,38370805.55
2026-08-07,CAMPUS,INE278Y01022,EQ,CAMPUS ACTIVEWEAR LIMITED,218.0,225.0,218.0,224.37,224.0,219.0,851537,189318372.72
2026-08-07,CANFINHOME,INE477A01020,EQ,CAN FIN HOMES LTD,808.25,814.5,804.95,811.3,810.0,808.25,114033,92393496.55
2026-08-07,CANBK,INE476A01022,EQ,CANARA BANK,130.98,132.48,130.43,131.95,131.95,131.7,22576580,2972900756.64
2026-08-07,CANHLIFE,INE01TY01017,EQ,CANARA HSBC LIFE INS CO L,149.01,152.86,147.65,152.19,151.94,150.55,916319,137228774.04
2026-08-07,CRAMC,INE218I01013,EQ,CANARA ROBECO AMC LIMITED,261.35,263.3,260.45,262.1,262.75,263.05,176049,46108704.15
2026-08-07,CANARYS,INE0QG301017,SM,CANARYS AUTOMATIONS LTD,23.35,24.25,23.35,23.7,23.7,23.25,48000,1141400.0
2026-08-07,CANTABIL,INE068L01024,EQ,CANTABIL RETAIL LTD,228.0,235.01,225.13,227.69,227.85,228.1,209361,48026315.96
2026-08-07,CAPACITE,INE264T01014,EQ,CAPACITE INFRAPROJECT LTD,225.0,227.5,212.0,212.59,212.4,225.92,1443931,312144284.45
2026-08-07,CAPILLARY,INE0ILV01024,EQ,CAPILLARY TECHNO INDIA L,570.0,576.95,551.0,560.55,551.0,580.6,211935,119650853.15
2026-08-07,CIFL,INE345H01024,EQ,CAPITAL INDIA FINANCE LTD,21.14,22.89,21.14,21.88,21.98,21.55,161769,3539187.67
2026-08-07,CAPITALSFB,INE646H01017,EQ,CAPITAL SMALL FIN BANK L,298.8,298.8,294.8,296.2,295.8,295.85,20503,6090210.95
2026-08-07,CAPTRUST,INE707C01018,BE,CAPITAL TRUST LIMITED,17.81,19.36,17.52,19.36,19.36,18.44,54147,1019033.05
2026-08-07,CAPLIPOINT,INE475E01026,EQ,CAPLIN POINT LAB LTD.,2580.0,2597.6,2556.7,2574.1,2574.9,2585.8,44432,114356600.3
2026-08-07,CGCL,INE180C01042,EQ,CAPRI GLOBAL CAPITAL LTD,239.82,240.84,228.61,230.25,231.0,241.07,2784996,652451998.89
2026-08-07,CPL,INE536P01021,EQ,CAPTAIN POLYPLAST LIMITED,72.89,72.99,71.0,71.3,71.01,72.2,15488,1110386.07
2026-08-07,CARBORUNIV,INE120A01034,EQ,CARBORUNDUM UNIVERSAL LTD,1079.0,1114.8,1059.1,1097.0,1114.8,1069.1,521265,565444594.4
2026-08-07,CARERATING,INE752H01013,EQ,CARE RATINGS LIMITED,1730.3,1774.9,1711.2,1749.2,1757.5,1730.1,55712,97762656.3
2026-08-07,CPEDU,INE0P6P01016,EQ,CAREER POINT EDUTECH LTD,212.52,212.94,209.6,212.09,212.35,212.82,4950,1044958.0
2026-08-07,CARRARO,INE0V7W01012,EQ,CARRARO INDIA LIMITED,532.05,535.0,498.45,502.05,501.0,542.15,634337,323643882.45
2026-08-07,CARTRADE,INE290S01011,EQ,CARTRADE TECH LIMITED,2760.0,2808.0,2738.0,2793.0,2789.0,2788.4,219164,611382016.1
2026-08-07,CARYSIL,INE482D01024,EQ,CARYSIL LIMITED,1215.0,1223.9,1178.0,1183.9,1188.2,1213.9,53656,64166005.5
2026-08-07,CASTROLIND,INE172A01027,EQ,CASTROL INDIA LIMITED,194.0,194.5,190.9,192.08,192.11,194.17,3122432,602624706.55
2026-08-07,CCL,INE421D01022,EQ,CCL PRODUCTS (I) LTD,1124.7,1139.8,1124.7,1130.0,1128.0,1131.2,93640,105826005.0
2026-08-07,CEATLTD,INE482A01020,EQ,CEAT LIMITED,3725.1,3768.5,3675.3,3723.1,3700.0,3755.4,54517,203372006.3
2026-08-07,CEIGALL,INE0AG901020,EQ,CEIGALL INDIA LIMITED,333.0,336.7,329.4,333.35,335.0,331.9,197443,65683559.65
2026-08-07,CEINSYS,INE016Q01014,EQ,CEINSYS TECH LIMITED,843.0,857.6,835.8,842.15,840.0,844.5,18771,15902722.75
2026-08-07,CELEBRITY,INE185H01016,EQ,CELEBRITY FASHIONS LTD,7.28,7.28,6.91,6.99,7.07,6.98,8931,62896.27
2026-08-07,CELLPOINT,INE0O0001013,SM,CELL POINT (INDIA) LTD,16.5,16.5,16.1,16.15,16.1,18.0,8400,136260.0
2026-08-07,CELLO,INE0LMW01024,EQ,CELLO WORLD LIMITED,379.15,381.55,370.4,373.15,374.0,379.25,825377,309961195.2
2026-08-07,CEMPRO,INE686A01026,EQ,CEMINDIA PROJECTS LIMITED,1234.1,1255.8,1183.6,1208.1,1206.0,1245.8,838985,1012571957.4
2026-08-07,CENTRALBK,INE483A01010,EQ,CENTRAL BANK OF INDIA,31.4,31.51,31.26,31.36,31.37,31.51,3574624,112143363.26
2026-08-07,CDSL,INE736A01011,EQ,CENTRAL DEPO SER (I) LTD,1331.0,1334.4,1324.1,1328.0,1328.0,1331.0,571095,758502052.7
2026-08-07,CMPDI,INE05HV01027,EQ,CENTRAL MINE P N D INST L,243.0,255.0,241.6,250.14,249.0,244.18,2643553,661909831.09
2026-08-07,CENTRUM,INE660C01027,EQ,CENTRUM CAPITAL LIMITED,24.8,25.75,24.26,25.13,24.9,24.65,707291,17705059.25
2026-08-07,CENTUM,INE320B01020,EQ,CENTUM ELECTRONICS LTD,3741.6,3864.0,3741.6,3851.8,3863.9,3790.3,24929,95581866.7
2026-08-07,CENTENKA,INE485A01015,EQ,CENTURY ENKA LTD,604.0,623.95,604.0,610.25,608.05,602.7,85813,52729530.15
2026-08-07,CENTEXT,INE281A01026,EQ,CENTURY EXTRUSIONS LTD,22.71,23.15,22.5,23.0,23.1,22.72,134448,3068224.82
2026-08-07,CENTURYPLY,INE348B01021,EQ,CENTURY PLYBOARDS (I) LTD,785.95,789.0,768.1,781.95,777.1,783.75,36025,28001664.4
2026-08-07,CERA,INE739E01017,EQ,CERA SANITARYWARE LTD,6300.0,6348.0,5962.0,6062.0,6049.0,6324.5,59295,359313244.5
2026-08-07,CESC,INE486A01021,EQ,CESC LTD,162.77,165.38,162.29,163.94,163.9,162.48,1298919,212485386.92
2026-08-07,CGPOWER,INE067A01029,EQ,CG POWER AND IND SOL LTD,875.0,880.7,870.0,879.0,879.0,876.0,1523373,1334016113.65
2026-08-07,CHALET,INE427F01016,EQ,CHALET HOTELS LIMITED,860.0,861.2,851.05,859.7,860.0,863.1,51018,43668118.75
2026-08-07,CLSEL,INE419D01026,EQ,CHAMAN LAL SETIA EXP LTD,296.0,296.0,274.15,278.1,274.6,294.15,224173,63327107.35
2026-08-07,CMNL,INE06PV01010,SM,CHAMAN METALLICS LIMITED,97.0,97.0,94.0,96.95,96.95,97.25,7500,717787.5
2026-08-07,CHAMBLFERT,INE085A01013,EQ,CHAMBAL FERTILIZERS LTD,459.75,461.6,449.8,450.7,451.5,459.75,300321,136200847.05
2026-08-07,CHAMUNDA,INE11HG01018,SM,CHAMUNDA ELECTRICAL LTD,43.25,43.45,43.25,43.45,43.45,43.0,6000,260100.0
2026-08-07,CHANDAN,INE0B2N01016,SM,CHANDAN HEALTHCARE LTD,238.15,240.0,225.0,231.1,231.45,240.75,179200,41423200.0
2026-08-07,CHAVDA,INE0PT101017,SM,CHAVDA INFRA LIMITED,132.8,147.5,132.7,140.75,140.6,133.45,645000,89822750.0
2026-08-07,CHEMBONDCH,INE0TGX01019,BE,CHEMBOND CHEMICAL LIMITED,234.08,243.35,231.77,237.42,239.0,231.77,44693,10816068.7
2026-08-07,CHEMBOND,INE995D01025,BE,CHEMBOND MATERIALTECH LTD,177.99,179.0,175.0,177.06,177.5,178.8,2458,438291.85
2026-08-07,CHEMCON,INE03YM01018,BE,CHEMCON SPECIAL CHEM LTD,188.6,192.95,188.6,190.05,191.9,192.62,21112,4022392.79
2026-08-07,CHEMFAB,INE783X01023,BE,CHEMFAB ALKALIS LIMITED,365.2,374.4,358.0,369.0,369.0,367.0,1899,687382.2
2026-08-07,CHEMPLASTS,INE488A01050,EQ,CHEMPLAST SANMAR LIMITED,193.0,194.0,182.6,183.61,184.67,194.61,1273804,239067668.64
2026-08-07,CHENNPETRO,INE178A01016,EQ,CHENNAI PETROLEUM CORP LT,1235.9,1285.8,1220.3,1275.4,1275.8,1292.3,1468654,1863073112.7
2026-08-07,CHEVIOT,INE974B01016,EQ,CHEVIOT COMPANY LIMITED,1175.1,1186.2,1156.0,1165.6,1162.1,1179.4,2676,3141289.9
2026-08-07,CHOICEIN,INE102B01014,EQ,CHOICE INTERNATIONAL LTD,832.0,843.95,831.0,841.15,841.0,833.2,694855,583502094.6
2026-08-07,CHOICEGOLD,INF2KCX01012,EQ,CHOICEAMC - CHOICEGOLD,148.0,148.1,144.84,147.82,148.1,146.76,15057,2221344.57
2026-08-07,CHOLAHLDNG,INE149A01033,EQ,CHOLAMANDALAM FIN HOL LTD,1655.8,1658.0,1617.8,1628.0,1630.4,1648.0,164486,268445267.5
2026-08-07,CHOLAFIN,INE121A01024,EQ,CHOLAMANDALAM IN & FIN CO,1913.9,1922.0,1862.8,1866.2,1866.2,1940.0,1617860,3051302157.5
2026-08-07,CIEINDIA,INE536H01010,EQ,CIE AUTOMOTIVE INDIA LTD,411.05,414.95,408.0,410.5,410.5,410.3,325465,133924338.15
2026-08-07,CINELINE,INE704H01022,EQ,CINELINE INDIA LIMITED,91.8,91.99,90.0,90.83,90.5,90.07,8016,728331.56
2026-08-07,CINEVISTA,INE039B01026,EQ,CINEVISTA LIMITED,14.74,15.08,14.57,14.7,14.8,14.81,24051,353667.64
2026-08-07,CIPLA,INE059A01026,EQ,CIPLA LTD,1477.0,1477.0,1462.1,1463.8,1463.8,1477.0,765193,1123150573.9
2026-08-07,CUB,INE491A01021,EQ,CITY UNION BANK LTD,209.0,215.0,207.49,212.0,212.75,208.39,3440800,728564093.48
2026-08-07,CLEDUCATE,INE201M01029,BE,CL EDUCATE LIMITED,59.87,60.0,58.55,58.7,58.71,59.77,3355,198175.56
2026-08-07,CLAYCRAFT,INE1QGM01024,SM,CLAY CRAFT INDIA LIMITED,180.0,180.0,174.5,175.05,175.0,182.35,33600,6010200.0
2026-08-07,CLCIND,INE376C01038,BE,CLC INDUSTRIES LIMITED,52.89,58.24,52.89,56.43,58.1,55.67,64493,3411634.23
2026-08-07,CLEANMAX,INE647U01026,EQ,CLEAN MAX ENVIRO EN SOL L,1351.0,1355.0,1318.3,1323.8,1322.0,1357.8,137553,183075354.4
2026-08-07,CLEAN,INE227W01023,EQ,CLEAN SCIENCE & TECH LTD,777.0,803.0,769.45,795.15,796.9,771.65,984867,777127336.7
2026-08-07,CSSL,INE1EF801010,SM,CLEAR SECURED SERVICES L,104.0,104.0,102.0,102.0,102.0,104.0,3000,309000.0
2026-08-07,CMRGREEN,INE00WV01027,EQ,CMR GREEN TECHNOLOGIES L,232.62,233.46,224.31,225.6,225.95,231.47,495313,112943245.93
2026-08-07,CMSINFO,INE925R01014,EQ,CMS INFO SYSTEMS LIMITED,279.0,279.0,272.0,273.15,273.1,277.55,208497,57333568.75
2026-08-07,COALINDIA,INE522F01014,EQ,COAL INDIA LTD,415.0,415.25,412.5,415.25,415.25,415.6,3493763,1444191436.5
2026-08-07,COASTCORP,INE377E01024,EQ,COASTAL CORPORATION LTD,44.52,44.99,37.02,43.33,43.79,45.03,731781,29918752.44
2026-08-07,COCHINSHIP,INE704P01025,EQ,COCHIN SHIPYARD LIMITED,1490.0,1524.7,1482.6,1519.7,1519.7,1490.0,2274374,3433370244.7
2026-08-07,COFFEEDAY,INE335K01011,BE,COFFEE DAY ENTERPRISE LTD,32.4,32.4,32.4,32.4,32.4,34.1,176920,5732208.0
2026-08-07,COFORGE,INE591G01025,EQ,COFORGE LIMITED,1772.8,1809.0,1765.5,1776.0,1776.0,1772.8,2666057,4767459846.8
2026-08-07,COHANCE,INE03QK01018,EQ,COHANCE LIFESCIENCES LTD,436.0,449.2,432.85,445.75,446.05,438.9,1985052,876896956.9
2026-08-07,COLPAL,INE259A01022,EQ,COLGATE PALMOLIVE LTD.,2026.0,2037.5,2009.2,2030.0,2030.0,2028.4,222982,451172171.5
2026-08-07,COMFINTE,INE819A01049,EQ,COMFORT INTECH LTD.,6.7,6.87,6.53,6.61,6.64,6.72,150786,1008589.29
2026-08-07,COMSYN,INE073V01015,EQ,COMMERCIAL SYN BAGS LTD,208.94,227.0,204.49,224.83,225.0,209.58,1308178,285431622.78
2026-08-07,COMPUSOFT,INE453B01029,EQ,COMPUCOM SOFTWARE LTD,13.04,13.3,12.9,13.14,13.19,13.08,49522,649698.16
2026-08-07,CAMS,INE596I01020,EQ,COMPUTER AGE MNGT SER LTD,801.0,801.05,778.05,787.5,787.5,799.45,1011683,793621465.4
2026-08-07,CONCORDBIO,INE338H01029,EQ,CONCORD BIOTECH LIMITED,1374.7,1390.9,1356.4,1365.0,1365.0,1374.7,68791,94318523.8
2026-08-07,CEWATER,INE037Z01029,EQ,CONCORD ENVIRO SYSTEMS L,279.7,283.85,274.2,275.95,274.2,276.65,75902,21092439.15
2026-08-07,CONFIPET,INE552D01024,EQ,CONFIDENCE PETRO IND LTD.,79.9,81.5,79.61,81.28,81.2,79.39,1311439,105817960.48
2026-08-07,CONNPLEX,INE0EAS01014,SM,CONNPLEX CINEMAS LIMITED,201.05,203.65,199.0,203.6,203.6,204.4,14400,2894800.0
2026-08-07,CCCL,INE429I01024,EQ,CONS. CONST. CONSORT LTD,15.4,15.99,15.3,15.35,15.36,15.6,144968,2239372.25
2026-08-07,CONSOFINVT,INE025A01027,BE,CONSO. FIN. & HOLD. LTD.,309.75,309.75,292.0,296.25,295.0,300.3,2719,807683.4
2026-08-07,CONCOR,INE111A01025,EQ,CONTAINER CORP OF IND LTD,510.15,513.9,505.2,505.2,505.2,512.0,892002,453951909.55
2026-08-07,CONTI,INE340Z01019,SM,CONTINENTAL SEED CHEM LTD,11.6,11.6,11.6,11.6,11.6,11.6,3333,38662.8
2026-08-07,CONTROLPR,INE663B01015,EQ,CONTROL PRINT LIMITED,562.15,580.0,562.15,579.2,579.95,562.15,19716,11315853.0
2026-08-07,CORALFINAC,INE558D01021,EQ,CORAL INDIA FIN & HOUS LT,33.07,34.5,32.5,32.82,33.33,33.48,71492,2413429.82
2026-08-07,CORDSCABLE,INE792I01017,BE,CORDS CABLE INDUS LTD.,224.0,224.0,218.02,218.63,220.94,222.46,10865,2404996.3
2026-08-07,COROMANDEL,INE169A01031,EQ,COROMANDEL INTERNTL. LTD,2073.4,2088.7,2056.1,2069.3,2068.0,2083.1,115784,239678567.5
2026-08-07,CORONA,INE02ZQ01018,EQ,CORONA REMEDIES LIMITED,2045.5,2089.6,2045.2,2058.8,2046.0,2045.5,23272,48001861.6
2026-08-07,COSMOFIRST,INE757A01017,EQ,COSMO FIRST LIMITED,884.0,937.35,872.1,892.5,891.0,871.95,687554,625530842.35
2026-08-07,CCHHL,INE652F01027,EQ,COUNTRY CLUB HOSP HOL LTD,12.72,13.4,12.61,12.69,12.73,12.78,33359,427351.03
2026-08-07,COUNCODOS,INE695B01025,EQ,COUNTRY CONDO S LIMITED,6.33,6.35,6.14,6.19,6.2,6.22,33953,211878.25
2026-08-07,CPCAP,INE521J01018,BE,CP CAPITAL LIMITED,113.9,117.0,109.0,116.13,116.15,112.95,49503,5661578.45
2026-08-07,CPSEETF,INF457M01133,EQ,CPSE ETF,94.3,95.79,93.85,94.27,94.48,94.21,880048,82988311.12
2026-08-07,CRAFTSMAN,INE00LO01017,EQ,CRAFTSMAN AUTOMATION LTD,10540.0,10762.0,10316.0,10483.0,10399.0,10555.0,37554,398096431.0
2026-08-07,CRAYONS,INE0OFK01019,SM,CRAYONS ADVERTISING LTD,26.15,27.2,26.1,27.2,27.2,27.2,5000,132100.0
2026-08-07,CREATIVEYE,INE230B01021,EQ,CREATIVE EYE LIMITED,6.49,6.49,6.02,6.27,6.33,6.27,1440,9010.58
2026-08-07,CGRAPHICS,INE0R7401011,SM,CREATIVE GRAPHICS S IND L,142.1,154.4,139.0,150.0,147.2,142.25,285600,41295440.0
2026-08-07,CNL,INE985W01018,EQ,CREATIVE NEWTECH LIMITED,1127.0,1139.8,1092.05,1116.85,1120.8,1089.45,83171,93009395.35
2026-08-07,CREDITACC,INE741K01010,EQ,CREDITACCESS GRAMEEN LTD,1547.0,1547.9,1515.0,1523.6,1529.0,1547.0,224874,343029309.0
2026-08-07,MUFTI,INE220Q01020,EQ,CREDO BRANDS MARKETING L,87.5,88.0,84.34,86.02,85.81,87.44,65115,5611298.79
2026-08-07,CREST,INE559D01011,EQ,CREST VENTURES LIMITED,378.25,380.8,374.35,377.0,377.0,378.9,396,149250.25
2026-08-07,CRISIL,INE007A01025,EQ,CRISIL LTD,4552.5,4617.7,4485.0,4607.0,4603.7,4550.6,87549,400303028.5
2026-08-07,CRIZAC,INE0S4R01014,EQ,CRIZAC LIMITED,186.0,189.79,184.0,187.98,188.5,185.12,302264,56549495.17
2026-08-07,CROMPTON,INE299U01018,EQ,CROMPT GREA CON ELEC LTD,270.0,270.0,248.3,249.95,249.95,270.0,22616837,5711730199.35
2026-08-07,CLSL,INE00NH01017,SM,CROP LIFE SCIENCE LIMITED,68.0,70.0,68.0,69.0,68.0,68.0,34000,2347000.0
2026-08-07,CROWN,INE491V01019,EQ,CROWN LIFTERS LIMITED,114.0,114.0,110.65,111.81,112.1,113.98,9073,1013017.98
2026-08-07,CSBBANK,INE679A01013,EQ,CSB BANK LIMITED,324.0,325.8,315.25,316.95,317.95,323.95,473828,151364158.2
2026-08-07,CSLFINANCE,INE718F01018,EQ,CSL FINANCE LIMITED,213.14,217.99,212.0,216.77,217.4,213.04,11465,2476293.82
2026-08-07,CSM,INE0ZK601013,EQ,CSM TECHNOLOGIES LIMITED,102.58,103.64,101.0,102.12,102.2,102.58,238195,24331432.64
2026-08-07,CUBEXTUB,INE144D01012,EQ,CUBEX TUBINGS LTD,81.5,82.2,79.5,80.07,80.0,80.05,26745,2157401.87
2026-08-07,CUMMINSIND,INE298A01020,EQ,CUMMINS INDIA LTD,5405.0,5474.5,5348.5,5426.0,5426.0,5402.0,262771,1425581860.5
2026-08-07,CUPID,INE509F01029,EQ,CUPID LIMITED,264.0,267.0,239.28,262.13,262.94,262.61,46030388,11882281528.84
2026-08-07,CURAA,INE117B01020,EQ,CURA TECHNOLOGIES LIMITED,77.0,77.0,72.5,72.92,73.0,75.1,307,22537.97
2026-08-07,CYBERMEDIA,INE278G01037,BE,CYBER MEDIA (INDIA) LTD.,16.0,17.0,15.62,16.01,16.01,16.2,10277,164187.15
2026-08-07,CMRSL,INE075Z01011,SM,CYBER MEDIA RES & SER LTD,62.95,63.4,62.95,63.4,63.4,60.4,4000,253240.0
2026-08-07,CYBERTECH,INE214A01019,BE,CYBERTECH SYSTEMS & SOFTW,137.02,139.8,137.02,138.24,139.0,137.49,12189,1682465.15
2026-08-07,CYIENTDLM,INE055S01018,EQ,CYIENT DLM LIMITED,659.05,694.95,658.95,685.55,684.5,662.5,839379,571260641.0
2026-08-07,CYIENT,INE136B01020,EQ,CYIENT LIMITED,854.9,863.65,852.1,857.5,857.95,854.9,355030,304395503.3
2026-08-07,DPWIRES,INE864X01013,BE,D P WIRES LIMITED,169.0,169.0,163.8,167.03,167.48,166.43,3408,567490.78
2026-08-07,DLINKINDIA,INE250K01012,EQ,D-LINK INDIA LTD,443.0,446.9,438.0,444.95,445.0,443.3,91651,40485336.7
2026-08-07,DPABHUSHAN,INE266Y01019,EQ,D. P. ABHUSHAN LIMITED,1465.6,1465.6,1435.0,1443.4,1435.0,1458.8,15348,22153085.7
2026-08-07,DBCORP,INE950I01011,EQ,D.B.CORP LTD,211.18,213.0,209.57,210.41,210.75,210.65,75660,15973576.8
2026-08-07,DABUR,INE016A01026,EQ,DABUR INDIA LTD,410.95,413.45,408.5,410.0,410.0,411.3,1749544,718334254.9
2026-08-07,DAICHI,INE928C01010,BE,DAI-ICHI KARKARIA LTD.,323.0,326.0,313.0,323.8,324.9,322.2,3397,1085521.6
2026-08-07,DALBHARAT,INE00R701025,EQ,DALMIA BHARAT LIMITED,1828.4,1832.1,1794.0,1827.4,1827.4,1822.5,103018,187484665.7
2026-08-07,DALMIASUG,INE495A01022,EQ,DALMIA BHARAT SUG IN LTD,397.95,412.0,396.1,404.4,404.55,395.8,304629,122624745.15
2026-08-07,DAMCAPITAL,INE284H01025,EQ,DAM CAPITAL ADVISORS LTD,154.44,155.0,151.22,152.02,152.0,154.44,207769,31671336.1
2026-08-07,DAMODARIND,INE497D01022,BE,DAMODAR INDUSTRIES LTD,27.9,29.0,27.8,28.49,28.49,28.5,11003,312508.28
2026-08-07,DANGEE,INE688Y01022,EQ,DANGEE DUMS LIMITED,3.0,3.0,2.95,2.95,2.97,2.95,40742,120798.17
2026-08-07,DANISH,INE0YU901016,SM,DANISH POWER LIMITED,846.9,846.9,807.7,812.85,807.7,825.9,20250,16642605.0
2026-08-07,DATAPATTNS,INE0IX101010,EQ,DATA PATTERNS INDIA LTD,4369.1,4444.0,4362.0,4380.7,4375.0,4392.6,335411,1475548867.9
2026-08-07,DATAMATICS,INE365B01017,EQ,DATAMATICS GLOBAL SER LTD,855.95,870.0,851.2,865.15,851.2,853.25,160788,138825926.1
2026-08-07,DAVANGERE,INE179G01029,EQ,DAVANGERE SUGAR COMPANY L,3.08,3.15,3.08,3.11,3.13,3.09,1584439,4913852.04
2026-08-07,DBSTOCKBRO,INE921B01025,BE,DB (INT) STOCK BROKERS,32.2,32.82,32.0,32.39,32.43,32.66,4785,154315.4
2026-08-07,DCI,INE0A1101019,EQ,DC INFOTECH AND COMUN LTD,359.9,360.0,346.3,354.05,355.0,350.9,38171,13496049.05
2026-08-07,DCBBANK,INE503A01015,EQ,DCB BANK LIMITED,195.0,196.76,190.81,192.62,192.0,194.93,1323169,254722414.22
2026-08-07,DCG,INE0S8401018,SM,DCG CABLES & WIRES LTD,55.65,55.65,55.65,55.65,55.65,55.65,1200,66780.0
2026-08-07,DCMFINSERV,INE891B01012,EQ,DCM FINANCIAL SERVICES LT,5.79,5.79,5.11,5.29,5.2,5.55,29080,160114.16
2026-08-07,DCM,INE498A01018,BE,DCM LIMITED,82.75,82.75,81.0,82.49,82.0,82.21,1928,157471.01
2026-08-07,DCMNVL,INE08KP01019,BE,DCM NOUVELLE LIMITED,160.78,166.99,156.41,156.92,158.0,160.78,16990,2767115.64
2026-08-07,DSFCL,INE0OFM01015,BE,DCM SHRIRAM FINE CHEM LTD,25.4,25.4,25.09,25.09,25.09,25.6,19138,481095.4
2026-08-07,DCMSRIND,INE843D01027,EQ,DCM SHRIRAM IND LTD,42.25,43.99,42.1,43.07,42.81,42.76,98068,4235875.81
2026-08-07,DCMSIL,INE0OU201013,BE,DCM SHRIRAM INTERNATNL L,86.0,87.5,81.63,82.93,84.39,85.92,102271,8533263.12
2026-08-07,DCMSHRIRAM,INE499A01024,EQ,DCM SHRIRAM LIMITED,1010.5,1031.5,1009.5,1016.8,1020.0,1010.4,72865,74319837.0
2026-08-07,DCW,INE500A01029,EQ,DCW LTD,46.35,47.1,46.2,46.35,46.31,46.69,637388,29651580.32
2026-08-07,DCXINDIA,INE0KL801015,EQ,DCX SYSTEMS LIMITED,181.5,182.91,177.15,178.44,179.0,181.84,423749,76110692.74
2026-08-07,DDEVPLSTIK,INE0HR601026,EQ,DDEV PLASTIKS IND LTD,314.85,315.0,285.0,288.2,291.0,310.6,612639,184264887.75
2026-08-07,DENEERS,INE0JWV01011,SM,DE NEERS TOOLS LIMITED,182.45,184.95,177.1,183.95,183.95,179.15,14400,2607810.0
2026-08-07,DENORA,INE244A01016,EQ,DE NORA INDIA LIMITED,878.0,897.8,872.25,887.8,880.0,869.95,3746,3314445.8
2026-08-07,DECCANCE,INE583C01021,EQ,DECCAN CEMENTS LIMITED,578.2,583.6,578.0,579.35,579.0,578.25,8536,4954104.4
2026-08-07,DECNGOLD,INE945F01025,EQ,DECCAN GOLD MINES LTD.,229.69,233.0,215.0,216.22,215.3,225.43,4433488,986736392.59
2026-08-07,DECCANTRAN,INE0S7C01019,SM,DECCAN TRANSCON LEASING L,24.0,24.5,22.05,24.0,24.0,23.0,21600,516300.0
2026-08-07,DEEDEV,INE841L01016,BE,DEE DEVELOPMENT ENG LTD,656.0,660.0,621.0,629.7,633.5,651.65,241170,151768001.5
2026-08-07,DEEPINDS,INE0FHS01024,EQ,DEEP INDUSTRIES LIMITED,631.95,658.0,631.0,638.9,637.0,627.0,601211,387501291.45
2026-08-07,DBEIL,INE0OPA01027,BE,DEEPAK BUILDERS & ENG I L,7.35,7.37,7.17,7.26,7.31,7.26,121002,879288.81
2026-08-07,DEEPAKFERT,INE501A01019,EQ,DEEPAK FERTILIZERS & PETR,1557.4,1574.2,1530.0,1537.8,1535.1,1559.0,197325,305973303.2
2026-08-07,DEEPAKNTR,INE288B01029,EQ,DEEPAK NITRITE LTD,1770.9,1835.0,1762.0,1796.5,1792.2,1750.4,1628102,2928115024.0
2026-08-07,DELAPLEX,INE0SK801018,SM,DELAPLEX LIMITED,88.35,89.45,86.7,88.95,89.45,88.4,9600,846420.0
2026-08-07,DELHIVERY,INE148O01028,EQ,DELHIVERY LIMITED,466.0,480.0,464.05,473.3,473.3,463.6,6405412,3024304423.0
2026-08-07,DELPHIFX,INE726L01027,BE,DELPHI WORLD MONEY LTD,6.95,6.95,6.7,6.77,6.84,6.73,66362,450284.83
2026-08-07,DELTIC,INE0XRN01019,SM,DELTA AUTOCORP LIMITED,36.0,37.0,34.9,34.9,34.9,36.3,28000,1017350.0
2026-08-07,DELTACORP,INE124G01033,EQ,DELTA CORP LIMITED,63.45,63.71,63.2,63.33,63.3,63.45,427568,27099382.4
2026-08-07,DELTAMAGNT,INE393A01011,EQ,DELTA MANUFACTURING LTD,59.8,59.8,57.59,58.59,58.6,58.44,3498,204554.95
2026-08-07,DEN,INE947J01015,EQ,DEN NETWORKS LTD,27.48,27.55,27.25,27.32,27.3,27.36,195819,5355725.24
2026-08-07,DENTA,INE0R4L01018,EQ,DENTA WATER N INFRA SOL L,335.3,339.3,331.3,333.85,333.1,335.25,131822,44107843.05
2026-08-07,DEVX,INE0VOV01021,EQ,DEV ACCELERATOR LIMITED,33.65,34.5,33.65,34.0,33.88,34.04,176511,6016682.42
2026-08-07,DEVIT,INE060X01034,EQ,DEV INFO TECHNOLOGY LTD,27.1,27.6,26.9,26.91,27.15,27.06,25952,701830.94
2026-08-07,DEVYANI,INE872J01023,EQ,DEVYANI INTERNATIONAL LTD,123.2,135.98,122.6,134.73,135.0,123.86,26617033,3498878064.96
2026-08-07,DBOL,INE0I3401014,EQ,DHAMPUR BIO ORGANICS LTD,108.75,116.23,108.75,113.7,113.5,110.92,159185,17954253.58
2026-08-07,DHAMPURSUG,INE041A01016,EQ,DHAMPUR SUGAR MILLS LTD.,148.67,152.5,148.38,150.89,150.54,149.41,280699,42429610.78
2026-08-07,DHANBANK,INE680A01011,EQ,DHANLAXMI BANK LIMITED,32.4,33.0,31.86,32.8,32.85,32.74,926578,30138060.13
2026-08-07,DHANLAXMI,INE0V9V01010,SM,DHANLAXMI CROP SCIENCE L,24.5,25.55,24.5,25.5,25.55,24.75,16000,404000.0
2026-08-07,DHANSA,INE0M3I01029,SM,DHANSA LABS LIMITED,20.75,20.75,20.75,20.75,20.75,19.9,8000,166000.0
2026-08-07,DHANUKA,INE435G01025,EQ,DHANUKA AGRITECH LTD,1029.9,1029.9,1010.9,1020.6,1023.9,1026.6,34438,35125847.8
2026-08-07,DHARIWAL,INE0YRN01025,SM,DHARIWALCORP LIMITED,23.5,24.35,23.5,24.35,24.35,22.15,327000,7896300.0
2026-08-07,DHARMAJ,INE00OQ01016,EQ,DHARMAJ CROP GUARD LTD,265.85,269.15,262.05,265.55,267.0,264.85,159831,42403596.15
2026-08-07,DHRUV,INE506Z01015,BE,DHRUV CONSULTANCY SER LTD,24.84,24.84,23.6,24.13,24.14,24.72,5027,120560.5
2026-08-07,DHUNINV,INE320L01011,EQ,DHUNSERI INVESTMENTS LTD,917.0,930.0,888.0,928.5,930.0,917.55,592,539274.7
2026-08-07,DTIL,INE341R01014,EQ,DHUNSERI TEA & IND. LTD.,134.99,134.99,130.1,132.91,133.4,132.98,3517,465608.49
2026-08-07,DVL,INE477B01010,EQ,DHUNSERI VENTURES LIMITED,276.95,282.02,263.3,268.06,266.87,273.01,25884,7026539.45
2026-08-07,DIAMINESQ,INE591D01014,EQ,DIAMINES & CHEMICALS LTD,262.25,268.97,256.1,260.79,261.0,266.95,6455,1687405.84
2026-08-07,DIACABS,INE989C01038,BE,DIAMOND POWER INFRA LTD,356.8,366.2,331.4,364.05,358.0,348.8,2213722,804473265.0
2026-08-07,DICIND,INE303A01010,EQ,DIC INDIA LIMITED,529.95,529.95,505.0,519.25,522.0,523.25,1139,587888.95
2026-08-07,DIFFNKG,INE184O01015,EQ,DIFFUSION ENGINEERS LTD,453.9,453.9,432.8,441.0,443.0,443.9,134317,59411740.85
2026-08-07,DGCONTENT,INE03JI01017,EQ,DIGICONTENT LIMITED,25.2,26.45,25.1,25.82,26.1,25.19,49663,1282334.02
2026-08-07,DIGIDRIVE,INE0PSC01024,EQ,DIGIDRIVE DISTRIBUTORS L,17.05,17.95,17.05,17.65,17.88,17.33,15498,272642.93
2026-08-07,DIGIKORE,INE0QJ901011,SM,DIGIKORE STUDIOS LIMITED,38.1,38.6,32.5,35.25,35.0,38.6,164000,5916020.0
2026-08-07,DIGISPICE,INE927C01020,BE,DIGISPICE TECHNOLOGIES LT,16.83,17.8,16.53,17.55,17.3,17.2,94445,1624391.34
2026-08-07,DIGITIDE,INE0U4701011,EQ,DIGITIDE SOLUTIONS LTD,99.62,107.8,97.9,103.64,103.79,99.0,1934866,201729587.59
2026-08-07,DIGJAMLMTD,INE731U01028,EQ,DIGJAM LTD,49.59,49.59,47.0,47.81,48.5,48.84,14572,700002.72
2026-08-07,DNAMEDIA,INE016M01021,EQ,DILIGENT MEDIA CORP LTD.,2.82,2.82,2.75,2.75,2.75,2.76,33655,93267.0
2026-08-07,DBL,INE917M01012,EQ,DILIP BUILDCON LIMITED,461.15,461.15,444.2,448.95,451.0,455.25,229276,103741824.8
2026-08-07,DISAQ,INE131C01011,EQ,DISA INDIA LTD.,11908.0,12000.0,11715.0,11880.0,11898.0,11769.0,677,7979532.0
2026-08-07,DISHTV,INE836F01026,BE,DISH TV INDIA LTD.,2.79,2.89,2.76,2.89,2.89,2.76,1040445,2987528.26
2026-08-07,DCAL,INE385W01011,EQ,DISHMAN CARBO AMCIS LTD,194.3,196.97,191.65,193.04,191.65,194.66,126439,24553413.85
2026-08-07,DIVGIITTS,INE753U01022,EQ,DIVGI TORQTRANSFER SYST L,1017.9,1052.0,1010.1,1047.25,1050.0,988.6,189136,196653358.65
2026-08-07,DIVISLAB,INE361B01024,EQ,DIVI S LABORATORIES LTD,8285.5,8334.0,8233.5,8275.0,8275.0,8349.0,256657,2124277952.5
2026-08-07,DPEL,INE0SCO01019,SM,DIVINE POWER ENERGY LTD,532.05,568.0,512.0,555.9,548.0,526.8,120500,64333575.0
2026-08-07,DIXON,INE935N01020,EQ,DIXON TECHNO (INDIA) LTD,14200.0,14294.0,14050.0,14200.0,14200.0,14200.0,192713,2729689388.0
2026-08-07,DJML,INE0B1K01014,EQ,DJ MEDIAPRINT & LOG LTD,110.55,113.98,109.72,112.88,113.3,110.78,292316,32782357.56
2026-08-07,DLF,INE271C01023,EQ,DLF LIMITED,635.05,649.9,635.05,642.0,642.0,642.0,2466390,1588783269.45
2026-08-07,DMCC,INE505A01010,EQ,DMCC SPECIALITY CHEMICALS,280.0,286.45,272.0,277.65,276.1,278.75,76196,21355815.35
2026-08-07,DHTL,INE0OGG01015,SM,DOCMODE HEALTH TECH LTD,30.65,33.85,30.65,33.85,33.85,32.25,7200,238240.0
2026-08-07,DODLA,INE021O01019,EQ,DODLA DAIRY LIMITED,1051.3,1051.3,1036.4,1041.6,1040.4,1045.5,11035,11497194.6
2026-08-07,DOLATALGO,INE966A01022,EQ,DOLAT ALGOTECH LIMITED,67.0,71.98,64.96,71.01,71.5,67.34,670355,46445847.36
2026-08-07,DOLLAR,INE325C01035,EQ,DOLLAR INDUSTRIES LIMITED,287.0,287.7,278.05,279.5,279.0,281.9,256155,72326402.0
2026-08-07,DOLLEX,INE0JHH01011,SM,DOLLEX AGROTECH LIMITED,29.8,30.45,29.8,30.45,30.45,30.5,304000,9200800.0
2026-08-07,DOLPHIN,INE920A01037,EQ,DOLPHIN OFF ENT (IND) L,406.15,417.8,406.1,411.05,411.5,405.75,18038,7435305.3
2026-08-07,DOMS,INE321T01012,EQ,DOMS INDUSTRIES LIMITED,2256.5,2264.4,2231.0,2260.6,2261.9,2251.2,57559,129702062.5
2026-08-07,DONEAR,INE668D01028,EQ,DONEAR IND. LIMITED,84.6,85.37,83.63,84.48,84.99,84.53,5789,488765.35
2026-08-07,DPSCLTD,INE360C01024,BE,DPSC LIMITED,7.58,7.58,7.21,7.39,7.4,7.43,46370,342083.81
2026-08-07,AGARWALEYE,INE943P01029,EQ,DR AGARWALS HEALTH CARE L,526.95,550.0,523.05,546.25,546.45,532.3,158709,86073733.9
2026-08-07,DRAGARWQ,INE934C01018,EQ,DR. AGARWAL'S EYE HOSP L,5290.0,5300.0,5210.5,5285.5,5285.0,5253.0,1497,7898104.0
2026-08-07,LALPATHLAB,INE600L01024,EQ,DR. LAL PATH LABS LTD.,1928.0,1947.9,1907.1,1931.6,1925.0,1928.0,158460,305923495.0
2026-08-07,DRREDDY,INE089A01031,EQ,DR. REDDY S LABORATORIES,1166.0,1172.0,1162.1,1172.0,1172.0,1171.0,1072438,1251719882.1
2026-08-07,DRCSYSTEMS,INE03RS01027,EQ,DRC SYSTEMS INDIA LIMITED,13.41,13.7,13.14,13.32,13.4,13.76,133140,1769909.22
2026-08-07,DREAMFOLKS,INE0JS101016,EQ,DREAMFOLKS SERVICES LTD,70.65,71.99,69.55,70.11,70.45,70.66,46327,3271962.92
2026-08-07,DREDGECORP,INE506A01018,EQ,DREDGING CORP OF INDIA,1098.6,1099.2,1068.2,1071.3,1075.0,1094.4,67743,72999639.1
2026-08-07,DRONE,INE0P7201019,SM,DRONE DESTINATION LIMITED,40.4,40.45,39.5,39.75,39.65,39.55,14500,580275.0
2026-08-07,DSKULKARNI,INE891A01022,BE,DS KULKARNI DEVELOPERS L,10.96,10.96,10.96,10.96,10.96,10.44,561,6148.56
2026-08-07,KEEPLEARN,INE055C01020,EQ,DSJ KEEP LEARNING LTD,2.04,2.05,1.9,1.95,1.99,2.03,45749,90546.71
2026-08-07,LIQUIDETF,INF740KA1EU7,EQ,DSP LIQUID ETF,1000.0,1000.01,999.99,1000.0,1000.0,1000.0,106915,106915010.21
2026-08-07,BANK10ADD,INF740KA1YH2,EQ,DSPAMC - BANK10ADD,17.05,17.2,16.99,17.05,17.0,17.0,103050,1757038.35
2026-08-07,BANKADD,INF740KA1RX3,EQ,DSPAMC - DSPBANK,59.33,59.47,59.1,59.19,59.19,59.39,353831,20924340.91
2026-08-07,GOLDADD,INF740KA1SW3,EQ,DSPAMC - DSPGOLD,143.79,148.0,143.3,145.12,144.58,143.86,1989977,287874018.28
2026-08-07,ITADD,INF740KA1SX1,EQ,DSPAMC - DSPIT,33.19,33.72,33.19,33.42,33.45,32.92,68826,2301073.81
2026-08-07,EQUAL50ADD,INF740KA1QK2,EQ,DSPAMC - DSPNEWETF,352.0,352.74,351.24,351.78,351.95,352.85,4475,1574764.29
2026-08-07,NIFTYADD,INF740KA1CL0,EQ,DSPAMC - DSPNIFTY,256.3,260.49,256.3,258.71,256.31,258.89,7044,1824338.4
2026-08-07,PSUBANKADD,INF740KA1SY9,EQ,DSPAMC - DSPPSBKETF,88.02,89.66,87.73,88.56,87.8,88.02,86862,7696937.7
2026-08-07,PVTBANKADD,INF740KA1TA7,EQ,DSPAMC - DSPPVBKETF,28.15,28.15,27.81,27.88,28.0,28.12,227827,6361290.97
2026-08-07,MIDQ50ADD,INF740KA1ZF3,EQ,DSPAMC - DSPQ50ETF,25.61,25.69,25.52,25.57,25.65,25.52,30386,778299.73
2026-08-07,SENSEXADD,INF740KA1SZ6,EQ,DSPAMC - DSPSENXETF,81.16,81.35,80.76,81.05,81.05,81.16,258,20895.73
2026-08-07,SILVERADD,INF740KA1RE3,EQ,DSPAMC - DSPSILVETF,217.14,222.82,216.38,221.87,221.6,216.17,208006,45773992.01
2026-08-07,FLEXIADD,INF740KA1WU9,EQ,DSPAMC - FLEXIADD,10.36,10.39,10.2,10.33,10.39,10.3,63223,653256.9
2026-08-07,FMCGADD,INF740KA1ZA4,EQ,DSPAMC - FMCGADD,49.45,50.05,49.45,49.83,50.05,49.6,4168,207288.59
2026-08-07,HEALTHADD,INF740KA1ZG1,EQ,DSPAMC - HEALTHADD,16.95,16.95,16.8,16.88,16.84,16.87,14485,244204.14
2026-08-07,LIQUIDADD,INF740KA1UM0,EQ,DSPAMC - LIQUIDADD,1139.43,1139.56,1139.43,1139.43,1139.45,1139.01,404034,460371747.96
2026-08-07,MIDBANKADD,INF740KA1ZH9,EQ,DSPAMC - MIDBANKADD,17.4,17.4,17.36,17.4,17.4,17.33,3909,68013.42
2026-08-07,MIDCAPADD,INF740KA1WW5,EQ,DSPAMC - MIDCAPADD,23.43,23.5,23.3,23.42,23.3,23.43,5895,138229.87
2026-08-07,MSCIADD,INF740KA1WV7,EQ,DSPAMC - MSCIADD,30.07,30.21,30.04,30.16,30.16,30.23,1390,41858.21
2026-08-07,NEXT30ADD,INF740KA1VE5,EQ,DSPAMC - NEXT30ADD,43.84,44.46,43.83,44.26,44.46,44.05,8164,359634.03
2026-08-07,NEXT50ADD,INF740KA1XU7,EQ,DSPAMC - NEXT50ADD,75.14,75.27,74.85,75.23,75.26,75.11,20369,1531050.93
2026-08-07,SMALLADD,INF740KA1WX3,EQ,DSPAMC - SMALLADD,18.46,18.51,18.35,18.42,18.44,18.43,9618,177391.23
2026-08-07,TOP10ADD,INF740KA1UR9,EQ,DSPAMC - TOP10ADD,89.27,89.75,88.5,89.46,89.2,89.27,167442,14993217.53
2026-08-07,DUCOL,INE0LZO01015,SM,DUCOL ORGS AND COLOURS LT,107.1,107.1,107.1,107.1,107.1,107.1,800,85680.0
2026-08-07,DUCON,INE741L01018,EQ,DUCON INFRATECHNOLOGIES L,3.07,3.34,3.05,3.16,3.14,3.08,244213,776066.21
2026-08-07,DUGLOBAL,INE0HPK01020,SM,DUDIGITAL GLOBAL LIMITED,26.3,27.25,26.3,26.45,26.4,29.0,37500,997750.0
2026-08-07,DURLAX,INE0OUW01013,SM,DURLAX TOP SURFACE LTD,53.25,57.5,53.25,56.85,57.0,53.25,88000,4970200.0
2026-08-07,DWARKESH,INE366A01041,EQ,DWARIKESH SUGAR IND LTD,40.49,41.4,40.25,40.87,40.65,40.37,469202,19168739.35
2026-08-07,DSSL,INE417B01040,EQ,DYNACONS SYS & SOLN LTD,1231.0,1268.9,1210.0,1227.7,1230.0,1239.4,19991,24762994.2
2026-08-07,DYNAMATECH,INE221B01012,EQ,DYNAMATIC TECHNOLOGIES,11403.0,11844.0,11002.0,11401.0,11200.0,11403.0,26226,303398880.0
2026-08-07,DYCL,INE600Y01019,EQ,DYNAMIC CABLES LIMITED,405.0,410.55,399.95,401.9,401.1,405.0,152556,61505615.6
2026-08-07,DYNPRO,INE256H01015,EQ,DYNEMIC PRODUCTS LIMITED,260.4,264.0,255.3,260.7,262.0,260.6,7759,2014196.95
2026-08-07,EFACTOR,INE0KFF01017,SM,E FACTOR EXPERIENCES LTD,191.0,191.0,180.0,180.0,180.0,185.0,800,148400.0
2026-08-07,E2E,INE255Z01027,EQ,E2E NETWORKS LIMITED,593.0,617.45,575.45,575.45,575.45,605.7,2106565,1230555656.45
2026-08-07,EASTSILK,INE962C01035,BE,EASTERN SILK INDUSTRIES L,60.0,63.0,58.3,63.0,63.0,60.0,779,47771.62
2026-08-07,EASEMYTRIP,INE07O001026,EQ,EASY TRIP PLANNERS LTD,6.61,6.64,6.56,6.58,6.6,6.61,7070403,46719227.71
2026-08-07,ECLERX,INE738I01010,EQ,ECLERX SERVICES LTD,1859.2,1895.0,1756.3,1769.1,1758.0,1872.4,378424,682795889.6
2026-08-07,ECOSMOBLTY,INE06HJ01020,BE,ECOS (INDIA) MOB & HOSP L,131.64,134.0,126.0,129.46,129.46,131.64,48704,6283300.87
2026-08-07,BBETF0432,INF754K01OB1,EQ,EDELAMC - BBETF0432,1354.41,1355.0,1351.0,1353.29,1351.0,1351.96,913,1235948.02
2026-08-07,EBANK10,INF754K01XH9,EQ,EDELAMC - EBANK10,17.13,17.13,16.93,16.95,16.95,17.05,2391,40663.77
2026-08-07,EBANKNIFTY,INF754K01TE4,EQ,EDELAMC - EBANKNIFTY,58.72,58.72,57.57,58.44,58.53,58.43,916,53380.2
2026-08-07,EBBETF0430,INF754K01KO2,EQ,EDELAMC - EBBETF0430,1605.69,1619.39,1605.69,1614.43,1615.42,1613.33,8292,13385526.8
2026-08-07,EBBETF0431,INF754K01LE1,EQ,EDELAMC - EBBETF0431,1443.97,1444.48,1440.15,1441.35,1441.05,1441.23,3743,5401901.56
2026-08-07,EBBETF0433,INF754K01QX0,EQ,EDELAMC - EBBETF0433,1320.49,1322.0,1315.18,1317.81,1320.57,1320.49,1955,2579312.4
2026-08-07,ECAPINSURE,INF754K01TX4,EQ,EDELAMC - ECAPINSURE,23.66,23.68,23.45,23.51,23.62,23.67,43582,1025742.48
2026-08-07,EGOLD,INF754K01SE6,EQ,EDELAMC - EGOLD,147.25,149.35,147.25,149.15,149.35,148.0,81280,12090232.85
2026-08-07,ELIQUID,INF754K01VW2,EQ,EDELAMC - ELIQUID,1042.85,1042.87,1042.84,1042.84,1042.84,1042.44,71405,74464867.71
2026-08-07,ELM250,INF754K01VV4,EQ,EDELAMC - ELM250,16.55,17.11,16.55,17.01,17.1,16.98,22892,389065.84
2026-08-07,ELMDIV,INF754K01XI7,EQ,EDELAMC - ELMDIV,37.16,37.16,36.85,36.91,36.85,36.91,5215,192809.87
2026-08-07,EMETAL,INF754K01XG1,EQ,EDELAMC - EMETAL,13.17,13.17,13.04,13.1,13.1,13.17,37766,494749.31
2026-08-07,EMULTIMQ,INF754K01TF1,EQ,EDELAMC - EMULTIMQ,41.68,41.68,41.52,41.63,41.67,41.54,10363,431684.53
2026-08-07,ENEXT50,INF754K01XF3,EQ,EDELAMC - ENEXT50,74.4,74.4,74.4,74.4,74.4,74.4,214,15921.6
2026-08-07,ENIFTY,INF754K01VX0,EQ,EDELAMC - ENIFTY,25.92,25.92,24.72,24.89,24.75,24.92,6114,151736.47
2026-08-07,ESENSEX,INF754K01VY8,EQ,EDELAMC - ESENSEX,78.48,79.53,78.38,79.04,79.0,79.55,500,39406.58
2026-08-07,ESILVER,INF754K01SF3,EQ,EDELAMC - ESILVER,224.67,231.0,223.89,230.56,229.11,223.67,189230,43403145.06
2026-08-07,EDELWEISS,INE532F01054,EQ,EDELWEISS FIN SERV LTD,120.89,120.89,117.64,118.54,118.76,121.16,3705422,438943270.7
2026-08-07,EFCIL,INE886D01026,EQ,EFC (I) LIMITED,189.48,189.49,182.95,186.0,186.0,188.61,531059,98311161.81
2026-08-07,EICHERMOT,INE066A01021,EQ,EICHER MOTORS LTD,7940.0,8067.5,7920.0,8020.0,8020.0,7967.5,339416,2719136648.5
2026-08-07,EIDPARRY,INE126A01031,EQ,EID PARRY INDIA LTD,811.05,818.65,800.15,805.1,804.5,809.85,134546,108938454.8
2026-08-07,EIHAHOTELS,INE276C01014,EQ,EIH ASSOCIATED HOTELS LTD,312.6,315.0,296.3,302.55,301.1,310.7,52672,16068906.7
2026-08-07,EIHOTEL,INE230A01023,EQ,EIH LIMITED,320.0,321.65,304.35,306.55,305.8,325.65,1391523,431552629.7
2026-08-07,EIMCOELECO,INE158B01016,EQ,EIMCO ELECON (INDIA) LTD,1817.9,1876.9,1773.8,1849.0,1827.0,1811.7,19893,36199995.6
2026-08-07,ELANTAS,INE280B01018,EQ,ELANTAS BECK INDIA LTD.,12050.0,12549.5,12000.0,12312.0,12510.5,12376.5,3888,47649125.5
2026-08-07,ELCIDIN,INE927X01018,EQ,ELCID INVESTMENTS LTD.,110155.0,113255.0,110155.0,112260.0,111750.0,112400.0,8,895385.0
2026-08-07,ELDEHSG,INE668G01021,EQ,ELDECO HSG & IND LTD.,759.0,774.75,735.3,759.6,767.4,718.95,4918,3711245.3
2026-08-07,ELECON,INE205B01031,EQ,ELECON ENG. CO. LTD,450.65,450.65,432.1,437.85,436.0,450.45,370664,163270556.65
2026-08-07,EFORCE,INE0Q1W01012,SM,ELECTRO FORCE (INDIA) LTD,21.0,21.25,21.0,21.25,21.25,21.0,7200,152100.0
2026-08-07,EMIL,INE02YR01019,EQ,ELECTRONICS MART IND LTD,151.0,172.0,143.99,165.83,169.4,149.78,51355051,8078539660.08
2026-08-07,ELECTCAST,INE086A01029,EQ,ELECTROSTEEL CASTINGS LTD,72.3,73.49,71.16,71.98,71.2,72.26,2826692,204357833.11
2026-08-07,ELECTHERM,INE822G01016,EQ,ELECTROTHERM (I) LTD.,1001.7,1018.9,990.0,995.3,1000.0,1007.7,11199,11189872.1
2026-08-07,ELGNZ,INE0R9101015,SM,ELEGANZ INTERIORS LIMITED,96.95,98.85,96.0,96.55,97.0,96.95,19000,1846100.0
2026-08-07,ELGIEQUIP,INE285A01027,EQ,ELGI EQUIPMENTS LTD,592.0,595.9,582.2,588.45,585.0,589.25,123552,72866219.35
2026-08-07,ELGIRUBCO,INE819L01012,EQ,ELGI RUBBER CO. LTD,61.05,63.58,61.05,63.02,63.1,60.9,65610,4112720.52
2026-08-07,ELIN,INE050401020,EQ,ELIN ELECTRONICS LIMITED,99.0,100.99,96.02,96.49,96.98,102.03,341021,33499419.28
2026-08-07,ELITECON,INE669R01026,EQ,ELITECON INTERNATIONAL L,18.59,18.98,17.86,18.06,18.01,18.59,1711317,31173271.38
2026-08-07,ELLEN,INE236E01022,EQ,ELLENBARRIE INDUS GASES L,280.8,304.85,280.4,292.35,293.9,281.3,3012353,894645971.75
2026-08-07,ELPROINTL,INE579B01039,EQ,ELPRO INTERNATIONAL LTD,178.93,180.89,178.05,180.06,180.0,177.98,531761,95665315.03
2026-08-07,EMAPARTNER,INE0ZOL01023,SM,EMA PARTNERS INDIA LTD,81.0,81.0,81.0,81.0,81.0,79.75,1000,81000.0
2026-08-07,EMAMILTD,INE548C01032,EQ,EMAMI LIMITED,410.0,416.2,404.35,412.55,408.55,409.0,994119,408318819.4
2026-08-07,EMAMIPAP,INE830C01026,BE,EMAMI PAPER MILLS LIMITED,109.31,113.0,109.0,110.89,110.0,112.06,38591,4268912.33
2026-08-07,EMAMIREAL,INE778K01012,BE,EMAMI REALTY LIMITED,76.0,76.0,73.73,74.73,75.28,76.65,16707,1257543.78
2026-08-07,EMBDL,INE069I01010,EQ,EMBASSY DEVELOPMENTS LTD,60.5,63.5,60.5,63.04,63.45,60.7,2786754,173074389.13
2026-08-07,EMCURE,INE168P01015,EQ,EMCURE PHARMACEUTICALS L,1939.5,1990.0,1939.5,1978.4,1982.0,1936.7,145070,286329338.5
2026-08-07,ETML,INE0RHD01013,SM,EMERALD TYRE MANUF LTD,86.9,86.9,83.6,83.6,83.6,84.0,2400,204600.0
2026-08-07,EMKAY,INE296H01011,EQ,EMKAY GLOBAL FIN SERV LTD,243.34,246.38,237.88,238.86,245.0,243.34,22487,5417100.98
2026-08-07,EMKAYTOOLS,INE332S01011,SM,EMKAY TAP & CUT. TOOL LTD,90.25,90.25,89.0,89.0,89.0,91.35,1050,94095.0
2026-08-07,ETL,INE0PXC01024,SM,EMKAY TOOLS LIMITED,1002.0,1070.0,1002.0,1050.3,1050.95,970.0,1650,1707885.0
2026-08-07,EMMBI,INE753K01015,BE,EMMBI INDUSTRIES LIMITED,84.0,85.22,83.05,83.82,84.0,85.98,10287,860971.93
2026-08-07,EMMVEE,INE1C6T01020,EQ,EMMVEE PHOTOVOLTAIC PWR L,325.95,326.7,316.65,318.9,317.0,328.15,1578665,505591145.75
2026-08-07,EMPOWER,INE507F01023,BE,EMPOWER INDIA LTD.,2.43,2.43,2.43,2.43,2.43,2.55,705803,1715101.29
2026-08-07,EMSLIMITED,INE0OV601013,EQ,EMS LIMITED,405.0,415.0,401.8,404.4,404.15,406.1,180250,73148924.2
2026-08-07,EMUDHRA,INE01QM01018,EQ,EMUDHRA LIMITED,540.0,546.9,532.0,538.85,536.05,540.5,184834,99887544.45
2026-08-07,ENCOMPAS,INE433T01015,SM,ENCOMPASS DESIGN INDIA L,260.6,260.6,235.0,240.75,239.8,258.3,17200,4163140.0
2026-08-07,ENDURANCE,INE913H01037,EQ,ENDURANCE TECHNO. LTD.,2879.0,2929.0,2871.2,2904.5,2891.0,2877.7,80764,234921806.8
2026-08-07,ENERGYDEV,INE306C01019,EQ,ENERGY DEVE. CO.LTD,16.77,17.25,16.4,16.5,16.46,16.79,35048,580494.54
2026-08-07,EMMIL,INE0S1L01013,SM,ENERGY MISSION MACH IND L,128.4,128.4,120.0,122.95,123.0,128.4,5000,610000.0
2026-08-07,ENGINERSIN,INE510A01028,EQ,ENGINEERS INDIA LTD,239.8,242.5,238.37,240.6,240.5,242.39,1241537,298378739.41
2026-08-07,ENSER,INE0R9I01021,SM,ENSER COMMUNICATIONS LTD,16.5,16.8,15.3,15.5,15.5,16.05,30000,480000.0
2026-08-07,ENTERO,INE010601016,EQ,ENTERO HEALTHCARE SOLU L,1238.0,1266.0,1230.0,1242.7,1242.0,1242.5,46032,57315192.4
2026-08-07,ENIL,INE265F01028,EQ,ENTERTAIN NET. IND. LTD.,108.1,109.78,101.0,102.08,103.26,106.51,96381,10000694.17
2026-08-07,EIEL,INE0LLY01014,EQ,ENVIRO INFRA ENGINEERS L,215.5,216.64,212.15,213.16,214.08,215.5,557270,119073935.0
2026-08-07,ENVIRO,INE0SUH01015,SM,ENVIROTECH SYSTEMS LTD,76.5,76.5,76.0,76.0,76.0,76.6,8000,611200.0
2026-08-07,EPACK,INE0G5901015,EQ,EPACK DURABLE LIMITED,227.99,235.01,227.99,229.48,229.35,227.61,489008,113252042.6
2026-08-07,EPACKPEB,INE0MLS01022,EQ,EPACK PREFAB TECHN LTD,249.9,256.05,245.0,246.3,246.65,248.35,1033070,258470024.4
2026-08-07,EPIGRAL,INE071N01016,EQ,EPIGRAL LIMITED,1095.8,1112.0,1092.7,1101.2,1095.0,1095.8,17375,19156055.8
2026-08-07,EPL,INE255A01020,EQ,EPL LIMITED,228.98,230.78,223.62,224.72,228.59,228.98,509022,115116113.01
2026-08-07,EEPL,INE11HF01010,SM,EPPELTONE ENGINEERS LTD,117.0,143.7,110.0,143.7,143.7,119.75,541000,70991900.0
2026-08-07,EQUIPPP,INE217G01035,BE,EQUIPPP SOC IMP TECH LTD,22.55,23.9,22.19,23.24,23.9,23.34,13661,313260.6
2026-08-07,EQUITASBNK,INE063P01018,EQ,EQUITAS SMALL FIN BNK LTD,75.5,76.05,75.0,75.22,75.4,76.09,1307127,98578930.69
2026-08-07,ERIS,INE406M01024,EQ,ERIS LIFESCIENCES LIMITED,1385.0,1395.0,1370.2,1382.4,1385.0,1382.9,40491,55795818.0
2026-08-07,ESABINDIA,INE284A01012,EQ,ESAB INDIA LTD,5652.5,5672.0,5590.0,5631.5,5630.0,5624.0,2097,11773095.0
2026-08-07,ESAFSFB,INE818W01011,EQ,ESAF SMALL FINANCE BANK L,41.7,42.4,39.35,40.27,40.22,42.54,4836492,198316911.09
2026-08-07,ESCONET,INE0RQZ01017,SM,ESCONET TECHNOLOGIES LTD,130.0,139.0,130.0,137.8,137.0,127.5,41200,5601500.0
2026-08-07,ESCORTS,INE042A01014,EQ,ESCORTS KUBOTA LIMITED,3081.0,3087.9,3042.6,3080.0,3060.4,3081.0,65250,200395071.9
2026-08-07,ESPRIT,INE0SBP01018,SM,ESPRIT STONES LIMITED,69.5,72.0,66.6,70.0,70.0,67.45,124800,8684960.0
2026-08-07,ESSARSHPNG,INE122M01019,EQ,ESSAR SHIPPING LTD,19.8,20.11,19.75,19.86,19.9,19.86,117357,2337865.53
2026-08-07,ESFL,INE0ITO01014,SM,ESSEN SPECIALITY FILMS L,117.0,126.25,117.0,126.25,126.25,114.8,39960,4966218.0
2026-08-07,ESTER,INE778B01029,EQ,ESTER INDUSTRIES LTD,89.0,89.17,87.0,87.35,87.17,88.0,43251,3798819.03
2026-08-07,ETERNAL,INE758T01015,EQ,ETERNAL LIMITED,314.0,316.9,313.15,315.0,315.0,316.25,12763812,4017263971.0
2026-08-07,ETHOSLTD,INE04TZ01018,EQ,ETHOS LIMITED,2824.5,2848.0,2725.8,2782.1,2802.0,2824.5,59227,164733009.9
2026-08-07,EUREKAFORB,INE0KCE01017,EQ,EUREKA FORBES LIMITED,458.1,459.6,446.1,450.55,451.0,459.75,176938,79973610.5
2026-08-07,EIFFL,INE546V01010,BE,EURO (I) FRESH FOODS LTD,247.0,269.3,247.0,269.3,269.3,256.5,31414,8074568.05
2026-08-07,EUROBOND,INE505V01016,EQ,EURO PANEL PRODUCTS LTD,160.25,165.0,160.25,164.99,165.0,161.6,10888,1784844.58
2026-08-07,EUROPRATIK,INE198501012,EQ,EURO PRATIK SALES LIMITED,306.3,321.0,306.3,314.1,316.0,309.35,224401,70385007.9
2026-08-07,EUROTEXIND,INE022C01012,BE,EUROTEX IND & EXPORTS LTD,13.05,13.37,13.05,13.37,13.37,13.11,1376,18389.12
2026-08-07,EVEREADY,INE128A01029,EQ,EVEREADY INDS. IND.  LTD.,357.3,361.0,353.1,356.8,353.1,357.3,95680,34245668.55
2026-08-07,EVERESTIND,INE295A01018,BE,EVEREST INDUSTRIES LTD,482.0,483.95,459.5,468.05,476.95,477.05,3592,1677564.6
2026-08-07,EKC,INE184H01027,EQ,EVEREST KANTO CYLINDERLTD,111.65,114.57,110.42,112.68,112.67,111.65,254049,28696178.45
2026-08-07,EXCELINDUS,INE369A01029,EQ,EXCEL INDUSTRIES LTD,1034.0,1039.1,1023.6,1029.0,1027.0,1029.55,4164,4291391.35
2026-08-07,EXCELSOFT,INE606N01019,EQ,EXCELSOFT TECHNOLOGIES L,83.5,86.5,82.5,83.65,83.05,83.09,1063879,90131286.99
2026-08-07,EXICOM,INE777F01014,EQ,EXICOM TELE SYSTEMS LTD,168.5,172.95,157.5,158.9,158.0,169.56,1989666,324957855.75
2026-08-07,EXIDEIND,INE302A01020,EQ,EXIDE INDUSTRIES LTD,474.0,493.0,470.65,490.0,489.05,474.25,7853639,3820662299.2
2026-08-07,EXIMROUTES,INE19I001020,SM,EXIM ROUTES LIMITED,109.25,109.25,109.0,109.1,109.0,114.0,5600,611000.0
2026-08-07,EXPLEOSOL,INE201K01015,EQ,EXPLEO SOLUTIONS LIMITED,816.6,839.75,813.0,836.75,836.0,821.05,34528,28703708.3
2026-08-07,EXXARO,INE0GFE01026,EQ,EXXARO TILES LIMITED,6.33,6.33,6.12,6.16,6.16,6.27,120937,749073.13
2026-08-07,FABTECH,INE0HF201011,EQ,FABTECH TECHNOLOGIES LTD,150.0,153.0,148.0,148.63,148.98,150.25,52577,7889830.3
2026-08-07,FACT,INE188A01015,EQ,FACT LTD,839.0,844.95,835.4,839.4,839.0,843.1,30873,25916351.75
2026-08-07,FAIRCHEMOR,INE0DNW01011,BE,FAIRCHEM ORGANICS LIMITED,749.95,749.95,749.95,749.95,749.95,765.25,1623,1217168.85
2026-08-07,FALCONTECH,INE0PQK01013,SM,FALCON TECHNOPROJ IND LTD,12.1,12.35,12.1,12.35,12.35,12.25,2400,29340.0
2026-08-07,FAZE3Q,INE963C01033,EQ,FAZE THREE LIMITED,540.0,587.95,535.35,569.2,570.6,540.6,21897,12347137.15
2026-08-07,FCSSOFT,INE512B01022,EQ,FCS SOFTWARE SOLN. LTD.,1.47,1.5,1.47,1.47,1.48,1.47,1804642,2668751.48
2026-08-07,FDC,INE258B01022,EQ,FDC LIMITED,370.0,375.85,367.0,369.8,371.0,370.0,238037,88241047.2
2026-08-07,FEDFINA,INE007N01010,EQ,FEDBANK FINANCIAL SER L,153.0,153.0,148.83,149.59,149.75,152.53,802406,120423997.48
2026-08-07,FEDDERSHOL,INE417D01020,EQ,FEDDERS HOLDING LTD.,41.8,44.3,41.8,43.45,43.25,42.34,552306,23870104.85
2026-08-07,FEDERALBNK,INE171A01029,EQ,FEDERAL BANK LTD,353.2,359.8,350.85,356.25,356.25,353.55,4924276,1755417757.75
2026-08-07,FMGOETZE,INE529A01010,EQ,FEDERAL-MOGUL GOETZE (IND,487.05,500.5,473.05,492.25,491.0,485.8,76946,37909728.1
2026-08-07,FELIX,INE901X01013,SM,FELIX INDUSTRIES LTD.,176.35,187.5,176.35,181.3,180.65,178.6,90500,16516950.0
2026-08-07,FERMENTA,INE225B01021,EQ,FERMENTA BIOTECH LTD.,555.35,568.0,546.2,560.6,553.0,552.6,169849,94739638.25
2026-08-07,FIBERWEB,INE296C01020,EQ,FIBERWEB INDIA LIMITED,29.21,30.5,29.0,29.76,29.7,29.21,14929,442904.6
2026-08-07,FIDEL,INE0LQQ01019,SM,FIDEL SOFTECH LIMITED,140.5,143.0,138.0,138.55,138.6,140.5,9000,1252700.0
2026-08-07,FIEMIND,INE737H01014,EQ,FIEM INDUSTRIES LIMITED,2479.5,2604.9,2466.9,2580.3,2552.0,2479.5,195760,499895819.2
2026-08-07,FILATFASH,INE185E01021,BE,FILATEX FASHIONS LIMITED,0.19,0.19,0.18,0.18,0.19,0.18,10663568,1990014.33
2026-08-07,FILATEX,INE816B01035,EQ,FILATEX INDIA LTD,81.63,85.38,81.5,83.33,82.97,81.81,3999271,334198144.76
2026-08-07,FINBUD,INE0EDU01014,SM,FINBUD FINANCIAL SERV LTD,139.0,143.0,139.0,140.2,140.2,138.35,8000,1129050.0
2026-08-07,FINEORG,INE686Y01026,EQ,FINE ORGANIC IND. LTD.,4989.0,5199.9,4980.0,5162.1,5199.9,4989.0,54836,281337621.9
2026-08-07,FCL,INE045J01034,EQ,FINEOTEX CHEMICAL LIMITED,41.7,43.35,40.91,41.64,41.9,41.75,12593576,533513155.18
2026-08-07,FINKURVE,INE734I01027,EQ,FINKURVE FINANCIAL SERV L,60.9,60.9,58.5,58.9,58.99,59.2,42168,2487667.83
2026-08-07,FINOPB,INE02NC01014,EQ,FINO PAYMENTS BANK LTD,161.0,161.3,153.15,154.96,154.5,159.68,436058,68337968.75
2026-08-07,FINCABLES,INE235A01022,EQ,FINOLEX CABLES LTD,1040.0,1040.0,1017.0,1024.65,1017.0,1034.75,182159,187347079.4
2026-08-07,FINPIPE,INE183A01024,EQ,FINOLEX INDUSTRIES LTD,166.0,167.0,162.85,164.43,164.01,171.31,1232652,202908770.44
2026-08-07,FSL,INE684F01012,EQ,FIRSTSOURCE SOLU. LTD.,285.0,289.55,275.0,279.85,280.0,293.95,9187334,2589263692.0
2026-08-07,FISCHER,INE771F01041,EQ,FISCHER MEDICAL VENTURE L,37.6,38.87,37.2,38.01,38.22,37.45,3470138,132305731.27
2026-08-07,FIVESTAR,INE128S01021,EQ,FIVE-STAR BUS FIN LTD,550.05,550.65,541.55,543.25,544.4,553.25,269177,146808661.65
2026-08-07,FLAIR,INE00Y201027,EQ,FLAIR WRITING INDUST LTD,250.0,252.9,249.1,252.4,251.7,250.55,110987,27892570.15
2026-08-07,FLEXITUFF,INE060J01017,BE,FLEXITUFF VENTURES INT L,3.76,3.76,3.56,3.69,3.69,3.69,22248,82069.64
2026-08-07,FLYSBS,INE0VCK01011,SM,FLYSBS AVIATION LIMITED,445.0,448.85,432.0,435.35,432.0,443.95,31400,13834030.0
2026-08-07,FWSTC,INE0SQZ01015,SM,FLYWINGS SIMULAT T C LTD,189.9,189.9,189.7,189.7,189.7,185.45,1800,341700.0
2026-08-07,FOCUS,INE593W01028,BE,FOCUS LIGHTG & FIXTRS LTD,67.9,68.8,66.01,67.08,66.03,67.97,26433,1777987.43
2026-08-07,FONEBOX,INE0Q4701019,SM,FONEBOX RETAIL LIMITED,98.1,98.1,98.1,98.1,98.1,93.45,4000,392400.0
2026-08-07,FOODSIN,INE976E01023,EQ,FOODS & INNS LIMITED,53.9,55.4,53.75,54.92,55.2,53.03,83479,4544095.48
2026-08-07,FORCEMOT,INE451A01017,EQ,FORCE MOTORS LIMITED,18623.0,18830.0,18445.0,18500.0,18500.0,18690.0,46841,870067570.0
2026-08-07,FORGEAUTO,INE0YKW01013,SM,FORGE AUTO INTERNATION L,116.15,116.15,116.15,116.15,116.15,110.65,7200,836280.0
2026-08-07,FORTIS,INE061F01013,EQ,FORTIS HEALTHCARE LTD,920.0,967.7,903.35,955.15,955.15,920.0,3551821,3346174422.9
2026-08-07,FOSECOIND,INE519A01011,EQ,FOSECO INDIA LTD,5424.0,5573.5,5395.5,5500.5,5509.5,5409.0,4888,26931177.5
2026-08-07,FRACTAL,INE212S01015,EQ,FRACTAL ANALYTICS LIMITED,804.0,823.0,803.15,817.7,816.0,807.6,241675,197005424.2
2026-08-07,FRONTSP,INE572D01014,EQ,FRONTIER SPRINGS LTD.,1428.0,1428.0,1364.1,1401.2,1396.1,1409.7,14612,20313099.8
2026-08-07,NYKAA,INE388Y01029,EQ,FSN E COMMERCE VENTURES,331.55,335.85,328.65,332.0,332.0,331.95,4598346,1524775124.25
2026-08-07,UTLSOLAR,INE12UR01024,EQ,FUJIYAMA POWER SYSTEMS L,412.0,412.6,386.0,389.95,388.5,400.65,269005,106096171.05
2026-08-07,FUSION,INE139R01012,EQ,FUSION FINANCE LIMITED,214.05,214.99,200.4,204.99,205.0,214.99,829952,170597669.31
2026-08-07,FMNL,INE360L01017,BE,FUTURE MKT NETWORKS LTD,9.39,9.78,9.32,9.35,9.35,9.39,22330,214412.13
2026-08-07,GMBREW,INE075D01018,EQ,G M BREWERIES LTD,915.55,915.55,905.0,908.35,905.0,907.5,14193,12904147.2
2026-08-07,GRINFRA,INE201P01022,EQ,G R INFRAPROJECTS LIMITED,939.95,948.8,856.4,870.7,867.6,889.95,582729,525230671.7
2026-08-07,GTECJAINX,INE586X01012,BE,G-TEC JAINX EDUCATION LTD,31.55,31.55,28.75,31.54,31.54,30.07,9041,283676.66
2026-08-07,GABRIEL,INE524A01029,EQ,GABRIEL INDIA LTD,1535.9,1557.9,1484.5,1499.8,1495.0,1531.8,371373,563190496.3
2026-08-07,GATECH,INE224E01028,BE,GACM TECHNOLOGIES LIMITED,0.67,0.67,0.66,0.66,0.67,0.64,17895105,11942793.41
2026-08-07,GATECHDVR,INE224E01036,BE,GACM TECHNOLOGIES LIMITED,0.51,0.52,0.49,0.51,0.52,0.5,544210,279867.79
2026-08-07,GAIL,INE129A01019,EQ,GAIL (INDIA) LTD,175.81,176.28,171.89,173.63,173.63,176.4,7005144,1212234201.25
2026-08-07,GALAPREC,INE0RE001014,EQ,GALA PRECISION ENG LTD,1127.4,1127.4,1026.6,1036.4,1036.0,1162.2,205179,215987422.9
2026-08-07,GML,INE09A801015,SM,GALAXY MEDICARE LIMITED,17.05,17.05,17.05,17.05,17.05,17.0,2000,34100.0
2026-08-07,GALAXYSURF,INE600K01018,EQ,GALAXY SURFACTANTS LTD,1990.0,2114.0,1980.4,2066.7,2067.0,1980.3,52126,107997506.6
2026-08-07,GALLANTT,INE297H01019,EQ,GALLANTT ISPAT LIMITED,620.0,620.05,603.15,605.5,606.2,615.35,47899,29131786.85
2026-08-07,GANDHAR,INE717W01049,EQ,GANDHAR OIL REFINE IND L,243.7,245.46,239.01,242.71,242.61,242.95,1529441,370872069.54
2026-08-07,GANDHITUBE,INE524B01027,EQ,GANDHI SPL. TUBES LTD,890.0,898.9,885.5,889.7,889.0,893.15,2579,2300420.35
2026-08-07,GANESHBE,INE388A01029,BE,GANESH BENZOPLAST LIMITED,119.5,124.0,116.45,120.41,120.82,120.02,172905,20792153.29
2026-08-07,GANESHCP,INE652V01016,EQ,GANESH CONSUMER PRODUCT L,164.9,166.61,161.05,161.8,161.55,164.94,222144,36122426.02
2026-08-07,GGBL,INE0R8C01018,SM,GANESH GREEN BHARAT LTD,258.8,258.8,252.4,254.85,255.5,253.65,15300,3904875.0
2026-08-07,GANESHHOU,INE460C01014,EQ,GANESH HOUSING LIMITED,760.0,779.0,757.95,760.75,760.05,761.85,22773,17450164.65
2026-08-07,GANECOS,INE845D01014,EQ,GANESHA ECOSPHERE LIMITED,1071.1,1085.0,1058.0,1064.3,1059.3,1076.0,51641,55254377.2
2026-08-07,GANGABATH,INE0ZI101018,SM,GANGA BATH FITTINGS LTD,22.5,22.9,21.75,22.9,22.9,23.25,9000,201450.0
2026-08-07,GANGAFORGE,INE691Z01023,BE,GANGA FORGING LIMITED,2.05,2.12,2.05,2.11,2.12,2.02,11225579,23762433.17
2026-08-07,GANGESSECU,INE335W01016,EQ,GANGES SECURITIES LIMITED,118.85,119.0,116.4,118.0,118.0,118.85,535,63277.43
2026-08-07,GRSE,INE382Z01011,EQ,GARDEN REACH SHIP&ENG LTD,2589.0,2641.0,2585.7,2599.0,2593.1,2599.4,356679,929256528.7
2026-08-07,GARUDA,INE0JVO01026,EQ,GARUDA CONSTRUCT N ENG L,183.26,186.8,180.02,180.5,180.6,182.45,385703,70172002.98
2026-08-07,GRWRHITECH,INE291A01017,EQ,GARWARE HI-TECH FILMS LTD,7374.0,7477.5,6911.0,6973.0,6925.0,7338.5,167734,1212686917.5
2026-08-07,GARFIBRES,INE276A01018,EQ,GARWARE TECH FIBRES LTD,846.0,856.5,800.5,811.85,805.0,838.85,62817,52297017.8
2026-08-07,GATEWAY,INE079J01017,EQ,GATEWAY DISTRIPARKS LTD,56.9,57.09,56.15,56.5,56.47,56.79,1018714,57773124.3
2026-08-07,GAUDIUMIVF,INE0P8B01020,BE,GAUDIUM IVF N WOMEN H L,132.0,132.0,130.95,130.95,130.95,133.62,161575,21287491.2
2026-08-07,GAYAHWS,INE287Z01012,EQ,GAYATRI HIGHWAYS LIMITED,2.02,2.09,1.95,1.98,2.0,1.98,241646,479878.04
2026-08-07,GAYAPROJ,INE336H01023,BE,GAYATRI PROJECTS LTD,19.94,20.7,19.75,20.09,20.18,19.8,352824,7142165.07
2026-08-07,GVPIL,INE878A01011,EQ,GE POWER INDIA LIMITED,730.0,762.9,728.55,762.9,762.9,726.6,163658,122122825.0
2026-08-07,GVT&D,INE200A01026,EQ,GE VERNOVA T&D INDIA LTD,4366.7,4398.0,4270.1,4299.0,4299.0,4366.7,758827,3280077084.2
2026-08-07,GEECEE,INE916G01016,BE,GEECEE VENTURES LIMITED,350.35,372.0,350.3,363.45,368.35,360.25,8476,3051791.5
2026-08-07,GEEKAYWIRE,INE669X01032,EQ,GEEKAY WIRES LIMITED,22.31,23.15,22.15,22.53,22.72,22.52,42340,955004.96
2026-08-07,GEMAROMA,INE06XZ01023,EQ,GEM AROMATICS LIMITED,182.87,190.0,182.21,185.46,186.0,182.87,100205,18663858.88
2026-08-07,GICRE,INE481Y01014,EQ,GENERAL INS CORP OF INDIA,358.95,359.55,356.25,357.2,357.0,358.85,301498,107798211.8
2026-08-07,GENCON,INE854S01022,EQ,GENERIC ENG CONS PROJ LTD,39.38,40.1,39.17,39.47,39.99,39.38,228761,9092410.81
2026-08-07,GENESYS,INE727B01026,EQ,GENESYS INTL CORPN LTD,231.85,234.85,221.85,227.45,226.0,229.0,330502,74979125.65
2026-08-07,GENUSPAPER,INE949P01018,EQ,GENUS P&B LIMITED,12.46,12.65,12.16,12.36,12.41,12.56,47019,581016.69
2026-08-07,GENUSPOWER,INE955D01029,EQ,GENUS POWER INFRASTRU LTD,311.4,313.35,304.0,306.65,307.05,309.45,1003801,309176878.45
2026-08-07,GENXAI,INE1W0N01014,SM,GENXAI ANALYTICS LIMITED,78.0,79.0,77.05,77.55,77.5,78.55,18000,1401720.0
2026-08-07,GEOJITFSL,INE007B01023,EQ,GEOJIT FINANCIAL SER L,78.49,78.94,76.51,77.02,76.6,78.54,201133,15562668.16
2026-08-07,GFLLIMITED,INE538A01037,EQ,GFL LIMITED,50.4,51.94,49.06,50.77,50.29,51.94,106613,5353131.47
2026-08-07,GHCL,INE539A01019,EQ,GHCL LIMITED,436.0,440.55,434.25,436.05,435.5,438.0,80218,35042335.0
2026-08-07,GHCLTEXTIL,INE0PA801013,EQ,GHCL TEXTILES LIMITED,121.0,122.99,119.3,121.59,121.71,120.0,1140359,138419864.55
2026-08-07,GICHSGFIN,INE289B01019,EQ,GIC HOUSING FINANCE LTD,149.78,157.43,148.65,152.88,153.0,149.59,368707,56810039.19
2026-08-07,GILLANDERS,INE047B01011,EQ,GILLANDERS ARBUTHNOT LTD,88.13,105.0,88.0,90.69,90.99,88.55,49016,4634948.25
2026-08-07,GILLETTE,INE322A01010,EQ,GILLETTE INDIA LTD,7694.0,7714.5,7650.5,7683.5,7677.0,7694.0,8855,67966739.0
2026-08-07,GINNIFILA,INE424C01010,BE,GINNIFILAMENTS LTD.,45.0,45.89,44.5,45.57,45.5,44.94,31950,1441544.85
2026-08-07,GIRIRAJ,INE614Z01017,SM,GIRIRAJ CIVIL DEVP LTD,56.75,58.0,52.5,53.5,54.3,55.25,31500,1747525.0
2026-08-07,GKENERGY,INE1AG301022,EQ,GK ENERGY LIMITED,129.97,143.16,129.26,136.86,136.81,130.15,3462023,477744774.49
2026-08-07,GKWLIMITED,INE528A01020,EQ,GKW LIMITED,1653.0,1655.0,1620.0,1628.7,1630.0,1629.7,569,929842.6
2026-08-07,GLAND,INE068V01023,EQ,GLAND PHARMA LIMITED,2601.0,2619.9,2570.0,2601.0,2581.6,2608.3,317731,824387694.3
2026-08-07,GLAXO,INE159A01016,EQ,GLAXOSMITHKLINE PHARMA LT,2570.0,2624.9,2556.5,2599.7,2591.8,2579.5,34991,91266429.1
2026-08-07,GLENMARK,INE935A01035,EQ,GLENMARK PHARMACEUTICALS,2274.9,2289.0,2256.0,2279.1,2279.1,2270.0,437610,996490495.9
2026-08-07,GLOBAL,INE291W01037,EQ,GLOBAL EDUCATION LIMITED,101.45,102.51,100.72,101.84,101.9,100.47,40141,4080015.59
2026-08-07,MEDANTA,INE474Q01031,EQ,GLOBAL HEALTH LIMITED,1445.5,1483.7,1440.1,1455.6,1462.0,1444.3,550910,803928835.2
2026-08-07,GSLSU,INE0JSX01015,EQ,GLOBAL SURFACES LIMITED,29.9,29.9,27.75,28.04,28.49,29.21,20457,582529.98
2026-08-07,GLOBALVECT,INE792H01019,EQ,GLOBAL VEC HELICORP LTD,164.7,165.99,157.0,159.02,160.2,163.79,10544,1700636.16
2026-08-07,GLOBALE,INE0URU01010,BE,GLOBALE TESSILE LIMITED,10.79,10.89,10.5,10.53,10.5,10.8,315,3347.71
2026-08-07,GLOBECIVIL,INE0V3U01015,EQ,GLOBE CIVIL PROJECTS LTD,39.1,40.44,39.1,39.81,39.85,39.73,14950,596858.72
2026-08-07,GLOBE,INE581X01021,EQ,GLOBE ENTERPRISE (I) LTD,2.01,2.06,1.99,2.0,2.02,2.03,598870,1207514.12
2026-08-07,GICL,INE947T01022,EQ,GLOBE INTL CARRIERS LTD,19.73,19.99,19.0,19.91,19.79,19.59,313420,6195999.25
2026-08-07,GLOBUSSPR,INE615I01010,EQ,GLOBUS SPIRITS LTD,914.75,934.85,904.0,906.3,905.0,903.75,130325,119740143.55
2026-08-07,GLOSTERLTD,INE350Z01018,EQ,GLOSTER LIMITED,683.25,710.0,683.05,697.45,702.0,679.55,8330,5843171.75
2026-08-07,GLOTTIS,INE0TQE01026,BE,GLOTTIS LIMITED,67.96,70.25,67.0,69.06,69.5,67.51,95994,6665493.43
2026-08-07,GMMPFAUDLR,INE541A01023,EQ,GMM PFAUDLER LIMITED,980.0,1002.0,944.4,987.3,997.0,979.85,845593,824169308.0
2026-08-07,GMRAIRPORT,INE776C01039,EQ,GMR AIRPORTS LIMITED,106.5,107.42,105.7,107.2,107.2,106.59,7114277,760168024.84
2026-08-07,GMRP&UI,INE0CU601026,EQ,GMR POW AND URBAN INFRA L,97.83,98.4,96.51,97.49,97.98,97.83,546621,53237469.52
2026-08-07,GNA,INE934S01014,EQ,GNA AXLES LIMITED,529.0,544.4,518.05,527.2,525.5,530.25,480323,254006854.25
2026-08-07,EBGNG,INE18JU01028,EQ,GNG ELECTRONICS LIMITED,523.0,530.0,510.4,525.65,525.0,523.9,413130,215827236.65
2026-08-07,GODIGIT,INE03JT01014,EQ,GO DIGIT GENERAL INS LTD,270.1,273.75,266.35,272.25,272.0,270.1,355396,96074502.5
2026-08-07,GOCOLORS,INE0BJS01011,EQ,GO FASHION INDIA LTD,327.95,331.0,320.15,322.05,322.0,327.95,160380,52071451.8
2026-08-07,GOACARBON,INE426D01013,EQ,GOA CARBON LIMITED,380.0,388.0,375.0,383.5,381.3,380.0,12763,4863171.9
2026-08-07,GOCLCORP,INE077F01035,EQ,GOCL CORPORATION LIMITED,410.0,449.65,410.0,438.25,435.0,410.55,1950654,856647907.3
2026-08-07,GODAVARIB,INE497S01012,EQ,GODAVARI BIOREFINERIES L,252.05,257.75,246.0,246.95,246.0,255.35,122698,30721696.25
2026-08-07,GPIL,INE177H01039,EQ,GODAWARI POW & ISP LTD,243.0,244.51,236.0,240.61,241.15,244.76,1747484,419640270.03
2026-08-07,GODFRYPHLP,INE260B01028,EQ,GODFREY PHILLIPS INDIA LT,2293.0,2307.0,2271.0,2286.0,2286.0,2290.0,232091,530731903.2
2026-08-07,GODREJAGRO,INE850D01014,EQ,GODREJ AGROVET LIMITED,548.25,548.8,541.4,542.85,542.5,545.55,101213,55059722.7
2026-08-07,GODREJCP,INE102D01028,EQ,GODREJ CONSUMER PRODUCTS,1077.0,1087.2,1032.3,1050.0,1050.0,1077.3,2659684,2804805946.1
2026-08-07,GODREJIND,INE233A01035,EQ,GODREJ INDUSTRIES LTD,1300.2,1327.4,1291.0,1311.5,1306.2,1304.8,48600,63719867.2
2026-08-07,GODREJPROP,INE484J01027,EQ,GODREJ PROPERTIES LTD,2081.0,2108.6,2062.3,2070.0,2070.0,2081.9,486095,1011939597.6
2026-08-07,GOKEX,INE887G01027,EQ,GOKALDAS EXPORTS LTD.,799.0,816.15,795.0,805.5,800.0,796.7,175528,141810886.55
2026-08-07,GOKULAGRO,INE314T01033,EQ,GOKUL AGRO RESOURCES LTD,224.0,232.09,223.54,228.8,229.01,224.53,343324,78584465.89
2026-08-07,GOKUL,INE020J01029,EQ,GOKUL REFOILS & SOLV LTD,40.46,40.59,39.52,39.68,39.87,40.04,141552,5709470.34
2026-08-07,GOLDIAM,INE025B01025,EQ,GOLDIAM INTERNATIONAL LTD,379.9,398.0,359.65,372.9,373.6,376.15,7430942,2848921873.1
2026-08-07,GOLDSTAR,INE405Y01021,SM,GOLDSTAR POWER LIMITED,6.8,6.8,6.8,6.8,6.8,6.8,22500,153000.0
2026-08-07,GOODLUCK,INE127I01024,EQ,GOODLUCK INDIA LIMITED,1551.0,1595.0,1495.0,1508.8,1508.0,1534.1,517632,801869653.8
2026-08-07,GOODYEAR,INE533A01012,EQ,GOODYEAR INDIA LIMITED,800.0,814.0,800.0,802.9,801.0,814.95,11852,9507672.35
2026-08-07,GOPAL,INE0L9R01028,EQ,GOPAL SNACKS LIMITED,273.9,281.5,273.9,277.9,277.0,273.9,394866,109930963.55
2026-08-07,GOYALALUM,INE705X01026,EQ,GOYAL ALUMINIUMS LIMITED,6.49,6.58,6.4,6.43,6.44,6.49,54572,352863.75
2026-08-07,GOYALSALT,INE0QFE01017,SM,GOYAL SALT LIMITED,113.1,113.1,112.0,112.0,112.0,114.25,3000,337920.0
2026-08-07,GULFPETRO,INE586G01017,BE,GP PETROLEUMS LIMITED,56.0,57.25,54.0,56.73,57.2,54.68,311905,17500559.54
2026-08-07,GPTHEALTH,INE486R01017,EQ,GPT HEALTHCARE LIMITED,165.7,165.7,157.47,159.44,159.95,165.03,179779,29003556.04
2026-08-07,GPTINFRA,INE390G01014,EQ,GPT INFRAPROJECTS LTD,117.62,117.99,115.3,115.79,116.0,117.99,64231,7468509.24
2026-08-07,GRADIENTE,INE361K01017,BE,GRADIENTE INFOTAINMENT L,2.7,2.7,2.55,2.59,2.6,2.68,715352,1876489.28
2026-08-07,GRANDOAK,INE926B01016,EQ,GRAND OAK CANYONS DIST L,43.78,43.78,41.05,41.1,41.13,41.75,7116,297798.35
2026-08-07,GRANULES,INE101D01020,EQ,GRANULES INDIA LIMITED,840.1,883.0,839.4,873.85,871.0,838.65,1146571,994533043.25
2026-08-07,GRAPHISAD,INE0POU01017,SM,GRAPHISADS LIMITED,28.5,28.5,28.5,28.5,28.5,28.75,1200,34200.0
2026-08-07,GRAPHITE,INE371A01025,EQ,GRAPHITE INDIA LTD,721.9,729.5,707.4,709.95,710.0,722.05,583486,418224484.65
2026-08-07,GRASIM,INE047A01021,EQ,GRASIM INDUSTRIES LTD,3220.0,3349.6,3183.0,3323.0,3323.0,3220.0,1071215,3511555037.3
2026-08-07,GRAUWEIL,INE266D01021,EQ,GRAUER & WEIL IND LTD,69.2,70.39,69.2,69.97,70.2,69.24,172581,12066407.93
2026-08-07,GRAVISSHO,INE214F01026,EQ,GRAVISS HOSPITALITY LTD.,29.26,31.2,29.26,31.08,30.0,29.26,1839,56877.75
2026-08-07,GRAVITA,INE024L01027,EQ,GRAVITA INDIA LIMITED,1710.0,1739.5,1706.0,1732.1,1732.0,1719.1,127988,220791514.5
2026-08-07,GREAVESCOT,INE224A01026,EQ,GREAVES COTTON LTD.,202.0,203.3,197.57,198.85,199.4,201.55,1191734,238226843.77
2026-08-07,GREENLAM,INE544R01021,EQ,GREENLAM INDUSTRIES LTD.,272.25,277.35,265.5,273.7,274.0,273.15,175082,47644624.2
2026-08-07,GREENPANEL,INE08ZM01014,EQ,GREENPANEL INDUSTRIES LTD,203.2,203.2,190.0,192.25,192.9,202.27,206889,40367169.67
2026-08-07,GREENPLY,INE461C01038,EQ,GREENPLY INDUSTRIES LTD,286.85,290.95,284.0,286.35,284.0,286.85,58298,16755102.4
2026-08-07,GCSL,INE199P01028,EQ,GRETEX CORPORATE SERVICES,527.9,527.9,516.9,523.95,521.4,529.65,363706,190525490.2
2026-08-07,GRINDWELL,INE536A01023,EQ,GRINDWELL NORTON LIMITED,2114.0,2152.1,2091.1,2133.8,2115.0,2107.6,44725,95352483.4
2026-08-07,GRMOVER,INE192H01020,EQ,GRM OVERSEAS LIMITED,90.79,91.2,89.1,90.33,89.8,90.09,1015546,91787180.43
2026-08-07,CEMNTGROWW,INF666M01PH7,EQ,GROWWAMC - CEMNTGROWW,15.73,15.73,15.35,15.5,15.59,15.51,90996,1402460.45
2026-08-07,GROWWCAPM,INF666M01MM4,EQ,GROWWAMC - GROWWCAPM,11.04,11.19,10.93,10.97,11.04,11.04,653289,7183519.49
2026-08-07,GROWWCHEM,INF666M01NP5,EQ,GROWWAMC - GROWWCHEM,31.74,31.74,30.6,30.75,30.6,30.97,81918,2521668.01
2026-08-07,GROWWDEFNC,INF666M01IO8,EQ,GROWWAMC - GROWWDEFNC,97.63,97.67,95.7,97.22,97.43,96.73,234655,22713193.26
2026-08-07,GROWWEV,INF666M01IH2,EQ,GROWWAMC - GROWWEV,33.6,34.22,33.37,34.05,33.92,33.6,600071,20357043.65
2026-08-07,GROWWGOLD,INF666M01OE7,EQ,GROWWAMC - GROWWGOLD,14.46,14.6,14.41,14.57,14.59,14.46,1511915,21928747.77
2026-08-07,GROWWHOSPI,INF666M01OD9,EQ,GROWWAMC - GROWWHOSPI,53.99,55.0,53.78,54.57,55.0,53.99,612380,33212665.14
2026-08-07,GROWWLIQID,INF666M01IP5,EQ,GROWWAMC - GROWWLIQID,110.27,110.27,110.26,110.26,110.27,110.22,171937,18959055.02
2026-08-07,GROWWLOVOL,INF666M01LB9,EQ,GROWWAMC - GROWWLOVOL,10.9,10.9,10.62,10.71,10.63,10.64,12721,136042.48
2026-08-07,GROWWMC150,INF666M01MV5,EQ,GROWWAMC - GROWWMC150,232.9,237.95,229.01,229.9,237.95,232.9,537,125447.49
2026-08-07,GROWWMETAL,INF666M01NI0,EQ,GROWWAMC - GROWWMETAL,12.9,12.9,12.42,12.5,12.48,12.59,422914,5296409.61
2026-08-07,GROWWMOM50,INF666M01KJ4,EQ,GROWWAMC - GROWWMOM50,11.19,11.19,10.63,10.85,10.85,10.85,122670,1334160.4
2026-08-07,GROWWN200,INF666M01JV1,EQ,GROWWAMC - GROWWN200,11.51,11.8,11.5,11.57,11.5,11.54,84542,978311.72
2026-08-07,GROWWNET,INF666M01LI4,EQ,GROWWAMC - GROWWNET,10.45,10.45,10.13,10.28,10.3,10.32,388086,3988312.95
2026-08-07,GROWWNIFTY,INF666M01LL8,EQ,GROWWAMC - GROWWNIFTY,10.22,10.22,9.9,9.92,9.93,9.98,625713,6224448.24
2026-08-07,GROWWNXT50,INF666M01LZ8,EQ,GROWWAMC - GROWWNXT50,75.88,75.88,74.7,74.9,74.7,75.18,5009,375800.65
2026-08-07,GROWWPOWER,INF666M01LM6,EQ,GROWWAMC - GROWWPOWER,11.48,11.6,11.47,11.54,11.59,11.47,1363636,15749582.97
2026-08-07,GROWWPSE,INF666M01NQ3,EQ,GROWWAMC - GROWWPSE,98.04,101.08,98.04,99.69,99.9,100.04,3292,328012.3
2026-08-07,GROWWPSUBK,INF666M01OG2,EQ,GROWWAMC - GROWWPSUBK,87.01,88.89,86.66,88.41,87.74,87.81,12561,1106422.83
2026-08-07,GROWWRAIL,INF666M01JJ6,EQ,GROWWAMC - GROWWRAIL,29.55,29.71,29.38,29.52,29.6,29.5,741734,21902263.22
2026-08-07,GROWWRLTY,INF666M01MN2,EQ,GROWWAMC - GROWWRLTY,9.97,10.07,9.92,9.93,9.98,9.97,613374,6122635.24
2026-08-07,GROWWSC250,INF666M01MO0,EQ,GROWWAMC - GROWWSC250,10.75,10.75,10.52,10.69,10.75,10.64,301504,3206453.42
2026-08-07,GROWWSLVR,INF666M01OF4,EQ,GROWWAMC - GROWWSLVR,22.02,22.63,19.23,22.21,22.25,21.98,2980493,66431541.74
2026-08-07,PVTBKGROWW,INF666M01OT5,EQ,GROWWAMC - PVTBKGROWW,27.99,28.19,27.11,27.49,27.63,27.9,20571,566696.37
2026-08-07,SMALLGROWW,INF666M01PG9,EQ,GROWWAMC - SMALLGROWW,48.79,49.8,47.59,49.04,48.83,48.3,8881,431863.13
2026-08-07,GRPLTD,INE137I01015,EQ,GRP LIMITED,2042.0,2049.6,1995.0,2003.5,2007.5,2042.2,711,1429573.0
2026-08-07,GSMFOILS,INE0SQY01018,SM,GSM FOILS LIMITED,126.1,126.1,126.1,126.1,126.1,132.7,26500,3341650.0
2026-08-07,GSPCROP,INE713R01022,EQ,GSP CROP SCIENCE LIMITED,597.25,599.7,589.65,597.5,594.0,592.35,215734,128544216.65
2026-08-07,GSS,INE871H01011,EQ,GSS INFOTECH LIMITED,13.41,14.29,13.4,14.01,13.7,13.54,58577,816921.98
2026-08-07,GTLINFRA,INE221H01019,EQ,GTL INFRA.LTD,1.23,1.3,1.23,1.24,1.25,1.23,47199448,59341927.84
2026-08-07,GTL,INE043A01012,EQ,GTL LTD,7.5,8.2,7.45,7.82,7.81,7.38,1141058,8968619.8
2026-08-07,GTPL,INE869I01013,EQ,GTPL HATHWAY LIMITED,60.98,60.98,59.5,59.79,59.96,59.86,11627,698829.03
2026-08-07,GUFICBIO,INE742B01025,EQ,GUFIC BIOSCIENCES LTD.,404.65,423.25,404.65,421.4,417.2,404.35,266330,111019970.15
2026-08-07,GIPCL,INE162A01010,EQ,GUJ IND POW CO. LTD,159.0,159.95,157.55,157.93,157.75,159.21,233908,36985612.73
2026-08-07,GNFC,INE113A01013,EQ,GUJ NAR VAL FER & CHEM L,541.5,546.95,534.0,535.5,535.5,542.95,261632,141231865.65
2026-08-07,GSFC,INE026A01025,EQ,GUJ STATE FERT & CHEM LTD,162.71,162.71,160.2,161.22,160.28,162.43,255534,41275748.25
2026-08-07,GUJAPOLLO,INE826C01016,EQ,GUJ. APOLLO IND. LTD.,368.45,374.4,363.5,367.75,367.5,367.6,6392,2347626.85
2026-08-07,GUJALKALI,INE186A01019,EQ,GUJARAT ALKALIES & CHEM,694.15,700.9,670.0,674.0,671.0,680.8,128249,87810318.25
2026-08-07,GAEL,INE036B01030,EQ,GUJARAT AMBUJA EXPORTS LT,176.9,176.9,167.15,169.22,168.0,177.72,1955074,334502914.22
2026-08-07,GUJENERGY,INE844O01030,EQ,GUJARAT ENERGY LIMITED,274.8,276.55,263.9,265.3,266.15,275.6,972767,261183338.15
2026-08-07,FLUOROCHEM,INE09N301011,EQ,GUJARAT FLUOROCHEM LTD,4547.9,4634.8,4460.4,4518.1,4546.0,4548.0,133639,608016202.1
2026-08-07,GKSL,INE0V0W01025,EQ,GUJARAT KIDNEY N SUP SP L,133.95,135.27,132.5,134.38,133.52,133.95,121300,16267082.74
2026-08-07,GLFL,INE540A01017,BE,GUJARAT LEASE FINANCING L,5.38,5.4,5.13,5.2,5.2,5.4,6227,32875.17
2026-08-07,GMDCLTD,INE131A01031,EQ,GUJARAT MINERAL DEV CORP,594.0,594.0,580.3,582.8,583.8,596.75,980159,573035485.75
2026-08-07,GNRL,INE207H01018,EQ,GUJARAT NATURAL RES L,95.05,95.08,93.05,93.92,93.9,95.25,66941,6297226.12
2026-08-07,GPPL,INE517F01014,EQ,GUJARAT PIPAVAV PORT LTD,150.96,152.12,150.26,151.63,151.8,151.26,689006,104233122.52
2026-08-07,GUJRAFFIA,INE610B01024,EQ,GUJARAT RAFFIA INDUST LTD,40.1,41.0,40.1,40.28,40.25,39.93,3583,145957.84
2026-08-07,GUJTHEM,INE942C01045,EQ,GUJARAT THEMIS BIOSYN LTD,364.8,382.2,341.65,355.95,359.0,361.9,677948,249267723.4
2026-08-07,GULFOILLUB,INE635Q01029,EQ,GULF OIL LUB. IND. LTD.,1204.5,1220.0,1185.3,1189.5,1195.0,1204.5,77703,93260384.8
2026-08-07,GULPOLY,INE255D01024,EQ,GULSHAN POLYOLS LIMITED,215.0,227.63,203.0,204.87,205.0,207.21,4706083,1006332818.48
2026-08-07,GVKPIL,INE251H01024,BE,GVK POW. & INFRA LTD.,2.4,2.42,2.36,2.37,2.38,2.4,865498,2054420.81
2026-08-07,GVPTECH,INE382T01030,EQ,GVP INFOTECH LIMITED,6.9,7.05,6.85,6.94,6.96,6.9,25705,178370.94
2026-08-07,GYFTR,INE724A01017,EQ,GYFTR LIMITED,159.99,170.0,156.48,164.3,165.18,159.4,39793,6447188.53
2026-08-07,HBESD,INE640B01021,EQ,H B ESTATE DEVELOPERS L,74.51,78.94,74.51,78.52,78.5,75.28,6295,484366.4
2026-08-07,HGINFRA,INE926X01010,EQ,H.G.INFRA ENGINEERING LTD,550.0,551.95,547.0,549.15,549.0,552.3,24516,13474459.7
2026-08-07,HALDER,INE115S01010,EQ,HALDER VENTURE LIMITED,259.1,267.0,256.12,261.44,261.9,260.77,25535,6680963.63
2026-08-07,HALDYNGL,INE506D01020,BE,HALDYN GLASS LTD.,136.8,136.8,129.0,130.58,130.5,132.79,39715,5206305.88
2026-08-07,HALEOSLABS,INE320X01016,EQ,HALEOS LABS LIMITED,1431.6,1469.6,1431.6,1457.4,1464.0,1438.7,391,570537.5
2026-08-07,HGM,INE596H01014,EQ,HANDSON GBL MNGMNT LTD,49.99,49.99,47.25,48.22,48.0,49.1,4486,217340.01
2026-08-07,HAPPSTMNDS,INE419U01012,EQ,HAPPIEST MINDS TECHNO LTD,409.95,415.6,403.05,407.7,406.55,406.15,959591,392014902.5
2026-08-07,HAPPYFORGE,INE330T01021,EQ,HAPPY FORGINGS LIMITED,1889.9,1934.1,1858.1,1906.2,1895.0,1870.0,125748,238923486.4
2026-08-07,WHITEFORCE,INE0TLP01015,SM,HAPPY SQUARE OUTSOURC S L,37.4,39.0,37.4,39.0,39.0,39.0,59200,2306240.0
2026-08-07,HAPPY,INE1GFG01011,SM,HAPPY STEELS LIMITED,61.75,66.0,61.75,65.6,66.0,61.75,132000,8575700.0
2026-08-07,HARDWYN,INE626Z01029,EQ,HARDWYN INDIA LIMITED,11.3,11.5,11.23,11.26,11.24,11.27,987070,11126875.61
2026-08-07,HARIOMPIPE,INE00EV01017,EQ,HARIOM PIPE INDUSTRIES L,394.8,406.85,394.8,398.9,398.45,396.7,105549,42228822.75
2026-08-07,HARRMALAYA,INE544A01019,EQ,HARRISON MALAYALAM LTD,225.9,225.9,220.1,222.53,223.0,222.27,14735,3286296.57
2026-08-07,HARSHA,INE0JUS01029,EQ,HARSHA ENGINEERS INT LTD,424.95,434.5,420.0,426.4,428.4,425.0,208520,89759033.2
2026-08-07,HATHWAY,INE982F01036,EQ,HATHWAY CABLE & DATACOM,10.8,10.94,10.78,10.91,10.91,10.83,997495,10857172.24
2026-08-07,HATSUN,INE473B01035,EQ,HATSUN AGRO PRODUCT LTD.,927.15,948.0,912.0,941.1,940.0,927.25,50521,47476887.35
2026-08-07,HAVELLS,INE176B01034,EQ,HAVELLS INDIA LIMITED,1276.2,1293.6,1276.2,1288.0,1288.0,1285.5,1506943,1938750068.3
2026-08-07,HAWKINCOOK,INE979B01015,EQ,HAWKINS COOKERS LTD,8494.5,8500.0,8315.0,8398.5,8450.0,8465.0,967,8130786.0
2026-08-07,HBSL,INE550B01022,EQ,HB STOCKHOLDINGS LIMITED,57.92,58.99,53.51,56.54,57.99,58.11,6878,390276.13
2026-08-07,HBLENGINE,INE292B01021,EQ,HBL ENGINEERING LTD,734.0,743.8,720.1,727.1,720.2,736.15,548362,401418592.95
2026-08-07,HCL-INSYS,INE236A01020,EQ,HCL INFOSYSTEMS LTD,11.52,11.68,11.35,11.48,11.5,11.6,112816,1298452.39
2026-08-07,HCLTECH,INE860A01027,EQ,HCL TECHNOLOGIES LTD,1329.0,1369.0,1328.0,1356.6,1356.6,1335.0,1725616,2336388494.3
2026-08-07,HDBFS,INE756I01012,EQ,HDB FINANCIAL SERVICES L,672.9,676.95,663.5,665.65,665.5,674.9,707215,470953889.35
2026-08-07,HDFCAMC,INE127D01025,EQ,HDFC AMC LIMITED,2534.0,2552.4,2521.2,2545.0,2545.0,2538.1,310098,787943601.6
2026-08-07,HDFCBANK,INE040A01034,EQ,HDFC BANK LTD,733.0,736.0,728.2,731.0,731.0,734.3,19382042,14192225193.55
2026-08-07,HDFCGOLD,INF179KC1981,EQ,HDFC GOLD ETF,126.98,127.65,125.18,127.45,127.52,126.44,1948121,247228383.95
2026-08-07,HDFCLIFE,INE795G01014,EQ,HDFC LIFE INS CO LTD,542.5,544.95,537.5,540.0,540.0,542.5,1413369,764852536.8
2026-08-07,HDFCBSE500,INF179KC1EZ4,EQ,HDFCAMC - HDFCBSE500,38.27,38.38,37.7,38.1,37.7,38.27,924926,35346822.6
2026-08-07,HDFCGROWTH,INF179KC1DJ0,EQ,HDFCAMC - HDFCGROWTH,123.5,123.95,122.6,123.36,122.6,122.4,18085,2236942.17
2026-08-07,HDFCLIQUID,INF179KC1JG3,EQ,HDFCAMC - HDFCLIQUID,1072.89,1072.91,1072.89,1072.9,1072.9,1072.48,70103,75213892.99
2026-08-07,HDFCLOWVOL,INF179KC1HU8,EQ,HDFCAMC - HDFCLOWVOL,21.28,21.34,21.21,21.3,21.33,21.18,6233,132531.07
2026-08-07,HDFCMID150,INF179KC1HT0,EQ,HDFCAMC - HDFCMID150,23.92,23.92,23.6,23.69,23.67,23.66,514229,12178543.08
2026-08-07,HDFCMOMENT,INF179KC1HV6,EQ,HDFCAMC - HDFCMOMENT,31.19,31.35,31.15,31.24,31.16,31.03,122141,3815855.86
2026-08-07,HDFCNEXT50,INF179KC1HS2,EQ,HDFCAMC - HDFCNEXT50,75.98,76.42,75.63,75.99,76.21,75.89,649415,49523725.94
2026-08-07,HDFCNIF100,INF179KC1HR4,EQ,HDFCAMC - HDFCNIF100,25.88,27.21,25.88,26.56,26.58,26.55,38154,1015546.67
2026-08-07,HDFCNIFBAN,INF179KC1HY0,EQ,HDFCAMC - HDFCNIFBAN,60.06,60.09,59.44,59.5,59.46,59.63,87433,5205343.09
2026-08-07,HDFCNIFIT,INF179KC1IA8,EQ,HDFCAMC - HDFCNIFIT,33.24,33.95,33.24,33.66,33.4,33.25,194686,6557102.14
2026-08-07,HDFCNIFTY,INF179KC1965,EQ,HDFCAMC - HDFCNIFTY,283.57,289.24,276.39,277.35,276.6,276.66,22894,6346439.52
2026-08-07,HDFCNIMEG,INF179KC1KT4,EQ,HDFCAMC - HDFCNIMEG,131.11,132.2,130.8,131.8,132.2,132.02,353045,46532020.36
2026-08-07,HDFCPVTBAN,INF179KC1HZ7,EQ,HDFCAMC - HDFCPVTBAN,28.34,28.36,27.7,27.92,28.1,28.25,505375,14165654.28
2026-08-07,HDFCQUAL,INF179KC1DL6,EQ,HDFCAMC - HDFCQUAL,59.99,60.32,59.5,59.8,59.5,59.38,30353,1824772.35
2026-08-07,HDFCSENSEX,INF179KC1HX2,EQ,HDFCAMC - HDFCSENSEX,89.4,89.48,88.61,88.98,89.19,89.26,23827,2124841.57
2026-08-07,HDFCSILVER,INF179KC1DI2,EQ,HDFCAMC - HDFCSILVER,214.75,221.2,214.75,220.43,219.78,214.75,4361051,954423561.9
2026-08-07,HDFCSML250,INF179KC1FB2,EQ,HDFCAMC - HDFCSML250,186.3,186.9,183.85,184.89,185.14,185.47,957074,177006092.36
2026-08-07,HDFCVALUE,INF179KC1DK8,EQ,HDFCAMC - HDFCVALUE,128.75,128.92,128.2,128.25,128.73,128.52,6457,828706.91
2026-08-07,HDFCPSUBK,INF179KC1HW4,EQ,HDFCAMC HDFCPSUBK,86.5,89.74,86.1,88.63,88.0,87.69,741133,65766868.07
2026-08-07,HEADSUP,INE759V01019,EQ,HEADS UP VENTURES LIMITED,7.46,7.46,6.77,6.99,7.0,7.02,20909,145126.5
2026-08-07,HEALTHX,INE019J01013,EQ,HEALTH X PLATFORM LIMITED,317.9,318.0,303.9,306.65,304.25,308.9,4046,1240648.85
2026-08-07,HCG,INE075I01017,EQ,HEALTHCARE GLOB. ENT. LTD,670.1,679.5,656.15,675.85,670.0,678.5,337700,226276310.55
2026-08-07,HECPROJECT,INE558R01013,EQ,HEC INFRA PROJECTS LTD,130.01,134.5,130.01,132.75,134.5,131.74,5447,719242.12
2026-08-07,HEG,INE545A01024,EQ,HEG LTD,684.0,689.9,670.05,674.0,670.05,685.1,597260,406373868.5
2026-08-07,HEIDELBERG,INE578A01017,EQ,HEIDELBERGCEMENT (I) LTD,156.5,157.69,156.0,156.27,156.01,157.17,49078,7677607.85
2026-08-07,HEMIPROP,INE0AJG01018,EQ,HEMISPHERE PROP IND LTD,137.5,138.79,137.5,138.04,138.15,137.93,119657,16514886.38
2026-08-07,HERANBA,INE694N01015,EQ,HERANBA INDUSTRIES LTD,181.0,181.99,176.04,178.78,179.4,179.05,26957,4837263.39
2026-08-07,HERITGFOOD,INE978A01027,EQ,HERITAGE FOODS LTD,358.55,368.0,354.7,361.8,364.0,358.55,617938,223485320.15
2026-08-07,HEROMOTOCO,INE158A01026,EQ,HERO MOTOCORP LIMITED,5541.0,5800.0,5541.0,5725.0,5725.0,5550.5,1914675,10930205030.0
2026-08-07,HESTERBIO,INE782E01017,EQ,HESTER BIOSCIENCES LTD,2484.7,2500.8,2401.0,2417.9,2410.2,2458.5,5928,14503400.7
2026-08-07,HEXATRADEX,INE750M01017,EQ,HEXA TRADEX LIMITED,164.5,164.98,161.3,163.32,163.99,164.01,1008,165059.06
2026-08-07,HEXAGON,INE0JUI01012,BE,HEXAGON NUTRITION LIMITED,64.1,65.29,64.0,64.15,64.5,65.16,129510,8322247.78
2026-08-07,HEXT,INE093A01041,EQ,HEXAWARE TECHNOLOGIES LTD,557.9,566.55,552.5,564.6,565.25,556.0,319559,179340978.35
2026-08-07,HFCL,INE548A01028,EQ,HFCL LIMITED,203.98,211.52,201.0,207.98,207.8,203.67,19489977,4024911847.5
2026-08-07,HIGREEN,INE0PIC01017,SM,HI GREEN CARBON LIMITED,137.05,139.3,137.05,138.95,139.0,138.95,25600,3545240.0
2026-08-07,HITECH,INE106T01025,EQ,HI-TECH PIPES LIMITED,84.7,85.48,83.53,83.92,83.99,84.99,733214,61748535.3
2026-08-07,HILINFRA,INE00RL01028,EQ,HIGHWAY INFRASTRUCTURE L,45.05,46.29,44.92,45.01,45.0,45.53,64272,2918486.84
2026-08-07,HIKAL,INE475B01022,EQ,HIKAL LIMITED,216.99,230.0,216.02,227.14,226.0,221.43,812011,180951147.56
2026-08-07,HILTON,INE788H01017,BE,HILTON METAL FORGING LTD,21.45,21.45,20.81,21.41,21.35,21.05,40270,857704.74
2026-08-07,HSCL,INE019C01026,EQ,HIMADRI SPECIALITY CHEM L,761.4,771.95,751.0,752.65,751.95,761.0,4327549,3294716890.15
2026-08-07,HIMATSEIDE,INE049A01027,EQ,HIMATSINGKA SEIDE LTD,79.42,81.6,79.24,80.69,80.8,79.53,578999,46669760.8
2026-08-07,HIRECT,INE835D01023,EQ,HIND RECTIFIER LIMITED,1303.9,1328.0,1294.0,1310.2,1315.3,1297.2,54460,71361149.1
2026-08-07,HINDALCO,INE038A01020,EQ,HINDALCO  INDUSTRIES  LTD,1017.0,1059.6,1017.0,1059.6,1059.6,1027.0,9284747,9657934161.15
2026-08-07,HINDCON,INE642Y01029,EQ,HINDCON CHEMICALS LIMITED,22.41,23.0,22.41,22.5,22.5,22.85,7162,161385.36
2026-08-07,HPIL,INE05X901010,EQ,HINDPRAKASH INDUSTRY LTD,130.0,131.25,127.0,129.45,130.88,128.85,2501,325685.04
2026-08-07,HGS,INE170I01016,EQ,HINDUJA GLOBAL SOLS. LTD.,423.05,440.9,420.35,428.4,429.0,423.05,52313,22434298.9
2026-08-07,HAL,INE066F01020,EQ,HINDUSTAN AERONAUTICS LTD,4925.0,4975.0,4876.0,4910.0,4910.0,4920.0,1083102,5325116817.7
2026-08-07,HINDCOMPOS,INE310C01029,EQ,HINDUSTAN COMPOSITES LTD.,425.5,429.9,418.25,424.0,427.65,419.9,2794,1184322.35
2026-08-07,HCC,INE549A01026,EQ,HINDUSTAN CONSTRUCTION CO,21.0,21.49,20.38,20.52,20.53,21.55,40417420,843808121.76
2026-08-07,HINDCOPPER,INE531E01026,EQ,HINDUSTAN COPPER LTD,543.75,548.0,532.1,536.1,536.0,545.95,9431736,5090431154.45
2026-08-07,HNDFDS,INE254N01026,EQ,HINDUSTAN FOODS LIMITED,570.5,581.7,570.5,576.2,576.5,575.0,30987,17866083.5
2026-08-07,HMVL,INE871K01015,BE,HINDUSTAN MEDIA VENT LTD,103.96,103.96,98.62,98.67,98.62,103.81,14148,1412122.23
2026-08-07,HINDOILEXP,INE345A01011,EQ,HINDUSTAN OIL EXPLORATION,158.0,159.01,155.2,155.74,155.6,157.41,230643,36184788.22
2026-08-07,HINDPETRO,INE094A01015,EQ,HINDUSTAN PETROLEUM CORP,392.95,395.45,392.0,393.05,393.05,395.0,5095295,2004783678.6
2026-08-07,HINDUNILVR,INE030A01027,EQ,HINDUSTAN UNILEVER LTD.,2083.1,2099.4,2077.2,2096.0,2096.0,2079.5,1054665,2208631206.0
2026-08-07,HINDZINC,INE267A01025,EQ,HINDUSTAN ZINC LIMITED,593.0,605.85,590.05,603.0,603.0,590.0,6362181,3815503774.3
2026-08-07,HINDWAREAP,INE05AN01011,EQ,HINDWARE HME INOVATON LTD,216.64,227.0,216.64,221.04,222.47,218.59,46887,10392510.59
2026-08-07,HISARMETAL,INE598C01011,EQ,HISAR METAL IND. LIMITED,152.16,154.5,151.99,152.02,152.01,148.25,4513,687836.44
2026-08-07,POWERINDIA,INE07Y701011,EQ,HITACHI ENERGY INDIA LTD,31945.0,32680.0,31945.0,32600.0,32600.0,31900.0,91167,2959637850.0
2026-08-07,HITECHCORP,INE120D01012,BE,HITECH CORPORATION LTD,323.9,323.9,319.5,322.3,322.05,320.1,4477,1437871.15
2026-08-07,HLEGLAS,INE461D01028,EQ,HLE GLASCOAT LIMITED,454.45,485.0,454.4,467.05,465.7,454.4,1276168,605422535.3
2026-08-07,HLVLTD,INE102A01024,EQ,HLV LIMITED,7.34,7.34,7.13,7.24,7.27,7.25,141611,1025291.25
2026-08-07,HMAAGRO,INE0ECP01024,EQ,HMA AGRO INDUSTRIES LTD,20.85,22.54,20.8,22.23,21.99,20.92,2059506,44641859.73
2026-08-07,HOMEFIRST,INE481N01025,EQ,HOME FIRST FIN CO IND LTD,1190.0,1196.2,1182.7,1193.8,1193.0,1191.1,174676,207524822.0
2026-08-07,HONASA,INE0J5401028,EQ,HONASA CONSUMER LIMITED,467.8,480.0,465.45,477.6,475.3,465.65,982060,466380749.45
2026-08-07,HONDAPOWER,INE634A01018,EQ,HONDA I POWER PRODUCT LTD,2101.0,2112.9,2085.0,2093.4,2100.0,2090.5,2781,5833011.8
2026-08-07,HONAUT,INE671A01010,EQ,HONEYWELL AUTOMATION IND,38120.0,38335.0,37755.0,37900.0,37830.0,38315.0,2131,80958830.0
2026-08-07,HPAL,INE0GSL01024,EQ,HP ADHESIVES LIMITED,35.64,35.64,33.66,34.16,34.6,35.15,53779,1842918.55
2026-08-07,HPTL,INE0VA601019,SM,HP TELECOM INDIA LIMITED,281.3,310.85,281.3,310.85,310.85,296.05,6600,1985640.0
2026-08-07,HPL,INE495S01016,EQ,HPL ELECTRIC & POWER LTD,343.8,347.8,340.1,342.1,345.5,344.4,98454,33715311.9
2026-08-07,HRHNEXT,INE0R3501012,SM,HRH NEXT SERVICES LIMITED,26.5,26.5,25.65,25.65,25.65,27.0,34500,887550.0
2026-08-07,HSBCGOLD,INF336L01RX2,EQ,HSBCAMC - HSBCGOLD,128.59,130.71,128.15,130.48,129.85,128.59,14500,1862075.95
2026-08-07,HUDCO,INE031A01017,EQ,HSG & URBAN DEV CORPN LTD,201.9,202.69,200.0,201.04,201.01,202.11,1224833,246622816.07
2026-08-07,HTMEDIA,INE501G01024,EQ,HT MEDIA LIMITED,27.37,28.4,26.5,27.74,28.0,26.91,331196,9060339.46
2026-08-07,HUBTOWN,INE703H01016,EQ,HUBTOWN LIMITED,179.7,182.0,174.5,175.11,175.75,179.7,674676,119689100.34
2026-08-07,HUHTAMAKI,INE275B01026,EQ,HUHTAMAKI INDIA LIMITED,287.85,289.4,271.35,274.95,275.4,289.95,323508,90222365.75
2026-08-07,HYBRIDFIN,INE965B01022,BE,HYBRID FINANCIAL SERVICE,17.96,17.96,17.16,17.73,17.73,17.5,4465,78304.09
2026-08-07,HYUNDAI,INE0V6F01027,EQ,HYUNDAI MOTOR INDIA LTD,2209.1,2215.2,2196.0,2200.5,2200.5,2212.0,279115,615674666.1
2026-08-07,IGPL,INE204A01010,EQ,I G PETROCHEMICALS LTD,505.0,511.3,488.25,492.9,490.0,503.0,77030,38392984.3
2026-08-07,IBLFL,INE0O7401018,SM,IBL FINANCE LIMITED,61.0,61.0,61.0,61.0,61.0,61.0,2000,122000.0
2026-08-07,ICELCO,INE0XE501015,SM,IC ELECTRICALS COMPANY L,149.0,149.0,145.5,146.45,145.5,147.2,21600,3183000.0
2026-08-07,ICDSLTD,INE613B01010,EQ,ICDS LTD,43.8,43.8,42.0,42.02,42.0,40.72,535,22834.16
2026-08-07,ICEMAKE,INE520Y01019,EQ,ICE MAKE REFRIGERAT LTD,820.0,834.0,817.0,820.2,817.2,828.1,12377,10210904.45
2026-08-07,ICICIBANK,INE090A01021,EQ,ICICI BANK LTD.,1451.0,1455.0,1418.2,1421.0,1421.0,1457.5,14395789,20631553752.1
2026-08-07,ICICIGI,INE765G01017,EQ,ICICI LOMBARD GIC LIMITED,1646.1,1658.7,1631.4,1639.0,1639.0,1658.0,395441,649859154.9
2026-08-07,LOWVOLIETF,INF109KC19U5,EQ,ICICI PR NIF LW VL 30 ETF,23.28,23.28,22.6,22.76,22.75,22.82,1904851,43477852.33
2026-08-07,ICICIPRULI,INE726G01019,EQ,ICICI PRU LIFE INS CO LTD,509.6,509.6,501.05,501.05,501.05,507.0,974283,491060352.9
2026-08-07,MIDSELIETF,INF109KC10W0,EQ,ICICI PRUD MIDCAP SEL ETF,20.15,20.15,19.72,19.79,19.83,19.75,244677,4840502.13
2026-08-07,NIF100IETF,INF109KC16V9,EQ,ICICI PRUD NIFTY 100 ETF,28.71,28.78,28.64,28.72,28.7,28.71,50493,1449424.15
2026-08-07,NIFTYIETF,INF109K012R6,EQ,ICICI PRUD NIFTY ETF,283.0,283.0,278.01,278.25,278.1,279.06,336699,93743703.65
2026-08-07,SENSEXIETF,INF346A01034,EQ,ICICI PRUD SENSEX ETF,900.03,907.85,900.03,904.29,902.35,908.01,7702,6960598.74
2026-08-07,ICICIAMC,INE346A01027,EQ,ICICI PRUDENTIAL AMC LTD,3080.4,3098.0,3055.2,3072.8,3073.0,3080.4,139482,429072948.0
2026-08-07,GOLDIETF,INF109KC1NT3,EQ,ICICI PRUDENTIAL GOLD ETF,128.0,128.1,126.26,127.88,128.0,127.05,3553151,452288891.18
2026-08-07,NV20IETF,INF109KC11V0,EQ,ICICI PRUDENTIAL NV20 ETF,13.97,13.97,13.83,13.91,13.96,13.84,331768,4617266.42
2026-08-07,ICICIB22,INF109KB15Y7,EQ,ICICIPRAMC - BHARATIWIN,116.97,117.98,115.1,116.62,116.91,117.42,322958,37829593.19
2026-08-07,CASHIETF,INF109K1A021,EQ,ICICIPRAMC - CASHIETF,1074.47,1074.49,1074.47,1074.48,1074.48,1074.03,238934,256729644.39
2026-08-07,EVIETF,INF109K1A153,EQ,ICICIPRAMC - EVIETF,33.75,34.46,33.68,34.23,34.45,33.68,380734,12997987.2
2026-08-07,GSEC10IETF,INF109KC18O0,EQ,ICICIPRAMC - ICICI10GS,265.0,265.0,265.0,265.0,265.0,265.0,1701,450765.0
2026-08-07,BSE500IETF,INF109KC1V59,EQ,ICICIPRAMC - ICICI500,40.0,40.18,40.0,40.06,40.06,40.18,53196,2133584.53
2026-08-07,GSEC5IETF,INF109KC14A8,EQ,ICICIPRAMC - ICICI5GSEC,66.58,67.24,66.0,66.5,66.5,66.51,100011,6664507.4
2026-08-07,ALPL30IETF,INF109KC17V7,EQ,ICICIPRAMC - ICICIALPLV,29.17,29.17,28.41,28.56,28.55,28.47,145101,4145114.41
2026-08-07,AUTOIETF,INF109KC10V2,EQ,ICICIPRAMC - ICICIAUTO,30.26,30.75,30.16,30.7,30.75,30.16,2138012,65446304.82
2026-08-07,PVTBANIETF,INF109KC18U7,EQ,ICICIPRAMC - ICICIBANKP,28.06,28.06,27.72,27.77,27.85,28.03,3291470,91611624.76
2026-08-07,COMMOIETF,INF109KC19O8,EQ,ICICIPRAMC - ICICICOMMO,101.27,101.85,100.98,101.67,101.85,101.32,41767,4235869.9
2026-08-07,CONSUMIETF,INF109KC1V42,EQ,ICICIPRAMC - ICICICONSU,125.98,126.7,125.2,126.13,125.2,125.77,12283,1551671.76
2026-08-07,FMCGIETF,INF109KC19V3,EQ,ICICIPRAMC - ICICIFMCG,53.85,53.85,52.88,52.99,53.03,53.04,2963447,156975160.4
2026-08-07,INFRAIETF,INF109KC16E5,EQ,ICICIPRAMC - ICICIINFRA,97.31,97.97,96.7,97.67,97.96,97.35,67860,6623554.53
2026-08-07,LIQUIDIETF,INF109KC1KT9,EQ,ICICIPRAMC - ICICILIQ,1000.0,1000.01,999.99,999.99,1000.0,999.99,902366,902365836.3
2026-08-07,MIDCAPIETF,INF109KC11W8,EQ,ICICIPRAMC - ICICIM150,24.17,24.27,24.11,24.15,24.25,24.17,926677,22400965.84
2026-08-07,MOM30IETF,INF109KC17C7,EQ,ICICIPRAMC - ICICIMOM30,31.46,31.88,31.22,31.49,31.4,31.46,630317,19863126.4
2026-08-07,NEXT50IETF,INF109KC1NS5,EQ,ICICIPRAMC - ICICINXT50,78.29,78.98,78.29,78.67,78.78,78.51,1062346,83676492.27
2026-08-07,HEALTHIETF,INF109KC1Q72,EQ,ICICIPRAMC - ICICIPHARM,171.5,171.9,169.9,171.26,171.75,171.24,96796,16560494.92
2026-08-07,QUAL30IETF,INF109KC18V5,EQ,ICICIPRAMC - ICICIQTY30,21.65,21.87,21.52,21.75,21.77,21.65,98523,2145065.13
2026-08-07,SILVERIETF,INF109KC1Y56,EQ,ICICIPRAMC - ICICISILVE,225.99,230.59,223.95,229.95,229.55,223.8,4676113,1065075848.54
2026-08-07,ITIETF,INF109KC16I6,EQ,ICICIPRAMC - ICICITECH,34.61,35.33,34.39,34.88,35.1,34.54,576920,20212091.55
2026-08-07,INSUREIETF,INF109K1A567,EQ,ICICIPRAMC - INSUREIETF,15.85,15.85,15.47,15.52,15.47,15.6,3292526,51161616.73
2026-08-07,BANKIETF,INF109KC15I8,EQ,ICICIPRAMC - IPRU5008,59.49,59.58,59.24,59.44,59.41,59.49,276076,16397179.14
2026-08-07,METALIETF,INF109KC19W1,EQ,ICICIPRAMC - METALIETF,13.39,13.39,13.14,13.27,13.31,13.23,6878032,90862722.38
2026-08-07,OILIETF,INF109KC18W3,EQ,ICICIPRAMC - OILIETF,11.5,11.55,11.42,11.47,11.5,11.5,2604698,29886272.61
2026-08-07,PSUBNKIETF,INF109KC10S8,EQ,ICICIPRAMC - PSUBANKICI,89.28,89.88,87.95,88.76,88.1,88.27,691678,61618980.67
2026-08-07,SMALLIETF,INF109K1A476,EQ,ICICIPRAMC - SMALLIETF,18.59,18.59,18.35,18.36,18.44,18.41,72449,1332021.5
2026-08-07,TOP15IETF,INF109K1A344,EQ,ICICIPRAMC - TOP15IETF,10.13,10.16,10.04,10.12,10.12,10.13,140597,1424599.21
2026-08-07,VAL30IETF,INF109KC16X5,EQ,ICICIPRAMC - VAL30IETF,15.55,15.66,15.5,15.63,15.6,15.55,224460,3500198.09
2026-08-07,FINIETF,INF109KC17L8,EQ,ICICIPRAMC-ICICIFIN,34.56,34.56,33.15,33.26,33.37,33.72,928327,30918299.41
2026-08-07,ICRA,INE725G01011,EQ,ICRA LIMITED,5161.0,5205.0,4975.0,5092.4,5005.0,5175.4,52578,270901451.3
2026-08-07,IDBI,INE008A01015,EQ,IDBI BANK LIMITED,84.55,84.79,84.0,84.22,84.1,84.54,2347275,197902058.85
2026-08-07,IDEAFORGE,INE349Y01013,BE,IDEAFORGE TECHNO LTD,937.0,946.95,898.0,911.65,919.0,916.0,251014,229948948.55
2026-08-07,IDEALTECHO,INE0T9I01011,SM,IDEAL TECHNOPLAST IND LTD,204.0,204.0,181.5,181.5,181.5,170.5,6500,1225175.0
2026-08-07,IDENTICAL,INE0TD101011,SM,IDENTICAL BRAINS STUDIO L,22.8,22.8,17.55,18.35,19.15,19.55,38000,785900.0
2026-08-07,IDFCFIRSTB,INE092T01019,EQ,IDFC FIRST BANK LIMITED,85.0,85.14,84.35,84.62,84.62,85.35,9539702,809106674.74
2026-08-07,IFBAGRO,INE076C01018,BE,IFB AGRO INDUSTRIES LTD,968.25,990.0,961.0,973.75,978.05,968.25,3891,3790704.9
2026-08-07,IFBIND,INE559A01017,EQ,IFB INDUSTRIES LTD,1440.0,1476.1,1383.9,1404.4,1408.0,1440.9,191002,272967895.8
2026-08-07,IFCI,INE039A01010,EQ,IFCI LTD,74.69,75.2,73.73,73.98,74.15,74.91,5929569,440646394.71
2026-08-07,IFGLEXPOR,INE133Y01011,EQ,IFGL REFRACTORIES LIMITED,225.54,229.79,222.06,227.1,225.81,225.45,66656,15134072.26
2026-08-07,IGARASHI,INE188B01013,EQ,IGARASHI MOTORS INDIA LTD,491.0,502.0,461.4,465.15,465.7,493.8,688069,329532505.6
2026-08-07,IIFLCAPS,INE489L01022,EQ,IIFL CAPITAL SERVICES LTD,335.45,336.8,333.3,334.15,334.1,335.45,741210,247829583.75
2026-08-07,IIFL,INE530B01024,EQ,IIFL FINANCE LIMITED,607.8,620.0,603.7,611.75,618.8,609.35,1048214,638455682.3
2026-08-07,IKIO,INE0LOJ01019,EQ,IKIO TECHNOLOGIES LIMITED,201.65,205.24,198.0,204.05,204.0,201.65,224589,45254504.96
2026-08-07,IVC,INE050B01023,EQ,IL&FS INVESTMENT MANAGERS,8.09,8.24,8.09,8.19,8.2,8.09,147478,1204042.37
2026-08-07,IMAGICAA,INE172N01012,EQ,IMAGICAAWORLD ENT LTD,51.99,52.97,49.69,52.14,51.9,51.1,1999498,103460423.36
2026-08-07,INCREDIBLE,INE452L01012,EQ,INCREDIBLE INDUSTRIES LTD,33.36,33.8,32.23,32.51,33.0,33.04,1532,50309.82
2026-08-07,IMPAL,INE547E01014,EQ,IND MOTOR PART & ACC LTD,1094.5,1113.9,1084.1,1097.7,1108.0,1096.9,1306,1441040.6
2026-08-07,INDSWFTLAB,INE915B01019,EQ,IND SWIFT LABORATORIES LT,225.7,233.2,225.0,228.41,228.3,226.48,277067,63496218.46
2026-08-07,INDTERRAIN,INE611L01021,EQ,IND TERRAIN FASHIONS LTD,32.5,32.5,31.52,31.7,31.56,32.32,33494,1060659.31
2026-08-07,INDBANK,INE841B01017,EQ,INDBANK MERCH BANK,32.6,33.75,32.52,32.96,33.25,32.26,67064,2219851.08
2026-08-07,BAJAJINDEF,INE0O9T01021,EQ,INDEF MANUFACTURING LTD,238.0,238.0,231.25,232.57,231.25,236.77,16338,3829856.04
2026-08-07,INDGN,INE065X01017,EQ,INDEGENE LIMITED,557.5,561.9,546.1,554.45,552.0,550.2,963198,534390124.7
2026-08-07,INDIAGLYCO,INE560A01023,EQ,INDIA GLYCOLS LTD,1148.0,1160.9,1140.0,1143.6,1145.0,1151.0,59290,68204589.1
2026-08-07,INDNIPPON,INE092B01025,EQ,INDIA NIPPON ELECT  LTD,1159.4,1190.0,1135.0,1166.0,1135.0,1152.5,34499,40409415.6
2026-08-07,IPL,INE0D6701023,EQ,INDIA PESTICIDES LIMITED,145.0,145.98,144.8,145.29,145.85,145.61,68426,9946463.07
2026-08-07,INDIASHLTR,INE922K01024,EQ,INDIA SHELTER FIN CORP L,715.1,717.95,684.25,691.9,692.0,734.85,324945,226903261.7
2026-08-07,ITDC,INE353K01014,EQ,INDIA TOUR. DEV. CO. LTD.,707.0,716.25,700.0,701.75,701.85,708.2,91054,64258501.55
2026-08-07,IBULLSLTD,INE126M01010,BE,INDIABULLS LIMITED,31.4,31.9,28.98,29.43,29.52,30.5,9269855,278504677.82
2026-08-07,INDIAMART,INE933S01016,EQ,INDIAMART INTERMESH LTD,1763.8,1768.5,1748.0,1755.0,1754.0,1763.5,129819,228158046.8
2026-08-07,INDIANB,INE562A01011,EQ,INDIAN BANK,879.35,899.0,878.1,889.5,889.5,877.9,4024185,3579603932.85
2026-08-07,INDIANCARD,INE061A01014,EQ,INDIAN CARD CLOTHING CO.,220.64,227.98,219.85,219.99,219.85,220.15,1201,266580.96
2026-08-07,IEML,INE0RRU01016,SM,INDIAN EMULSIFIERS LTD,43.45,45.5,43.0,43.95,44.0,41.95,51000,2256750.0
2026-08-07,IEX,INE022Q01020,EQ,INDIAN ENERGY EXC LTD,128.26,128.67,126.52,127.1,127.1,128.83,2475559,315343577.71
2026-08-07,INDIANHUME,INE323C01030,EQ,INDIAN HUME PIPE CO. LTD.,390.1,393.0,385.3,392.1,392.0,387.8,19965,7779179.45
2026-08-07,IMFA,INE919H01018,EQ,INDIAN METALS & FERRO,1507.0,1511.1,1453.8,1472.2,1474.0,1510.1,207743,307651577.0
2026-08-07,IOC,INE242A01010,EQ,INDIAN OIL CORP LTD,141.99,143.4,141.81,143.38,143.38,142.66,5173696,738081687.96
2026-08-07,IOB,INE565A01014,EQ,INDIAN OVERSEAS BANK,34.8,34.8,34.15,34.26,34.3,34.8,2285872,78664150.61
2026-08-07,IPHL,INE0DHF01018,SM,INDIAN PHOSPHATE LIMITED,68.5,71.0,68.5,70.25,70.25,70.15,8400,588480.0
2026-08-07,IRCTC,INE335Y01020,EQ,INDIAN RAIL TOUR CORP LTD,520.45,521.8,514.2,519.95,520.0,520.45,994282,516325818.4
2026-08-07,IRFC,INE053F01010,EQ,INDIAN RAILWAY FIN CORP L,89.29,89.47,88.57,88.75,88.75,89.29,5732015,509946709.62
2026-08-07,IREDA,INE202E01016,EQ,INDIAN RENEWABLE ENERGY,120.5,121.9,119.55,119.8,119.8,121.02,4969707,598245018.5
2026-08-07,IWP,INE586E01020,EQ,INDIAN WOOD PRODUCTS CO L,34.27,34.98,33.0,33.44,34.15,33.6,5128,171994.79
2026-08-07,INDIGOPNTS,INE09VQ01012,EQ,INDIGO PAINTS LIMITED,1128.6,1128.6,1109.1,1120.5,1122.4,1128.6,32642,36506904.8
2026-08-07,INDIQUBE,INE06ST01018,EQ,INDIQUBE SPACES LIMITED,182.0,183.25,178.8,182.6,182.0,181.75,29924,5425333.78
2026-08-07,INDOAMIN,INE760F01028,BE,INDO AMINES LIMITED,132.4,136.0,129.0,130.72,134.35,132.11,95395,12607337.05
2026-08-07,INDOBORAX,INE803D01021,EQ,INDO BORAX & CHEMICAL LTD,410.25,414.35,391.55,400.4,400.0,410.25,131535,53094151.4
2026-08-07,ICIL,INE483B01026,EQ,INDO COUNT INDUSTRIES LTD,421.05,431.95,419.15,426.6,425.4,421.55,293591,125274345.3
2026-08-07,INDOFARM,INE622H01018,EQ,INDO FARM EQUIPMENT LTD,161.15,163.89,157.88,158.97,159.0,163.97,171066,27547825.12
2026-08-07,INDORAMA,INE156A01020,EQ,INDO RAMA SYNTHETICS LTD,60.0,62.04,59.1,59.45,59.25,60.37,124739,7517250.3
2026-08-07,INDOTECH,INE332H01014,BE,INDO TECH TRANSFORM LTD.,3976.8,3976.8,3738.0,3792.6,3775.0,3787.5,39280,152776260.2
2026-08-07,INDOTHAI,INE337M01021,EQ,INDO THAI SEC LTD,99.59,99.59,99.59,99.59,99.59,110.65,204974,20413360.66
2026-08-07,INDOUS,INE250Z01010,EQ,INDO US BIOTECH LTD,84.0,84.0,80.75,81.65,81.73,80.35,18518,1513319.35
2026-08-07,INDOMIM,INE084101034,EQ,INDO-MIM LIMITED,898.2,908.0,850.65,867.35,865.0,878.75,4341220,3791336978.15
2026-08-07,NIPPOBATRY,INE567A01028,EQ,INDO-NATIONAL LIMITED,333.45,335.0,325.0,327.1,325.0,333.45,1737,572251.3
2026-08-07,INDOCO,INE873D01024,EQ,INDOCO REMEDIES LTD.,223.78,224.4,221.04,221.73,221.4,221.83,34169,7601891.01
2026-08-07,IGCL,INE05J901018,EQ,INDOGULF CROPSCIENCES LTD,73.92,75.88,73.0,73.19,73.0,74.72,70230,5190777.73
2026-08-07,WAAREEINDO,INE866K01023,EQ,INDOSOLAR LIMITED,333.95,334.2,327.6,327.6,327.6,344.8,55604,18331633.0
2026-08-07,INDOSTAR,INE896L01010,EQ,INDOSTAR CAPITAL FIN LTD,231.6,234.45,225.65,229.5,225.65,233.4,86020,19921566.65
2026-08-07,INDOWIND,INE227G01018,BE,INDOWIND ENERGY LTD,9.08,9.16,8.76,8.98,8.98,9.08,100481,902236.02
2026-08-07,IGL,INE203G01027,EQ,INDRAPRASTHA GAS LTD,155.0,155.5,151.8,151.94,151.9,154.33,758514,116236118.23
2026-08-07,INDRAMEDCO,INE681B01017,EQ,INDRAPRASTHA MEDICAL CORP,375.0,405.9,375.0,380.65,382.15,361.85,8474274,3315217958.95
2026-08-07,INDUSTOWER,INE121J01017,EQ,INDUS TOWERS LIMITED,385.0,386.8,383.1,386.0,386.0,383.3,3442481,1325229267.95
2026-08-07,INDUSINDBK,INE095A01012,EQ,INDUSIND BANK LIMITED,1010.3,1024.9,1004.4,1022.0,1022.0,1016.2,1727371,1751607103.8
2026-08-07,INDPRUD,INE620D01011,EQ,INDUSTRIAL & PRU INV CO L,6459.0,6459.0,6227.0,6350.0,6350.0,6472.5,193,1227418.5
2026-08-07,IITL,INE886A01014,EQ,INDUSTRIAL INV TRUST LTD,141.1,149.63,141.0,144.86,145.0,141.83,150934,21829628.08
2026-08-07,INFINIUM,INE0MRE01011,SM,INFINIUM PHARMACHEM LTD,212.0,220.0,212.0,219.5,219.5,209.95,7000,1525575.0
2026-08-07,INFLUX,INE0MYZ01012,SM,INFLUX HEALTHTECH LIMITED,290.05,290.05,281.2,283.6,285.0,291.75,13200,3760410.0
2026-08-07,NAUKRI,INE663F01032,EQ,INFO EDGE (I) LTD,1236.9,1244.0,1222.6,1225.3,1225.3,1240.0,747939,920676613.4
2026-08-07,INFOBEAN,INE344S01016,EQ,INFOBEANS TECHNO. LTD.,166.2,171.35,166.2,167.84,169.32,167.77,200763,33935191.4
2026-08-07,INFOLLION,INE0NNZ01013,SM,INFOLLION RESEARCH SER L,153.1,161.4,153.1,161.15,161.0,157.75,14400,2289760.0
2026-08-07,INFOMEDIA,INE669A01022,EQ,INFOMEDIA PRESS LIMITED,5.43,5.65,5.29,5.31,5.31,5.4,1952,10482.73
2026-08-07,INFY,INE009A01021,EQ,INFOSYS LIMITED,1160.0,1183.0,1155.6,1175.1,1175.1,1165.0,7581410,8909896939.8
2026-08-07,INGERRAND,INE177A01018,EQ,INGERSOLL-RAND INDIA LTD,4337.0,4375.0,4308.0,4322.4,4322.0,4337.9,2755,11967313.7
2026-08-07,INNOVACAP,INE0DUT01020,EQ,INNOVA CAPTAB LIMITED,959.7,959.7,937.5,944.5,940.7,954.05,20527,19442455.25
2026-08-07,INNOVANA,INE403Y01018,EQ,INNOVANA THINKLABS LTD,330.2,330.6,328.5,330.0,330.0,331.8,922,303877.25
2026-08-07,INNOVISION,INE0ADB01012,EQ,INNOVISION LIMITED,284.6,289.0,282.6,284.8,285.8,285.1,8814,2507024.35
2026-08-07,INOXGREEN,INE510W01014,BE,INOX GREEN ENERGY SER LTD,172.3,180.5,172.0,179.43,179.5,175.96,409460,72498616.11
2026-08-07,INOXINDIA,INE616N01034,EQ,INOX INDIA LIMITED,1947.9,1991.9,1947.4,1954.7,1956.0,1954.4,125150,245544588.1
2026-08-07,INOXWIND,INE066P01011,EQ,INOX WIND LIMITED,78.3,78.7,76.85,78.0,78.0,78.2,9963031,774537273.24
2026-08-07,INSECTICID,INE070I01018,EQ,INSECTICIDES (I) LTD,648.15,650.0,641.1,647.7,643.25,650.65,7455,4814334.2
2026-08-07,INA,INE0LGX01024,EQ,INSOLATION ENERGY LIMITED,112.5,112.5,109.25,110.56,111.4,112.44,326797,36184869.93
2026-08-07,INSPIRISYS,INE020G01017,BE,INSPIRISYS SOLUTIONS LTD,98.9,101.98,97.95,100.04,100.0,97.6,4483,447321.22
2026-08-07,ESSENTIA,INE418N01035,BE,INTEGRA ESSENTIA LIMITED,1.24,1.25,1.22,1.24,1.24,1.23,790202,980740.79
2026-08-07,INTELLECT,INE306R01017,EQ,INTELLECT DESIGN ARENA,721.95,729.0,715.0,721.35,720.0,721.65,265077,191437539.25
2026-08-07,INTENTECH,INE781A01025,EQ,INTENSE TECHNOLOGIES LTD,84.25,88.0,81.0,83.39,82.56,82.99,57326,4784837.25
2026-08-07,INTERARCH,INE00M901018,EQ,INTERARCH BLDNG SOLTN LTD,1820.0,1820.0,1716.5,1772.8,1781.0,1860.4,189487,334634317.1
2026-08-07,INDIGO,INE646L01027,EQ,INTERGLOBE AVIATION LTD,5284.0,5367.5,5281.0,5333.0,5333.0,5318.5,432283,2306031972.0
2026-08-07,INM,INE0OPC01015,SM,INTERIORS & MORE LIMITED,166.0,166.0,166.0,166.0,166.0,166.0,600,99600.0
2026-08-07,INTLCONV,INE575C01027,EQ,INTL CONVEYORS LIMITED,74.82,75.94,74.6,74.84,75.0,75.14,31341,2351551.85
2026-08-07,IGIL,INE0Q9301021,EQ,INTL GEMOLOGICAL INST LTD,358.5,362.95,354.0,355.8,356.1,360.35,589264,211233896.15
2026-08-07,ISFT,INE566K01011,EQ,INTRASOFT TECH. LTD,78.65,81.0,76.5,77.9,78.0,78.65,3861,301641.9
2026-08-07,INVENTURE,INE878H01024,EQ,INVENTURE GRO & SEC LTD,0.93,0.93,0.89,0.9,0.91,0.92,1803788,1636307.09
2026-08-07,IKS,INE115Q01022,EQ,INVENTURUS KNOWLEDGE SO L,1755.0,1769.7,1686.4,1737.7,1738.0,1763.1,307437,530833173.6
2026-08-07,IVZINGOLD,INF205KA1BP1,EQ,INVESCO INDIA GOLD ETF,128.95,130.4,128.15,129.6,129.5,128.7,173326,22446117.6
2026-08-07,IVZINNIFTY,INF205KA1CC7,EQ,INVESCO INDIA NIFTY ETF,276.22,283.18,276.22,282.78,282.87,283.31,1456,411686.58
2026-08-07,INVPRECQ,INE155E01016,BE,INVESTMENT & PREC CAST L,1136.5,1150.0,1100.0,1133.4,1140.0,1136.5,1553,1749759.2
2026-08-07,INVICTA,INE0XJ501010,SM,INVICTA DIAGNOSTIC LTD,77.5,77.5,76.25,76.9,76.25,79.0,4800,369200.0
2026-08-07,IOLCP,INE485C01029,EQ,IOL CHEM AND PHARMA LTD,164.65,171.0,163.35,167.85,167.5,163.18,4529409,761432794.75
2026-08-07,IONEXCHANG,INE570A01022,EQ,ION EXCHANGE (INDIA) LTD,386.95,386.95,368.5,371.6,375.0,386.4,856556,321732138.8
2026-08-07,IPCALAB,INE571A01038,EQ,IPCA LABORATORIES LTD,1725.0,1745.0,1711.7,1735.8,1734.3,1734.2,79829,138180549.3
2026-08-07,IRB,INE821I01022,EQ,IRB INFRA DEV LTD.,19.95,19.96,19.59,19.68,19.68,19.93,7172175,141608297.36
2026-08-07,IRCON,INE962Y01021,EQ,IRCON INTERNATIONAL LTD,131.4,133.19,131.0,131.25,131.35,132.11,942876,124087195.2
2026-08-07,IRISDOREME,INE01GN01025,EQ,IRIS CLOTHINGS LIMITED,54.0,54.8,53.6,54.52,54.75,54.02,697721,37803281.92
2026-08-07,IRIS,INE864K01010,EQ,IRIS REGTECH SOLUTION LTD,262.17,269.0,252.03,257.45,256.2,261.54,14561,3806464.62
2026-08-07,IRMENERGY,INE07U701015,EQ,IRM ENERGY LIMITED,305.85,315.0,288.8,294.25,292.0,293.0,1269452,386051451.1
2026-08-07,ISGEC,INE858B01029,EQ,ISGEC HEAVY ENG LTD,818.0,823.85,811.6,814.7,813.0,820.35,20296,16582252.1
2026-08-07,ISHANCH,INE561M01018,EQ,ISHAN DYES N CHEMICALS L,49.0,52.0,48.63,49.54,49.48,49.0,190733,9606762.75
2026-08-07,ISHAN,INE0LCW01025,SM,ISHAN INTERNATIONAL LTD,0.45,0.45,0.45,0.45,0.45,0.5,240000,108000.0
2026-08-07,ITALIANE,INE0R7R01018,SM,ITALIAN EDIBLES LIMITED,29.75,31.75,29.75,31.75,31.75,31.1,4000,123000.0
2026-08-07,ITCHOTELS,INE379A01028,EQ,ITC HOTELS LIMITED,171.0,172.21,168.9,170.65,171.3,171.08,2944172,501958946.12
2026-08-07,ITC,INE154A01025,EQ,ITC LTD,285.0,286.1,284.4,286.1,286.1,285.9,6128841,1747290114.65
2026-08-07,ITI,INE248A01017,EQ,ITI LTD,286.05,288.95,281.2,282.4,282.0,287.25,218021,62177497.45
2026-08-07,IVALUE,INE056801025,EQ,IVALUE INFOSOLUTIONS LTD,276.0,278.0,270.3,273.95,272.0,274.4,237290,65219404.4
2026-08-07,IVP,INE043C01018,BE,IVP LIMITED,168.71,168.71,168.71,168.71,168.71,160.68,9561,1613036.31
2026-08-07,IZMO,INE848A01014,EQ,IZMO LIMITED,1025.0,1028.2,975.0,984.25,987.0,1023.0,125225,123690875.6
2026-08-07,J&KBANK,INE168A01041,EQ,J & K BANK LTD.,160.0,161.4,158.3,159.24,159.46,160.08,2238919,357861252.85
2026-08-07,JGCHEM,INE0MB501011,EQ,J.G.CHEMICALS LIMITED,539.0,556.0,534.55,552.8,553.75,539.5,349535,191685238.8
2026-08-07,JAGRAN,INE199G01027,EQ,JAGRAN PRAKASHAN LIMITED,62.6,63.59,62.56,63.46,63.15,62.78,210764,13310218.85
2026-08-07,JAGSNPHARM,INE048B01035,EQ,JAGSONPAL PHARMACEUTICALS,239.68,239.68,229.0,231.21,229.35,238.05,70632,16587251.73
2026-08-07,JAIBALAJI,INE091G01026,BE,JAI BALAJI INDUSTRIES LTD,63.95,66.04,62.2,65.61,65.99,62.93,559390,36225054.89
2026-08-07,JAICORPLTD,INE070D01027,EQ,JAI CORP LIMITED,105.0,105.8,103.25,103.74,104.0,103.95,292490,30432109.62
2026-08-07,JISLDVREQS,IN9175A01010,EQ,JAIN DVR EQUITY SHARES,23.12,23.85,23.0,23.47,23.85,23.15,16520,382401.68
2026-08-07,JISLJALEQS,INE175A01038,EQ,JAIN IRRIGATION SYSTEMS,31.22,31.64,30.12,30.91,30.88,31.44,2711809,83616604.15
2026-08-07,JAINREC,INE0YD401026,EQ,JAIN RESOURCE RECYCLING L,314.95,316.75,307.35,308.4,308.0,315.35,1550493,481873424.65
2026-08-07,JAINAM,INE02KC01010,SM,JAINAM FER ALLOYS (I) LTD,235.0,235.0,235.0,235.0,235.0,239.0,500,117500.0
2026-08-07,JAINIK,INE0XIL01012,SM,JAINIK POWER CABLES LTD,187.45,191.0,187.45,191.0,191.0,187.45,9600,1819200.0
2026-08-07,JPPOWER,INE351F01018,EQ,JAIPRAKASH POWER VEN. LTD,18.07,18.21,17.88,17.94,18.0,18.1,40457176,728338386.32
2026-08-07,JAMNAAUTO,INE039C01032,EQ,JAMNA AUTO IND LTD,144.57,148.9,142.67,144.7,144.36,143.97,6565721,961457523.55
2026-08-07,JSFB,INE953L01027,EQ,JANA SMALL FIN BANK LTD,560.95,572.0,543.2,549.4,545.05,560.95,287311,161019064.6
2026-08-07,JARO,INE00YJ01010,EQ,JARO INS OF TEC MG N RE L,452.0,460.25,452.0,458.2,456.65,453.65,93617,42783748.9
2026-08-07,JASH,INE039O01029,EQ,JASH ENGINEERING LIMITED,498.35,501.95,490.1,498.1,499.05,493.0,60745,30162330.6
2026-08-07,JAYBEE,INE0SMY01017,SM,JAY BEE LAMINATIONS LTD,86.5,88.4,84.0,85.95,86.3,86.75,19500,1670925.0
2026-08-07,JAYBARMARU,INE571B01036,EQ,JAY BHARAT MARUTI LTD,143.15,144.0,139.32,139.32,139.32,146.65,1358471,190973300.12
2026-08-07,KORE,INE0J6801010,SM,JAY JALARAM TECHNO LTD,177.5,177.5,170.5,170.5,170.5,177.5,500,87000.0
2026-08-07,JAYAGROGN,INE785A01026,EQ,JAYANT AGRO ORGANICS LTD,220.0,224.88,218.3,220.7,222.5,224.47,4470,987167.91
2026-08-07,JAYNECOIND,INE854B01010,EQ,JAYASWAL NECO INDUSTR LTD,92.7,93.24,91.07,92.37,92.3,92.57,3678095,338989797.0
2026-08-07,JAYESH,INE1AE401014,SM,JAYESH LOGISTICS LIMITED,145.95,145.95,131.5,140.85,140.9,138.5,66000,9268300.0
2026-08-07,JAYKAY,INE903A01025,EQ,JAYKAY ENTERPRISES LTD,156.0,156.87,146.52,148.85,150.0,156.42,444544,66636536.81
2026-08-07,JAYSREETEA,INE364A01020,EQ,JAYSHREE TEA & INDUSTRIES,89.45,89.86,86.02,87.02,86.9,89.69,47586,4163322.13
2026-08-07,JBMA,INE927D01051,EQ,JBM AUTO LIMITED,653.0,660.0,647.0,648.65,648.0,657.55,161028,105100507.6
2026-08-07,JSLL,INE0J5801029,EQ,JEENA SIKHO LIFECARE LTD,607.25,612.35,591.3,598.1,601.0,604.25,531096,318572148.85
2026-08-07,JETFREIGHT,INE982V01025,EQ,JET FREIGHT LOGISTICS LTD,22.94,23.5,22.94,23.05,22.94,22.94,59986,1388961.59
2026-08-07,JFLLIFE,INE0LA901015,SM,JFL LIFE SCIENCES LIMITED,13.6,13.7,13.6,13.65,13.7,13.1,24000,327300.0
2026-08-07,JHS,INE544H01014,EQ,JHS SVEND. LAB. LTD,7.8,8.09,7.73,7.83,7.91,7.8,60823,480181.04
2026-08-07,RETAIL,INE03DD01011,EQ,JHS SVENDGAARD RETAIL V L,17.25,17.89,15.9,16.27,16.49,17.25,13457,222593.71
2026-08-07,JPOLYINVST,INE147P01019,EQ,JIND POL INV & FIN CO LTD,1070.0,1083.0,1059.4,1066.2,1066.0,1065.8,48664,51889872.2
2026-08-07,JINDRILL,INE742C01031,EQ,JINDAL DRILLING IND. LTD,616.8,642.4,609.05,636.05,638.0,615.85,352870,221925065.5
2026-08-07,JINDALPHOT,INE796G01012,EQ,JINDAL PHOTO LIMITED,1075.5,1080.0,1060.0,1063.0,1060.1,1063.6,2160,2299148.4
2026-08-07,JINDALPOLY,INE197D01010,EQ,JINDAL POLY FILMS LIMITED,637.0,637.0,617.6,620.0,625.4,632.75,12538,7848996.3
2026-08-07,JINDALSAW,INE324A01032,EQ,JINDAL SAW LIMITED,263.0,273.55,263.0,271.4,270.15,265.25,1613077,437121270.5
2026-08-07,JSL,INE220G01021,EQ,JINDAL STAINLESS LIMITED,732.5,738.5,731.3,734.65,734.85,732.5,139854,102739869.35
2026-08-07,JINDALSTEL,INE749A01030,EQ,JINDAL STEEL LIMITED,1101.0,1105.7,1092.1,1103.0,1103.0,1101.0,392474,431098357.0
2026-08-07,JINDWORLD,INE247D01039,EQ,JINDAL WORLDWIDE LTD,38.3,40.0,38.0,38.93,38.52,38.5,10633658,415002991.66
2026-08-07,JKIPL,INE1FF001016,BE,JINKUSHAL INDUSTRIES LTD,97.49,102.86,96.06,100.49,98.11,97.97,19488,1947176.73
2026-08-07,JIOFIN,INE758E01017,EQ,JIO FIN SERVICES LTD,263.1,263.4,256.8,256.8,256.8,263.1,10858220,2815726822.85
2026-08-07,JITFINFRA,INE863T01013,EQ,JITF INFRALOGISTICS LTD,342.1,344.25,330.0,333.45,333.0,336.8,13551,4547249.9
2026-08-07,JIWANRAM,INE0N5H01017,SM,JIWANRAM SHEODUTTRA IND L,4.85,4.95,4.85,4.95,4.95,4.95,12000,58800.0
2026-08-07,JKCEMENT,INE823G01014,EQ,JK CEMENT LIMITED,5400.5,5428.5,5361.0,5379.5,5375.0,5421.0,23148,124605215.0
2026-08-07,JKLAKSHMI,INE786A01032,EQ,JK LAKSHMI CEMENT LTD,576.0,576.5,563.25,565.0,565.55,571.25,334378,189466703.15
2026-08-07,JKPAPER,INE789E01012,EQ,JK PAPER LIMITED,388.9,391.7,384.15,387.05,386.0,389.2,213330,82530148.8
2026-08-07,JKTYRE,INE573A01042,EQ,JK TYRE & INDUSTRIES LTD,411.0,414.8,384.15,394.9,396.5,413.25,3062591,1212026095.35
2026-08-07,JKIL,INE576I01022,EQ,JKUMAR INFR.LTD.,492.0,504.95,490.15,498.9,496.5,491.75,249396,124027377.3
2026-08-07,JMFINANCIL,INE780C01023,EQ,JM FINANCIAL LIMITED,129.9,129.9,124.8,127.46,128.0,129.78,4242745,538060863.23
2026-08-07,JNKINDIA,INE0OAF01028,EQ,JNK INDIA LIMITED,417.0,425.0,401.0,403.0,404.2,420.9,235925,96486801.5
2026-08-07,JOCIL,INE839G01010,BE,JOCIL LIMITED,150.05,154.0,147.0,147.0,147.0,149.55,1685,251025.9
2026-08-07,COCKERILL,INE515A01019,EQ,JOHN COCKERILL INDIA LTD.,9499.0,10130.0,9499.0,9635.5,9616.0,9462.0,24931,246179536.0
2026-08-07,JSWCEMENT,INE718I01012,EQ,JSW CEMENT LIMITED,132.4,136.4,132.4,134.29,134.5,132.62,1543467,207728740.51
2026-08-07,JSWDULUX,INE133A01011,EQ,JSW DULUX LIMITED,3088.6,3108.7,3000.0,3011.7,3002.0,3077.0,17154,52019492.3
2026-08-07,JSWENERGY,INE121E01018,EQ,JSW ENERGY LIMITED,561.0,567.5,560.0,564.4,564.4,561.5,1552610,875927374.5
2026-08-07,JSWHL,INE824G01012,EQ,JSW HOLDINGS LIMITED,12150.0,12247.0,11854.0,12025.0,11949.0,12082.0,3996,47783044.0
2026-08-07,JSWINFRA,INE880J01026,EQ,JSW INFRASTRUCTURE LTD,326.0,341.4,322.4,335.75,340.0,327.5,2388341,792418028.95
2026-08-07,JSWSTEEL,INE019A01038,EQ,JSW STEEL LIMITED,1303.8,1309.9,1288.5,1299.5,1299.5,1307.9,720726,935530622.7
2026-08-07,JTEKTINDIA,INE643A01035,EQ,JTEKT INDIA LIMITED,141.16,143.79,138.5,139.8,139.3,141.16,305619,42979099.67
2026-08-07,JTLIND,INE391J01032,EQ,JTL INDUSTRIES LIMITED,76.95,77.72,75.7,77.31,77.33,76.81,2763247,212504492.94
2026-08-07,JUBLCPL,INE03CC01015,EQ,JUBILANT AGRI N CON PRO L,1919.5,1920.0,1845.0,1852.8,1846.0,1890.3,2704,5069147.9
2026-08-07,JUBLFOOD,INE797F01020,EQ,JUBILANT FOODWORKS LTD,470.0,488.0,469.4,486.5,486.5,473.0,4147385,2006528291.35
2026-08-07,JUBLINGREA,INE0BY001018,EQ,JUBILANT INGREVIA LIMITED,755.0,766.6,733.65,740.25,741.5,757.0,550401,412015289.45
2026-08-07,JUBLPHARMA,INE700A01033,EQ,JUBILANT PHARMOVA LTD,926.0,945.0,914.4,932.0,928.0,926.25,168059,156415297.0
2026-08-07,JMA,INE412C01023,EQ,JULLUNDUR MOT AGENCY LTD,89.29,89.29,87.0,88.41,87.99,87.29,4315,381422.15
2026-08-07,JNPR,INE05C901015,EQ,JUNIPER GREEN ENERGY LTD,261.8,264.36,247.0,250.22,251.3,259.71,7424740,1904142648.15
2026-08-07,JUNIPER,INE696F01016,EQ,JUNIPER HOTELS LIMITED,196.0,197.47,193.73,194.85,194.9,198.05,216566,42237595.14
2026-08-07,JLHL,INE682M01020,EQ,JUPITER LIFE LINE HOSP L,320.8,324.5,316.55,320.2,324.5,319.25,257379,82379449.4
2026-08-07,JWL,INE209L01016,EQ,JUPITER WAGONS LIMITED,261.05,261.75,258.8,260.0,259.7,262.1,433724,112908872.6
2026-08-07,JUSTDIAL,INE599M01018,EQ,JUSTDIAL LTD.,682.0,700.0,678.0,683.3,683.0,681.55,237119,163447063.2
2026-08-07,JYOTHYLAB,INE668F01031,EQ,JYOTHY LABS LIMITED,205.5,208.1,203.94,206.47,206.0,205.87,428075,88278000.13
2026-08-07,JYOTICNC,INE980O01024,EQ,JYOTI CNC AUTOMATION LTD,863.35,873.0,738.9,784.3,779.0,865.05,6950507,5432840412.9
2026-08-07,JYOTIGLOBL,INE1M3T01017,SM,JYOTI GLOBAL PLAST LTD,39.0,40.1,39.0,40.1,40.1,38.35,10000,396000.0
2026-08-07,JYOTISTRUC,INE197A01024,EQ,JYOTI STRUCTURES LTD,11.68,11.82,11.41,11.44,11.48,11.71,4660535,53854876.64
2026-08-07,KMSUGAR,INE157H01023,EQ,K M SUGAR MILLS LTD,28.55,29.0,28.0,28.14,28.01,28.37,57863,1640664.96
2026-08-07,KPEL,INE127T01021,EQ,K.P. ENERGY LIMITED,304.0,308.0,300.4,302.5,304.0,304.2,166612,50452091.0
2026-08-07,KABRAEXTRU,INE900B01029,EQ,KABRA EXTRUSION TECHNIK L,472.0,482.8,439.5,448.6,452.0,477.6,810718,372383422.25
2026-08-07,KKJEWELS,INE0XOW01017,SM,KABRA JEWELS LIMITED,101.0,101.0,101.0,101.0,101.0,100.35,1000,101000.0
2026-08-07,KAJARIACER,INE217B01036,EQ,KAJARIA CERAMICS LTD,1175.0,1179.0,1158.4,1167.3,1163.9,1175.4,204282,238368674.8
2026-08-07,KAKATCEM,INE437B01014,BE,KAKATIYA CEM SUGAR &IND L,116.5,118.49,116.1,118.45,118.45,116.55,1092,127269.27
2026-08-07,KALANA,INE0T0L01014,SM,KALANA ISPAT LIMITED,18.5,19.2,18.5,19.15,19.15,18.7,10000,190400.0
2026-08-07,KALPATARU,INE227J01012,EQ,KALPATARU LIMITED,281.65,289.4,281.6,287.1,286.3,283.0,40445,11571311.0
2026-08-07,KPIL,INE220B01022,EQ,KALPATARU PROJECT INT LTD,1288.1,1323.9,1284.1,1317.2,1316.7,1294.1,120583,157579128.2
2026-08-07,KALYANKJIL,INE303R01014,EQ,KALYAN JEWELLERS IND LTD,607.0,630.0,601.15,606.3,606.3,598.0,33255299,20526263263.2
2026-08-07,KALYANIFRG,INE314G01014,EQ,KALYANI FORGE LIMITED,611.3,640.0,604.4,635.4,638.8,606.35,4031,2524946.4
2026-08-07,KICL,INE029L01018,EQ,KALYANI INVEST CO LTD,5551.0,5698.5,5548.0,5646.5,5630.0,5528.0,1262,7095067.5
2026-08-07,KSL,INE907A01026,EQ,KALYANI STEELS LIMITED,882.25,893.95,830.0,848.4,850.0,882.25,123506,106390226.3
2026-08-07,KAMAHOLD,INE411F01010,EQ,KAMA HOLDINGS LTD.,2510.6,2525.0,2490.0,2506.7,2520.1,2510.4,2062,5180891.0
2026-08-07,KAMATHOTEL,INE967C01018,EQ,KAMAT HOTELS (I) LTD,170.4,174.58,168.62,170.8,169.2,172.06,21552,3689162.67
2026-08-07,KAMDHENU,INE390H01020,BE,KAMDHENU LIMITED,35.5,35.9,34.9,35.18,35.5,35.05,337671,11994787.56
2026-08-07,KAMOPAINTS,INE0BTI01037,EQ,KAMDHENU VENTURES LIMITED,4.52,4.62,4.52,4.59,4.6,4.56,140824,644475.18
2026-08-07,KANANIIND,INE879E01037,EQ,KANANI INDUSTRIES LTD,1.51,1.53,1.5,1.51,1.52,1.51,62425,94685.94
2026-08-07,KANCHI,INE081G01019,BE,KANCHI KARPOORAM LTD.,360.1,368.0,360.0,367.95,368.0,361.9,1073,394234.85
2026-08-07,KANDARP,INE0MOT01016,SM,KANDARP DG SMART BPO LTD,93.0,103.0,93.0,102.75,102.75,98.5,19000,1906650.0
2026-08-07,KANORICHEM,INE138C01024,BE,KANORIACHEMICALS-,152.8,156.9,148.5,149.69,151.4,151.07,16325,2488837.04
2026-08-07,KANPRPLA,INE694E01014,EQ,KANPUR PLASTIPACK LIMITED,207.03,211.3,206.97,209.09,208.2,207.03,8703,1822463.21
2026-08-07,KANSAINER,INE531A01024,EQ,KANSAI NEROLAC PAINTS LTD,211.24,215.72,208.85,212.35,211.71,211.12,497032,105237222.39
2026-08-07,KAPSTON,INE542Z01028,EQ,KAPSTON SERVICES LIMITED,525.0,530.0,509.0,525.9,529.0,515.5,37556,19524664.8
2026-08-07,KARMAENG,INE725L01011,EQ,KARMA ENERGY LIMITED,39.53,44.95,38.22,41.21,41.1,39.03,45791,1955692.48
2026-08-07,KTKBANK,INE614B01018,EQ,KARNATAKA BANK LIMITED,306.7,313.95,305.6,310.0,311.0,306.8,5176455,1604302494.5
2026-08-07,KARNIKA,INE0MGA01012,SM,KARNIKA INDUSTRIES LTD,119.0,119.0,114.05,117.0,117.0,116.5,31000,3648500.0
2026-08-07,KARURVYSYA,INE036D01028,EQ,KARUR VYSYA BANK LTD,336.0,339.2,334.05,335.55,335.5,337.5,816142,274817265.05
2026-08-07,KATARIA,INE0SVY01018,SM,KATARIA INDUSTRIES LTD,97.0,97.1,97.0,97.1,97.1,97.75,1200,116460.0
2026-08-07,KAUSHALYA,INE234I01028,BE,KAUSHALYA INFRA DEV LTD.,950.0,950.0,916.1,943.7,935.1,951.05,140,130388.6
2026-08-07,KLL,INE0Q2V01012,SM,KAUSHALYA LOGISTICS LTD,22.5,23.0,22.2,22.9,22.9,22.6,11200,253880.0
2026-08-07,KSCL,INE455I01029,EQ,KAVERI SEED CO. LTD.,771.9,776.85,762.0,764.45,766.4,770.85,56736,43633368.45
2026-08-07,KAVDEFENCE,INE641C01019,EQ,KAVVERI DFS & WIR TEC LTD,57.01,58.18,56.65,56.9,57.24,57.16,93917,5371543.02
2026-08-07,KCEIL,INE0RCG01017,SM,KAY CEE ENERGY & INFRA L,83.95,89.0,82.25,85.65,85.7,83.95,19000,1628650.0
2026-08-07,KAYA,INE587G01015,EQ,KAYA LIMITED,276.9,276.9,268.65,271.0,272.95,273.7,5168,1408204.6
2026-08-07,KAYNES,INE918Z01012,EQ,KAYNES TECHNOLOGY IND LTD,3830.0,3899.0,3806.0,3856.3,3856.3,3830.0,806763,3102746348.7
2026-08-07,KAYTEX,INE13ZD01013,SM,KAYTEX FABRICS LIMITED,56.25,59.1,56.25,59.1,59.1,58.65,10400,608800.0
2026-08-07,KCK,INE0J1E01027,SM,KCK INDUSTRIES LTD,16.5,16.55,15.75,16.45,16.5,16.55,402500,6451375.0
2026-08-07,KCP,INE805C01028,EQ,KCP LTD,151.1,156.5,150.0,154.96,155.05,151.35,173300,26500483.97
2026-08-07,KCPSUGIND,INE790B01024,EQ,KCP SUGAR IND CORP LTD.,30.5,31.03,29.51,29.96,30.02,30.73,269107,8133336.21
2026-08-07,KDDL,INE291D01011,EQ,KDDL LIMITED,3699.8,3863.6,3688.8,3843.9,3810.0,3706.1,53669,204718859.6
2026-08-07,KEC,INE389H01022,EQ,KEC INTL. LIMITED,475.0,480.45,472.1,478.85,477.6,477.7,585339,279167771.35
2026-08-07,KEI,INE878B01027,EQ,KEI INDUSTRIES LTD.,5569.0,5629.0,5542.3,5600.0,5600.0,5595.0,273169,1529106654.5
2026-08-07,KELLTONTEC,INE164B01030,EQ,KELLTON TECH SOL LTD,14.15,14.26,14.05,14.12,14.14,14.19,761475,10759349.32
2026-08-07,KEN,INE15DO01012,SM,KEN ENTERPRISES LIMITED,38.05,40.25,38.05,39.1,39.1,38.05,21600,846480.0
2026-08-07,KENNAMET,INE717A01029,EQ,KENNAMETAL INDIA LIMITED,3138.1,3343.0,3094.1,3309.9,3315.0,3123.7,37533,123229329.3
2026-08-07,KERNEX,INE202H01019,EQ,KERNEX MICROSYS(I) LTD,2432.5,2513.4,2400.0,2451.8,2470.0,2432.5,140532,344346636.5
2026-08-07,KESORAMIND,INE087A01019,BE,KESORAM INDUSTRIES LTD,12.74,12.74,12.74,12.74,12.74,13.0,788460,10044980.4
2026-08-07,KKCL,INE401H01017,EQ,KEWAL KIRAN CLOTHING LTD,525.0,533.95,510.6,513.5,512.25,522.5,88328,45725610.75
2026-08-07,KEYFINSERV,INE681C01015,EQ,KEYNOTE FIN SERV LTD.,245.3,254.0,245.3,248.6,248.55,252.45,1126,280280.75
2026-08-07,RUSTOMJEE,INE263M01029,EQ,KEYSTONE REALTORS LIMITED,384.9,387.65,375.9,380.0,378.8,383.9,88069,33500346.9
2026-08-07,KFINTECH,INE138Y01010,EQ,KFIN TECHNOLOGIES LIMITED,931.95,937.0,925.0,936.0,936.0,930.0,295773,275693902.35
2026-08-07,KHADIM,INE834I01025,BE,KHADIM INDIA LIMITED,98.39,98.39,96.0,96.65,97.96,97.04,16407,1588393.26
2026-08-07,KHAITANLTD,INE731C01018,EQ,KHAITAN (INDIA)LTD.,157.9,160.0,153.05,156.24,157.79,157.13,9048,1404177.19
2026-08-07,KHAICHEM,INE745B01028,EQ,KHAITAN CHEM & FERT LTD,53.56,54.0,51.54,52.0,52.48,53.56,151748,7965096.34
2026-08-07,KHANDSE,INE060B01014,EQ,KHANDWALA SECURITIES LTD,17.28,17.44,17.0,17.4,17.42,17.05,180,3094.81
2026-08-07,KHFM,INE00UG01014,SM,KHFM HOS FAC MANA SER LTD,44.55,49.4,44.5,49.4,49.4,49.7,12400,565672.5
2026-08-07,KLBRENG-B,INE338F01015,EQ,KILBURN ENGINEERING LTD.,404.0,404.0,385.3,388.9,391.8,399.05,79688,31268829.95
2026-08-07,KILITCH,INE729D01010,BE,KILITCH DRUGS INDIA LTD,190.0,194.95,187.0,193.52,190.5,192.23,30466,5804338.12
2026-08-07,KINGFA,INE473D01015,EQ,KINGFA SCI & TEC IND LTD.,5344.0,5600.0,5305.0,5549.5,5526.0,5344.0,46554,257355129.5
2026-08-07,KIOCL,INE880L01014,EQ,KIOCL LIMITED,392.0,397.3,389.05,391.75,392.05,394.45,61702,24220895.85
2026-08-07,KIRANVYPAR,INE555P01013,EQ,KIRAN VYAPAR LTD.,198.5,202.9,198.0,198.36,198.0,197.57,573,114008.6
2026-08-07,KIRIINDUS,INE415I01015,EQ,KIRI INDUSTRIES LIMITED,436.0,441.0,426.05,427.9,427.1,436.55,178655,77401318.75
2026-08-07,KIRLOSBROS,INE732A01036,EQ,KIRLOSKAR BROTHERS LTD,1958.0,1958.0,1882.5,1901.7,1902.3,1959.4,56825,109136030.9
2026-08-07,KECL,INE134B01017,EQ,KIRLOSKAR ELECTRIC CO LTD,150.8,150.8,142.37,143.51,143.9,148.39,324299,47109585.98
2026-08-07,KIRLFER,INE884B01025,EQ,KIRLOSKAR FERROUS IND LTD,452.6,452.8,443.4,445.1,444.25,444.35,34049,15181299.9
2026-08-07,KIRLOSIND,INE250A01039,EQ,KIRLOSKAR INDUSTRIES LTD,3750.0,3844.9,3736.0,3759.6,3758.0,3767.2,4090,15432574.0
2026-08-07,KIRLOSENG,INE146L01010,EQ,KIRLOSKAR OIL ENG LTD,2028.1,2214.0,1999.0,2161.7,2161.5,2248.9,1420885,3068339005.0
2026-08-07,KIRLPNU,INE811A01020,EQ,KIRLOSKAR PNEUMATIC COM L,1458.0,1464.9,1431.2,1439.9,1440.0,1455.2,72023,103772871.0
2026-08-07,KITEX,INE602G01020,EQ,KITEX GARMENTS LTD,144.68,147.79,144.0,144.85,144.84,144.74,420665,61432494.82
2026-08-07,KNAGRI,INE0KNW01016,EQ,KN AGRI RESOURCES LIMITED,211.65,211.65,203.1,205.47,204.55,211.65,6846,1415657.56
2026-08-07,KNACK,INE17QZ01016,EQ,KNACK PACKAGING LIMITED,207.5,211.58,202.76,208.34,207.4,207.71,1222765,253450863.8
2026-08-07,KMEW,INE0CJD01029,EQ,KNOWLEDGE MARINE & EN W L,2513.0,2545.0,2490.0,2528.4,2505.5,2519.2,35788,90026861.8
2026-08-07,KNRCON,INE634I01029,EQ,KNR CONSTRU LTD.,140.0,142.0,138.0,139.99,142.0,140.35,1538765,214608583.26
2026-08-07,KODYTECH,INE0Q7P01013,SM,KODY TECHNOLAB LIMITED,1360.0,1370.0,1325.0,1359.3,1370.0,1371.45,8600,11585970.0
2026-08-07,KOHINOOR,INE080B01012,EQ,KOHINOOR FOODS LIMITED,23.0,23.45,22.65,23.05,22.83,23.14,29887,690467.09
2026-08-07,KOKUYOCMLN,INE760A01029,EQ,KOKUYO CAMLIN LIMITED,89.1,89.1,84.4,85.01,85.0,89.95,152853,13066294.68
2026-08-07,KOLTEPATIL,INE094I01018,EQ,KOLTE PATIL DEV. LTD.,430.9,450.0,426.25,445.1,446.0,429.3,369103,160915979.5
2026-08-07,KOPRAN,INE082A01010,BE,KOPRAN LTD,190.66,190.66,181.13,181.22,181.13,190.66,282150,51659184.56
2026-08-07,KDL,INE0O4R01018,SM,KORE DIGITAL LIMITED,102.2,105.0,101.0,102.65,104.3,102.9,28050,2853277.5
2026-08-07,GOLD1,INF174KA1HJ8,EQ,KOTAK GOLD ETF,123.49,125.0,122.63,124.73,124.89,123.49,6021851,746825942.42
2026-08-07,KOTAKBANK,INE237A01036,EQ,KOTAK MAHINDRA BANK LTD,393.0,394.85,387.75,390.75,390.75,394.0,7315232,2854394732.9
2026-08-07,NIFTY1,INF174K014P6,EQ,KOTAK NIFTY ETF,281.01,281.01,270.14,271.82,271.0,272.83,40114,10932458.25
2026-08-07,PSUBANK,INF174KA1A86,EQ,KOTAK PSU BANK,87.4,88.76,86.91,87.44,87.0,86.96,197035,17310058.71
2026-08-07,CHEMICAL,INF174KA1XV0,EQ,KOTAKMAMC - CHEMICAL,31.18,31.18,30.6,30.69,30.83,30.9,775746,23873643.44
2026-08-07,ALPHA,INF174KA1IA5,EQ,KOTAKMAMC - KOTAKALPHA,52.7,53.7,52.7,53.48,53.2,53.51,641420,34336413.77
2026-08-07,CONS,INF174KA1ZF8,EQ,KOTAKMAMC - KOTAKCONS,12.86,12.86,12.53,12.68,12.68,12.55,24226,304410.16
2026-08-07,IT,INF174KA1GC5,EQ,KOTAKMAMC - KOTAKIT,35.3,35.3,34.28,34.87,34.7,34.44,484051,16949544.65
2026-08-07,LIQUID1,INF174KA1LV5,EQ,KOTAKMAMC - KOTAKLIQ,1116.87,1117.34,1116.87,1117.32,1117.32,1116.87,633760,708118843.42
2026-08-07,LOWVOL1,INF174KA1IY5,EQ,KOTAKMAMC - KOTAKLOVOL,21.78,21.89,21.6,21.74,21.87,21.78,358321,7838382.56
2026-08-07,MIDCAP,INF174KA1ZC5,EQ,KOTAKMAMC - KOTAKMID50,19.0,19.0,18.5,18.57,18.61,18.54,410733,7637716.13
2026-08-07,MNC,INF174KA1JF2,EQ,KOTAKMAMC - KOTAKMNC,34.4,34.82,34.4,34.76,34.82,34.4,101461,3518689.85
2026-08-07,SILVER1,INF174KA1ZD3,EQ,KOTAKMAMC - KOTAKSILVE,21.8,22.51,21.6,22.38,22.32,21.77,31926569,708999811.52
2026-08-07,NV20,INF174KA1ZE1,EQ,KOTAKMAMC - KTKNV20ETF,14.22,14.33,13.9,14.24,14.27,14.22,95746,1365455.39
2026-08-07,MID150,INF174KA1VW2,EQ,KOTAKMAMC - MID150,23.76,23.82,23.68,23.76,23.79,23.75,22583,536090.55
2026-08-07,MOMENTUM30,INF174KA1XS6,EQ,KOTAKMAMC - MOMENTUM30,30.9,31.08,30.44,30.76,31.07,30.88,20879,647185.08
2026-08-07,MSCIINDIA,INF174KA1VD2,EQ,KOTAKMAMC - MSCIINDIA,30.49,30.53,30.37,30.48,30.53,30.5,18919,576809.74
2026-08-07,NEXT50ETF,INF174KA1YO3,EQ,KOTAKMAMC - NEXT50ETF,75.54,75.54,74.4,74.97,75.29,75.17,7235,544482.07
2026-08-07,NIFTY100EW,INF174KA1UW4,EQ,KOTAKMAMC - NIFTY100EW,36.05,36.15,35.9,36.04,36.04,36.05,57505,2071805.19
2026-08-07,PVTBANK,INF174KA1A94,EQ,KOTAKMAMC - PVTBANK,27.84,27.84,27.43,27.66,27.7,27.84,17269,477161.83
2026-08-07,QUALITY30,INF174KA1WT6,EQ,KOTAKMAMC - QUALITY30,21.4,21.5,21.31,21.46,21.5,21.22,13446,287947.45
2026-08-07,BANKNIFTY1,INF174KA1ZB7,EQ,KOTAKMAMC-KOTAKBKETF,60.63,60.63,59.91,60.12,59.94,60.35,595099,35693795.19
2026-08-07,KOTIC,INE972A01020,EQ,KOTHARI INDUSTRIAL CORP L,153.55,156.01,152.1,152.9,152.65,154.73,10099,1548487.13
2026-08-07,KOTHARIPET,INE720A01015,EQ,KOTHARI PETROCHEM LTD,151.0,155.47,148.0,149.52,148.21,149.53,214333,32514503.41
2026-08-07,KOTHARIPRO,INE823A01017,EQ,KOTHARI PRODUCTS LTD,68.55,71.49,68.14,69.63,69.5,68.0,17450,1215592.79
2026-08-07,KOTARISUG,INE419A01022,EQ,KOTHARI SUG & CHEM LTD.,25.36,26.88,25.36,26.43,26.57,26.07,48769,1292068.68
2026-08-07,KOTYARK,INE0J0B01017,BE,KOTYARK INDUSTRIES LTD,42.39,42.39,38.47,40.68,40.89,40.38,543504,22128984.69
2026-08-07,KOVAI,INE177F01017,EQ,KOVAI MEDICAL CENTER & HO,5894.0,5930.5,5825.0,5843.5,5832.0,5893.5,1574,9219143.5
2026-08-07,KPIGREEN,INE542W01025,EQ,KPI GREEN ENERGY LIMITED,374.05,375.6,370.0,370.7,371.0,375.35,648865,240953140.3
2026-08-07,KPITTECH,INE04I401011,EQ,KPIT TECHNOLOGIES LIMITED,623.0,637.25,620.55,629.9,629.9,623.0,2544167,1603338214.15
2026-08-07,KPRMILL,INE930H01031,EQ,KPR MILL LTD.,1085.3,1089.2,1071.0,1076.7,1073.7,1086.0,146720,158062305.1
2026-08-07,KRBL,INE001B01026,EQ,KRBL LIMITED,373.85,381.5,371.6,378.65,378.0,374.05,227353,85682073.65
2026-08-07,KREBSBIO,INE268B01013,EQ,KREBS BIOCHEMICALS & IND,55.67,57.9,54.2,55.04,55.0,54.51,8472,475691.32
2026-08-07,KRIDHANINF,INE524L01026,BE,KRIDHAN INFRA LIMITED,2.27,2.34,2.27,2.29,2.3,2.28,25118,57692.73
2026-08-07,KRISHANA,INE506W01020,EQ,KRISHANA PHOSCHEM LIMITED,179.41,182.0,177.56,178.67,178.86,179.41,291541,52178035.6
2026-08-07,KRISHCA,INE0NR701018,SM,KRISHCA STRAPPING SLTN L,165.0,165.5,163.8,165.0,165.0,161.55,4500,742350.0
2026-08-07,KRISHIVAL,INE0GGO01015,EQ,KRISHIVAL FOODS LIMITED,392.05,394.8,384.0,389.2,391.2,390.1,3943,1538181.1
2026-08-07,KRISHNADEF,INE0J5601015,EQ,KRISHNA DEF AND ALD IND L,1185.0,1199.4,1170.0,1181.4,1178.0,1176.9,59735,70932194.4
2026-08-07,KIMS,INE967H01025,EQ,KRISHNA INST OF MED SCI L,803.1,826.8,803.1,811.1,814.9,808.6,1802315,1463573588.1
2026-08-07,KRITI,INE479D01038,BE,KRITI INDUSTRIES IND LTD,71.9,72.0,70.0,70.49,70.45,69.31,13004,928058.02
2026-08-07,KRITINUT,INE798K01010,EQ,KRITI NUTRIENTS LIMITED,93.14,93.14,89.39,90.06,90.97,94.09,43305,3930597.02
2026-08-07,KRITIKA,INE00Z501029,EQ,KRITIKA WIRES LIMITED,5.65,5.85,5.6,5.79,5.8,5.74,125671,723831.56
2026-08-07,KRN,INE0Q3J01015,BE,KRN HEAT EXCHANGE N REF L,1215.1,1224.0,1198.0,1208.4,1218.5,1214.7,45622,55314748.5
2026-08-07,KRONOX,INE0ATZ01017,EQ,KRONOX LAB SCIENCES LTD,167.69,167.69,162.36,163.55,163.0,166.78,71506,11717639.51
2026-08-07,KROSS,INE0O6601022,EQ,KROSS LIMITED,200.1,204.69,199.51,202.75,204.62,200.09,181542,36605416.82
2026-08-07,KRSNAA,INE08LI01020,EQ,KRSNAA DIAGNOSTICS LTD,561.65,566.0,555.05,560.85,555.55,559.9,42687,23858909.9
2026-08-07,KRYSTAL,INE0QN801017,EQ,KRYSTAL INTEGRATED SER L,604.85,604.85,600.0,600.25,600.0,600.05,5359,3217125.55
2026-08-07,KSB,INE999A01023,EQ,KSB LIMITED,791.95,798.05,780.0,784.25,784.0,788.05,202263,159348507.25
2026-08-07,KSHINTL,INE987S01020,EQ,KSH INTERNATIONAL LIMITED,905.7,909.8,889.9,899.9,899.95,899.35,296637,268159996.7
2026-08-07,KSHITIJPOL,INE013801027,BE,KSHITIJ POLYLINE LIMITED,2.85,2.92,2.74,2.81,2.83,2.86,708348,1989895.93
2026-08-07,KSOLVES,INE0D6I01023,EQ,KSOLVES INDIA LIMITED,279.05,282.2,277.85,280.05,280.5,283.0,43831,12258490.85
2026-08-07,KSR,INE1SPP01016,EQ,KSR FOOTWEAR LIMITED,29.05,30.0,28.63,29.18,29.0,29.05,4763,138782.01
2026-08-07,KUANTUM,INE529I01021,EQ,KUANTUM PAPERS LIMITED,80.2,86.9,80.16,86.04,86.0,80.61,506234,42802869.66
2026-08-07,KUSUMGAR,INE0ISX01025,EQ,KUSUMGAR LIMITED,653.5,656.75,636.5,640.55,640.0,650.5,447727,289278772.2
2026-08-07,KPL,INE552U01010,EQ,KWALITY PHARMACEUTICALS L,2664.9,2709.0,2490.4,2611.8,2592.5,2652.1,62669,164820164.6
2026-08-07,KWIL,INE2KCE01013,EQ,KWALITY WALL'S (INDIA) L,35.0,35.39,33.85,34.86,34.8,34.82,14794987,514663268.76
2026-08-07,LTF,INE498L01015,EQ,L&T FINANCE LIMITED,316.65,316.9,305.6,308.0,308.0,316.65,4814207,1487505954.75
2026-08-07,LTTS,INE010V01017,EQ,L&T TECHNOLOGY SER. LTD.,3555.4,3655.9,3551.3,3598.7,3598.9,3555.4,79998,288509639.8
2026-08-07,LAOPALA,INE059D01020,EQ,LA OPALA RG LIMITED,193.0,193.53,189.0,189.96,190.54,193.79,238665,45634843.56
2026-08-07,LAGNAM,INE548Z01017,EQ,LAGNAM SPINTEX LIMITED,85.1,85.1,82.0,83.34,83.22,84.54,9215,770571.16
2026-08-07,LAHOTIOV,INE515C01023,EQ,LAHOTI OVERSEAS LTD.,41.98,43.39,41.0,42.74,43.39,41.26,3829,163072.07
2026-08-07,LFIC,INE850E01012,EQ,LAKSHMI FIN IND CORP LTD,139.51,141.8,139.1,139.52,139.52,139.33,383,53441.17
2026-08-07,LAKSHYA,INE0VZS01015,SM,LAKSHYA POWERTECH LIMITED,87.65,88.45,87.0,88.45,88.45,90.0,8800,768520.0
2026-08-07,LAMBODHARA,INE112F01022,EQ,LAMBODHARA TEXTILES LTD.,114.0,119.45,111.02,115.12,114.16,114.27,32623,3795105.38
2026-08-07,LANCORHOL,INE572G01025,EQ,LANCOR HOLDINGS LIMITED,25.01,28.0,25.01,25.76,25.7,25.51,408095,10772788.34
2026-08-07,LANDMARK,INE559R01029,EQ,LANDMARK CARS LIMITED,544.75,548.0,528.05,535.05,535.85,546.9,170451,91791304.0
2026-08-07,LPDC,INE197J01017,EQ,LANDMARK PR.DEV.CO.LTD,6.49,6.59,6.26,6.39,6.4,6.42,48110,307712.72
2026-08-07,LANDSMILL,INE688J01023,EQ,LANDSMILL GREEN LIMITED,0.8,0.81,0.78,0.8,0.81,0.8,2267779,1800372.74
2026-08-07,LT,INE018A01030,EQ,LARSEN & TOUBRO LTD.,4040.1,4062.0,4030.0,4056.0,4056.0,4061.8,901290,3646260796.6
2026-08-07,LASA,INE670X01014,EQ,LASA SUPERGENERICS LTD,8.17,8.17,7.85,7.99,7.96,7.85,18259,146003.31
2026-08-07,LASERPOWER,INE17IR01028,EQ,LASER POWER & INFRA LTD,293.0,297.7,290.9,295.1,296.5,292.0,999456,294204346.0
2026-08-07,LATENTVIEW,INE0I7C01011,EQ,LATENT VIEW ANALYTICS LTD,295.5,302.8,295.5,297.2,296.2,297.8,386047,115445710.55
2026-08-07,LATTEYS,INE262Z01023,BE,LATTEYS INDUSTRIES LTD,20.8,20.8,20.15,20.44,20.6,20.41,10871,221203.13
2026-08-07,LAURUSLABS,INE947Q01028,EQ,LAURUS LABS LIMITED,1838.0,1856.0,1833.2,1844.3,1844.3,1830.0,1553067,2868800245.3
2026-08-07,LAXMICOT,INE801V01019,EQ,LAXMI COTSPIN LIMITED,14.99,15.04,14.39,14.79,14.89,14.78,12119,178553.37
2026-08-07,LAXMIDENTL,INE0WO601020,EQ,LAXMI DENTAL LIMITED,215.6,219.18,214.41,216.08,215.0,218.58,85127,18414224.42
2026-08-07,LGHL,INE258Y01016,EQ,LAXMI GOLDORNA HOUSE LTD,195.1,204.48,195.1,202.82,203.88,201.83,18249,3674807.44
2026-08-07,LAXMIINDIA,INE06WU01026,BE,LAXMI INDIA FINANCE LTD,133.95,138.0,133.0,134.06,135.65,133.26,241682,32822055.1
2026-08-07,LXCHEM,INE576O01020,EQ,LAXMI ORGANIC INDUS LTD,178.9,181.84,175.01,175.64,176.0,179.67,913167,162585467.9
2026-08-07,LCCINFOTEC,INE938A01021,EQ,LCC INFOTECH LTD,3.9,4.0,3.7,3.78,3.8,3.88,86987,335603.26
2026-08-07,LEMERITE,INE0G1L01025,EQ,LE MERITE EXPORTS LIMITED,23.79,24.25,23.02,23.41,23.75,23.79,282350,6699071.65
2026-08-07,IXIGO,INE0HV901016,EQ,LE TRAVENUES TECHNOLOGY L,196.0,199.73,171.48,176.25,176.5,202.67,8410058,1520792646.53
2026-08-07,LRRPL,INE0H4B01011,SM,LEAD REC AND RUB PROD LTD,84.6,87.0,84.6,84.6,84.6,89.0,7500,638100.0
2026-08-07,THELEELA,INE0AQ201015,EQ,LEELA PALACES HOTEL LTD,513.0,527.0,509.1,518.0,519.5,511.0,495564,257071964.95
2026-08-07,LEMONTREE,INE970X01018,EQ,LEMON TREE HOTELS LTD,112.3,112.4,110.55,111.01,110.96,112.79,2864596,318569891.19
2026-08-07,LENSKART,INE956O01016,EQ,LENSKART SOLUTIONS LTD,568.7,575.65,563.45,569.7,571.95,565.0,3949084,2254441751.65
2026-08-07,LEXUS,INE500X01013,EQ,LEXUS GRANITO (INDIA) LTD,14.79,15.24,14.58,15.09,15.19,14.79,47673,712954.33
2026-08-07,LGBBROSLTD,INE337A01034,EQ,LG BALAKRISHNAN & BROS,1519.0,1535.2,1513.2,1523.5,1516.1,1520.4,18003,27452356.0
2026-08-07,LGEINDIA,INE324D01010,EQ,LG ELECTRONICS INDIA LTD,1578.3,1592.0,1569.2,1586.5,1589.0,1578.3,138372,219479400.3
2026-08-07,LIBAS,INE908V01012,EQ,LIBAS CONSU PRODUCTS LTD,10.1,10.1,9.69,9.78,9.85,9.71,10527,102899.24
2026-08-07,LIBERTSHOE,INE557B01019,EQ,LIBERTY SHOES LTD,264.6,265.7,261.5,262.3,261.6,264.25,14179,3739752.1
2026-08-07,LICHSGFIN,INE115A01026,EQ,LIC HOUSING FINANCE LTD,507.35,507.9,502.7,504.25,504.25,505.0,1604722,810285678.65
2026-08-07,LICMFGOLD,INF767K01SM1,EQ,LIC MF - LIC GOLD ETF,132.8,134.95,132.45,134.25,134.75,132.95,54403,7265327.75
2026-08-07,LICNETFN50,INF767K01OS7,EQ,LICNAMC - LICNFENGP,276.77,276.96,274.95,275.05,275.05,275.59,235,64837.82
2026-08-07,LICNETFSEN,INF767K01OT5,EQ,LICNAMC - LICNFESGP,892.39,892.39,889.0,890.59,889.98,893.0,14,12469.84
2026-08-07,LICNFNHGP,INF767K01PC8,EQ,LICNAMC - LICNFNHGP,282.49,282.49,275.05,279.06,279.41,281.79,1610,449490.49
2026-08-07,LICNETFGSC,INF767K01MV5,EQ,LICNAMC - LICNMFET,29.6,29.69,29.53,29.57,29.58,29.56,15389,454954.9
2026-08-07,LICNMID100,INF767K01RN1,EQ,LICNAMC - LICNMID100,64.0,64.27,63.24,63.45,63.85,63.94,7724,493586.07
2026-08-07,LICI,INE0J1Y01017,EQ,LIFE INSURA CORP OF INDIA,393.45,396.85,391.1,394.0,394.0,387.55,36390176,14319716519.3
2026-08-07,LIKHITHA,INE060901027,EQ,LIKHITHA INFRASTRUC LTD,220.06,224.93,218.81,221.93,220.2,220.06,50915,11260491.78
2026-08-07,LINC,INE802B01027,EQ,LINC LIMITED,100.13,100.9,99.01,99.86,100.0,101.3,35583,3552405.23
2026-08-07,LINCOLN,INE405C01035,EQ,LINCOLN PHARMA LTD,602.0,608.25,591.5,600.15,603.3,606.2,22325,13382572.0
2026-08-07,LINDEINDIA,INE473A01011,EQ,LINDE INDIA LIMITED,7150.0,7206.0,7057.0,7112.5,7057.0,7152.5,20724,147890603.0
2026-08-07,LLOYDSENGG,INE093R01011,EQ,LLOYDS ENGG WORK LIMITED,91.0,97.6,90.75,96.88,97.2,88.46,64356610,6146283294.25
2026-08-07,LLOYDSENT,INE080I01025,EQ,LLOYDS ENTERPRISES LTD,80.1,83.9,80.1,83.5,83.25,79.48,9148520,757623769.71
2026-08-07,LLOYDSME,INE281B01032,EQ,LLOYDS METALS N ENERGY L,2070.0,2109.9,2055.6,2101.2,2109.9,2059.0,609118,1273329941.5
2026-08-07,LMW,INE269B01029,EQ,LMW LIMITED,16770.0,16770.0,16550.0,16629.0,16700.0,16635.0,1094,18193064.0
2026-08-07,LODHA,INE670K01029,EQ,LODHA DEVELOPERS LIMITED,1214.0,1225.0,1204.7,1218.7,1218.7,1214.0,890480,1080959143.4
2026-08-07,LCL,INE0QJW01029,EQ,LOHIA CORP LIMITED,533.9,555.6,521.1,530.3,523.0,531.45,1320324,713197059.8
2026-08-07,LOKESHMACH,INE397H01017,BE,LOKESH MACHINES LTD,344.85,344.85,338.0,344.4,344.4,344.85,19283,6617657.35
2026-08-07,LORDSCHLO,INE846D01012,EQ,LORDS CHLORO ALKALI LTD,146.03,149.0,142.05,144.13,145.9,144.63,16675,2428793.43
2026-08-07,LAL,INE740X01023,EQ,LORENZINI APPARELS LTD,8.8,9.98,8.64,8.78,8.7,8.8,213814,1864074.77
2026-08-07,LOTUSEYE,INE947I01017,EQ,LOTUS EYE HOSP & INST L,117.24,119.0,115.86,118.82,117.52,117.24,13169,1551818.64
2026-08-07,LOVABLE,INE597L01014,EQ,LOVABLE LINGERIE LTD,74.5,74.5,72.02,72.55,72.02,74.08,9775,712186.69
2026-08-07,LOYALTEX,INE970D01010,EQ,LOYAL TEXTILE MILLS LTD,214.0,215.0,214.0,215.0,215.0,214.53,462,99036.65
2026-08-07,LTFOODS,INE818H01020,EQ,LT FOODS LIMITED,418.9,432.15,415.5,427.55,432.0,419.4,643817,273408072.15
2026-08-07,LTM,INE214T01019,EQ,LTM LIMITED,4542.0,4688.0,4542.0,4658.1,4658.1,4528.0,643855,2987376687.1
2026-08-07,LUMAXTECH,INE872H01027,EQ,LUMAX AUTO TECH LTD,1698.0,1755.0,1690.5,1722.4,1725.0,1698.3,165034,285237638.9
2026-08-07,LUMAXIND,INE162B01018,EQ,LUMAX INDUSTRIES LTD,5850.0,5850.0,5703.0,5791.5,5800.0,5799.5,21031,121815723.0
2026-08-07,LUPIN,INE326A01037,EQ,LUPIN LIMITED,2410.0,2410.0,2346.0,2363.5,2363.5,2385.0,2046981,4879228652.0
2026-08-07,LUXIND,INE150G01020,EQ,LUX INDUSTRIES LIMITED,1269.6,1303.6,1265.1,1269.4,1273.9,1266.4,31888,40806592.4
2026-08-07,LYKALABS,INE933A01014,BE,LYKA LABS LTD.,68.1,68.1,66.74,66.74,66.74,68.1,6036,403245.66
2026-08-07,MBEL,INE08N601015,EQ,M AND B ENGINEERING LTD,287.0,306.95,287.0,298.5,300.0,288.25,385682,115713027.75
2026-08-07,MKPL,INE964W01021,EQ,M K PROTEINS LIMITED,4.19,4.22,4.14,4.21,4.22,4.14,79831,334420.61
2026-08-07,MCL,INE813V01022,EQ,M TEK COPPER LIMITED,57.57,60.46,57.0,58.31,58.7,57.57,75778,4458697.71
2026-08-07,M&MFIN,INE774D01024,EQ,M&M FIN. SERVICES LTD,388.8,409.7,386.85,408.45,408.1,388.8,4874880,1959969470.6
2026-08-07,MVKAGRO,INE0SGC01015,SM,M.V.K. AGRO FOOD PROD LTD,242.1,242.1,242.1,242.1,242.1,254.8,15300,3704130.0
2026-08-07,MAANALU,INE215I01027,EQ,MAAN ALUMINIUM LIMITED,129.5,129.5,124.0,124.43,124.0,128.76,53406,6728207.54
2026-08-07,MCCHRLS-B,INE435D01014,EQ,MAC CHARLES (INDIA) LTD.,704.0,704.0,675.0,679.85,675.0,675.9,142,97277.9
2026-08-07,MACOBSTECH,INE0R0J01010,SM,MACOBS TECHNOLOGIES LTD,212.0,212.0,209.1,210.55,209.1,209.1,1600,336880.0
2026-08-07,MACPOWER,INE155Z01011,EQ,MACPOWER CNC MACHINES LTD,1570.0,1708.0,1561.0,1681.1,1682.0,1581.0,148323,247994507.6
2026-08-07,MADHAVIPL,INE631R01026,EQ,MADHAV INFRA PROJECTS L,7.95,7.95,7.65,7.78,7.75,7.78,83126,646957.53
2026-08-07,MADHAV,INE925C01016,EQ,MADHAV MARBLE & GRANITE,34.85,36.36,34.0,34.34,34.05,35.74,2597,89970.72
2026-08-07,MADHUCON,INE378D01032,BE,MADHUCON PROJECTS LTD.,5.48,5.48,5.23,5.29,5.33,5.25,11655,62332.1
2026-08-07,MBAPL,INE900L01028,EQ,MADHYA BHARAT AGRO P. LTD,161.0,161.99,157.05,158.09,157.5,160.39,294462,46961178.87
2026-08-07,MADRASFERT,INE414A01015,EQ,MADRAS FERTILISERS LTD,66.51,67.08,66.3,66.41,66.3,67.08,21466,1429406.51
2026-08-07,MAFATIND,INE270B01035,EQ,MAFATLAL INDUSTRIES LTD.,133.5,138.6,131.05,132.13,133.07,133.05,199525,26752851.23
2026-08-07,MAGADSUGAR,INE347W01011,EQ,MAGADH SUGAR & ENERGY LTD,511.9,524.85,510.1,512.85,510.5,517.6,15863,8180081.15
2026-08-07,MCLOUD,INE613C01026,EQ,MAGELLANIC CLOUD LIMITED,29.0,30.17,28.6,29.68,29.69,28.95,3865854,114148376.08
2026-08-07,MAGNUM,INE387I01016,EQ,MAGNUM VENTURES LTD.,19.89,20.0,19.32,19.32,19.32,19.51,66049,1288159.9
2026-08-07,MAGSON,INE0O1S01012,SM,MAGSON RETAIL AND DIST L,180.0,180.0,180.0,180.0,180.0,180.0,11000,1980000.0
2026-08-07,MAHAPEXLTD,INE843B01013,EQ,MAHA RASHTRA APEX COPR. L,44.2,45.95,44.2,44.38,44.68,44.88,4564,203391.74
2026-08-07,MFML,INE0US801024,EQ,MAHALAXMI FABRIC MILLS LT,19.0,19.99,18.46,19.55,19.63,19.44,7234,138950.43
2026-08-07,MHLXMIRU,INE112D01035,EQ,MAHALAXMI RUBTECH LIMITED,155.19,155.79,150.49,151.19,150.49,156.34,6669,1017812.39
2026-08-07,MAHASTEEL,INE451L01014,EQ,MAHAMAYA STEEL INDS LTD,1020.0,1049.4,991.6,1046.3,1035.0,1024.1,11772,12067768.7
2026-08-07,MGL,INE002S01010,EQ,MAHANAGAR GAS LTD.,1128.0,1144.0,1116.0,1139.6,1143.8,1123.7,531620,603534281.9
2026-08-07,MTNL,INE153A01019,EQ,MAHANAGAR TELEPHONE NIGAM,27.78,27.99,27.53,27.81,27.73,27.69,359254,9942002.37
2026-08-07,MAHSCOOTER,INE288A01013,EQ,MAHARASHTRA SCOOTERS LTD,13867.0,13903.0,13665.0,13818.0,13846.0,13817.0,2629,36334743.0
2026-08-07,MAHSEAMLES,INE271B01025,EQ,MAHARASHTRA SEAMLESS LTD,586.0,598.8,574.45,589.7,587.6,583.8,137498,81230289.35
2026-08-07,MAHESHWARI,INE263W01010,BE,MAHESHWARI LOGISTICS LTD.,72.0,73.0,71.58,72.86,73.0,73.0,17442,1266910.37
2026-08-07,M&M,INE101A01026,EQ,MAHINDRA & MAHINDRA LTD,3405.0,3504.9,3402.1,3502.0,3502.0,3406.0,3299237,11466530119.5
2026-08-07,MAHEPC,INE215D01010,EQ,MAHINDRA EPC IRRIG LTD,109.0,110.0,107.21,108.22,108.04,107.7,31900,3475694.62
2026-08-07,MHRIL,INE998I01010,EQ,MAHINDRA HOLIDAYS LTD,229.6,231.75,226.6,229.66,229.0,230.98,69548,15904742.53
2026-08-07,MAHLIFE,INE813A01018,EQ,MAHINDRA LIFESPACE DEVLTD,386.4,396.4,384.0,386.55,384.0,386.4,104547,40705981.35
2026-08-07,MAHLOG,INE766P01016,EQ,MAHINDRA LOGISTIC LIMITED,410.0,418.4,400.5,402.7,400.5,413.9,774852,316863301.25
2026-08-07,MAITHANALL,INE683C01011,EQ,MAITHAN ALLOYS LTD,974.7,976.0,959.5,973.35,970.7,967.7,34313,33282460.25
2026-08-07,MAJESAUT,INE201B01022,BE,MAJESTIC AUTO LTD.,495.45,498.9,475.0,492.15,493.85,495.45,42665,20908317.3
2026-08-07,MAKS,INE0CDK01019,SM,MAKS ENERGY SOL INDIA LTD,17.2,17.2,17.2,17.2,17.2,17.2,3000,51600.0
2026-08-07,MALLCOM,INE389C01015,EQ,MALLCOM (INDIA) LIMITED,1010.0,1010.0,980.0,994.45,1000.0,1015.1,1671,1662981.95
2026-08-07,MALUPAPER,INE383H01017,EQ,MALU PAPER MILLS LIMITED,33.75,33.75,32.41,32.68,32.42,33.75,15348,502886.77
2026-08-07,MAMATA,INE0TO701015,EQ,MAMATA MACHINERY LIMITED,421.15,429.5,421.15,428.2,428.0,425.1,95858,40904065.25
2026-08-07,MANAKCOAT,INE830Q01018,EQ,MAN COAT METAL & IND LTD,113.0,117.99,113.0,114.51,114.0,113.87,377545,43367929.98
2026-08-07,MANINDS,INE993A01026,EQ,MAN INDUSTRIES (I) LTD.,551.3,564.9,548.0,555.05,555.0,552.2,378805,211258009.55
2026-08-07,MANINFRA,INE949H01023,EQ,MAN INFRA LTD,111.15,117.3,111.1,113.85,113.9,110.41,4913160,563776827.99
2026-08-07,MANAKALUCO,INE859Q01017,EQ,MANAK ALUMINIUM CO. LTD.,38.66,41.89,37.15,40.48,41.63,38.36,392723,15285566.22
2026-08-07,MANAKSIA,INE015D01022,EQ,MANAKSIA LTD.,57.02,57.5,56.02,56.97,57.49,57.26,12223,696023.01
2026-08-07,MANAKSTEEL,INE824Q01011,EQ,MANAKSIA STEELS LTD,88.84,89.9,83.73,84.43,83.73,88.13,175980,15289350.15
2026-08-07,MANALIPETC,INE201A01024,EQ,MANALI PETROCHEMICALS LT,65.22,65.9,64.01,64.64,64.6,65.54,233379,15184324.44
2026-08-07,MANAPPURAM,INE522D01027,EQ,MANAPPURAM FINANCE LTD,364.55,368.5,358.5,366.75,366.75,364.0,2588647,942784788.85
2026-08-07,MANAV,INE104Y01012,SM,MANAV INFRA PROJECTS LTD,23.45,23.45,23.45,23.45,23.45,22.35,4000,93800.0
2026-08-07,MANBA,INE939X01013,EQ,MANBA FINANCE LIMITED,132.35,135.41,131.0,131.77,131.0,133.08,68064,9009107.29
2026-08-07,MANDEEP,INE0R3T01013,SM,MANDEEP AUTO INDUSTRIES L,20.15,20.9,19.1,20.9,20.9,19.95,16000,323700.0
2026-08-07,MANCREDIT,INE545L01039,EQ,MANGAL CREDIT N FINCORP L,277.64,287.27,236.79,240.09,242.5,252.56,1084531,284673124.69
2026-08-07,MEIL,INE0PKD01011,EQ,MANGAL ELECTRICAL IND L,276.0,287.95,274.3,276.4,277.0,276.0,31690,8907942.3
2026-08-07,MAL,INE00C401011,SM,MANGALAM ALLOYS LIMITED,31.95,31.95,30.5,31.25,31.85,31.8,30400,957920.0
2026-08-07,MANGLMCEM,INE347A01017,EQ,MANGALAM CEMENT LTD,941.4,944.95,930.65,938.15,944.95,941.15,34470,32239662.1
2026-08-07,MANGALAM,INE584F01014,EQ,MANGALAM DRUG & CHEM LTD,28.0,28.3,27.15,27.19,27.15,27.01,23709,654057.37
2026-08-07,MGEL,INE0APB01032,BE,MANGALAM GLOBAL ENT LTD,14.81,15.29,14.5,14.57,14.68,15.02,194801,2866027.0
2026-08-07,MANORG,INE370D01013,BE,MANGALAM ORGANICS LIMITED,464.95,469.5,452.9,457.9,458.0,459.5,5309,2447160.0
2026-08-07,MWL,INE0JYY01029,EQ,MANGALAM WORLDWIDE LTD,43.5,43.94,42.25,42.3,42.25,43.04,4283404,183578006.5
2026-08-07,MIEL,INE0R3101011,SM,MANGLAM INFRA & ENG LTD,12.8,13.1,12.8,13.1,13.1,12.5,4000,51800.0
2026-08-07,MANIPALHOS,INE459N01021,EQ,MANIPAL HEALTH ENTERPRI L,651.35,691.8,650.0,677.95,674.0,650.5,6241385,4218566363.65
2026-08-07,MANKIND,INE634S01028,EQ,MANKIND PHARMA LIMITED,2430.0,2456.0,2415.6,2456.0,2456.0,2420.3,167663,408812908.8
2026-08-07,MVGJL,INE0KNT01012,EQ,MANOJ VAIBHAV GEM N JEW L,168.29,174.6,165.13,169.95,170.25,165.82,115202,19718194.36
2026-08-07,MANOMAY,INE784W01015,EQ,MANOMAY TEX INDIA LTD,217.98,219.5,214.52,218.79,217.0,216.43,127530,27793325.9
2026-08-07,MANORAMA,INE00VM01036,EQ,MANORAMA INDUSTRIES LTD,1640.0,1706.9,1622.2,1636.2,1633.0,1623.9,450152,750406618.4
2026-08-07,MANUGRAPH,INE867A01022,BE,MANUGRAPH INDIA LIMITED,15.9,16.5,15.5,16.14,16.15,16.22,3103,49952.77
2026-08-07,MARALOVER,INE882A01013,BE,MARAL OVERSEAS LTD,53.86,55.14,51.17,54.51,54.47,53.86,25256,1321626.41
2026-08-07,MARATHON,INE182D01020,EQ,MARATHON NXTGEN REALT LTD,386.15,392.0,382.5,386.1,385.0,385.8,98796,38144673.45
2026-08-07,MARC,INE0TD401015,SM,MARC TECHNOCRATS LIMITED,119.65,135.8,119.65,131.15,135.8,116.0,48000,6097260.0
2026-08-07,MARCO,INE0QP001012,SM,MARCO CABLE & CONDUCTOR L,31.0,33.5,31.0,33.5,33.5,31.0,10500,335250.0
2026-08-07,MARICO,INE196A01026,EQ,MARICO LIMITED,860.95,863.95,852.4,862.0,862.0,860.0,1151946,988307999.6
2026-08-07,MARINE,INE01JE01028,EQ,MARINE ELECTRICAL (I) LTD,322.0,344.95,321.3,336.9,338.9,321.85,3869094,1304040022.85
2026-08-07,MARKOLINES,INE0FW001016,EQ,MARKOLINES PAVEMENT TEC L,181.19,182.49,176.2,178.46,178.5,180.65,163207,29487014.39
2026-08-07,MARKSANS,INE750C01026,EQ,MARKSANS PHARMA LIMITED,267.25,275.4,267.25,273.85,273.5,268.9,1012212,275572946.4
2026-08-07,MARSONS,INE415B01044,EQ,MARSONS LIMITED,107.76,108.68,101.15,103.97,101.74,107.82,2174787,230224226.97
2026-08-07,MARUSHIKA,INE0X7G01013,SM,MARUSHIKA TECHNOLOGY LTD,103.0,103.7,102.95,103.0,103.0,103.0,4800,495180.0
2026-08-07,MARUTI,INE585B01010,EQ,MARUTI SUZUKI INDIA LTD.,13811.0,14038.0,13811.0,14037.0,14037.0,14080.0,324104,4527230169.0
2026-08-07,MASFIN,INE348L01012,EQ,MAS FINANCIAL SERV LTD,310.0,310.3,300.65,302.15,302.85,309.95,131480,39984775.1
2026-08-07,MASKINVEST,INE885F01015,BE,MASK INVESTMENTS LIMITED,144.4,159.5,144.4,157.0,157.0,152.0,162,25458.8
2026-08-07,MASON,INE0SH001010,SM,MASON INFRATECH LIMITED,116.1,119.85,114.0,119.85,119.85,117.5,9500,1105450.0
2026-08-07,MASTEK,INE759A01021,EQ,MASTEK LTD,1830.0,1884.8,1824.2,1832.0,1833.0,1823.0,83369,154826575.7
2026-08-07,MASTER,INE0OJM01017,SM,MASTER COMPONENTS LIMITED,498.75,498.75,497.0,497.0,497.0,475.0,1500,746375.0
2026-08-07,MASTERTR,INE677D01037,EQ,MASTER TRUST LIMITED,80.14,80.99,78.25,79.65,78.86,80.14,120126,9605987.45
2026-08-07,MATRIMONY,INE866R01028,EQ,MATRIMONY.COM LIMITED,448.05,490.0,448.05,480.8,477.6,447.9,193716,91296968.95
2026-08-07,MGSL,INE132901013,SM,MATRIX GEO SOLUTIONS LTD,76.95,76.95,75.75,75.75,75.75,75.75,10800,819960.0
2026-08-07,MAWANASUG,INE636A01039,BE,MAWANA SUGARS LIMITED,111.0,116.95,110.0,115.83,116.85,113.2,69077,7888291.09
2026-08-07,MAXESTATES,INE03EI01018,EQ,MAX ESTATES LIMITED,410.45,410.7,396.0,397.1,396.0,409.4,32038,12820073.1
2026-08-07,MFSL,INE180A01020,EQ,MAX FINANCIAL SERV LTD,1510.0,1524.0,1497.4,1497.4,1497.4,1518.8,359409,543130386.1
2026-08-07,MAXHEALTH,INE027H01010,EQ,MAX HEALTHCARE INS LTD,1070.0,1084.3,1067.0,1070.0,1070.0,1072.4,1189799,1275471540.9
2026-08-07,MAXIND,INE0CG601016,EQ,MAX INDIA LIMITED,173.5,174.29,171.0,171.08,171.9,172.82,50333,8671675.68
2026-08-07,MAXPOSURE,INE0ECC01022,SM,MAXPOSURE LIMITED,34.35,34.35,34.35,34.35,34.35,33.0,1000,34350.0
2026-08-07,MAYURUNIQ,INE040D01038,EQ,MAYUR UNIQUOTERS LTD,766.8,785.0,747.9,773.1,768.5,773.85,157743,121114303.65
2026-08-07,MAZDOCK,INE249Z01020,EQ,MAZAGON DOCK SHIPBUIL LTD,2530.0,2558.0,2496.9,2514.9,2514.9,2530.0,1078657,2722122127.2
2026-08-07,MAZDA,INE885E01042,BE,MAZDA LIMITED,228.35,233.7,228.35,231.23,231.0,228.35,6089,1407563.35
2026-08-07,MBLINFRA,INE912H01013,BE,MBL INFRASTRUCTURE LTD,25.0,25.5,24.16,24.52,24.5,25.13,21502,529717.48
2026-08-07,MCLEODRUSS,INE942G01012,BE,MCLEOD RUSSEL INDIA LTD.,46.55,49.04,45.1,49.04,49.04,46.71,264508,12714798.8
2026-08-07,MCON,INE0O4M01019,SM,MCON RASAYAN INDIA LTD,42.5,42.5,42.45,42.5,42.5,41.0,4000,169950.0
2026-08-07,MEDIASSIST,INE456Z01021,EQ,MEDI ASSIST HEALTH SER L,369.2,370.15,364.35,364.95,365.0,367.15,79223,28980178.3
2026-08-07,MMWL,INE200D01020,BE,MEDIA MATRIX WORLDWIDE L,14.35,15.8,14.3,15.79,15.79,15.05,217155,3402223.86
2026-08-07,MEDICAMEQ,INE646B01010,EQ,MEDICAMEN BIOTECH LIMITED,239.0,241.58,235.0,235.69,236.0,237.67,7699,1827751.84
2026-08-07,MEDIORG,INE0PE401018,SM,MEDICAMEN ORGANICS LTD,25.65,25.65,25.65,25.65,25.65,27.0,2000,51300.0
2026-08-07,MEDICO,INE630Y01024,EQ,MEDICO REMEDIES LIMITED,48.4,48.4,46.0,46.98,46.3,47.72,422822,19814267.59
2026-08-07,MEDPLUS,INE804L01022,EQ,MEDPLUS HEALTH SERV LTD,690.2,704.95,681.0,700.25,700.1,690.2,172872,120619126.85
2026-08-07,MEESHO,INE0VDM01015,EQ,MEESHO LIMITED,185.2,191.96,185.1,191.35,191.2,186.17,11848696,2241525111.11
2026-08-07,MEGAFLEX,INE0G1D01014,SM,MEGA FLEX PLASTICS LTD,100.0,100.0,100.0,100.0,100.0,100.0,1000,100000.0
2026-08-07,MEGASTAR,INE00EM01016,EQ,MEGASTAR FOODS LIMITED,324.75,335.0,318.0,331.05,334.85,324.6,2903,952608.65
2026-08-07,MEGATHERM,INE531R01010,SM,MEGATHERM INDUCTION LTD,206.0,211.45,206.0,208.2,208.2,208.0,17600,3689760.0
2026-08-07,MOL,INE0CT101020,EQ,MEGHMANI ORGANICS LIMITED,52.19,53.0,51.88,52.62,53.0,52.28,496641,26030313.03
2026-08-07,MENONBE,INE071D01033,BE,MENON BEARINGS LIMITED,228.68,239.0,228.68,237.35,237.8,229.82,55057,12888690.09
2026-08-07,MENNPIS,INE650G01029,EQ,MENON PISTONS LTD.,75.73,76.18,73.15,74.07,74.05,75.35,49490,3709208.93
2026-08-07,MERCANTILE,INE689O01013,EQ,MERCANTILE VENTURES LTD.,25.01,25.5,24.75,25.09,25.1,24.52,870,21930.07
2026-08-07,MERCURYEV,INE763M01028,EQ,MERCURY EV-TECH LIMITED,35.3,36.73,34.5,34.95,35.6,35.73,137391,4864700.38
2026-08-07,METROBRAND,INE317I01021,EQ,METRO BRANDS LIMITED,981.1,988.8,969.2,972.5,973.0,981.1,193668,188385234.8
2026-08-07,METROGLOBL,INE085D01033,EQ,METROGLOBAL LTD.,135.02,138.0,133.02,134.49,136.0,135.02,3203,434233.64
2026-08-07,METROPOLIS,INE112L01020,EQ,METROPOLIS HEALTHCARE LTD,560.0,572.6,559.25,563.2,562.3,564.6,132288,74583019.9
2026-08-07,MICEL,INE287C01037,BE,MIC ELECTRONICS LTD,37.49,37.49,36.8,37.08,37.2,37.3,117400,4359124.97
2026-08-07,MIDWESTLTD,INE0XAD01024,EQ,MIDWEST LIMITED,1209.1,1218.9,1190.0,1197.0,1192.2,1203.7,5219,6253488.9
2026-08-07,MILTON,INE376Y01016,SM,MILTON INDUSTRIES LIMITED,33.5,33.9,33.5,33.9,33.9,32.3,4400,148280.0
2026-08-07,MINDACORP,INE842C01021,EQ,MINDA CORPORATION LTD,716.0,729.9,700.7,721.65,716.2,716.9,228207,163548331.65
2026-08-07,MINDTECK,INE110B01017,EQ,MINDTECK (INDIA) LIMITED,195.04,198.5,190.35,192.05,191.5,196.51,50561,9831823.64
2026-08-07,ALPHAETF,INF769K01KU7,EQ,MIRAEAMC - ALPHAETF,26.35,26.6,26.35,26.5,26.57,26.45,625998,16605497.13
2026-08-07,BANKETF,INF769K01KR3,EQ,MIRAEAMC - BANKETF,589.57,591.24,587.91,589.55,589.4,591.34,2857,1683998.98
2026-08-07,BANKPSU,INF769K01LZ4,EQ,MIRAEAMC - BANKPSU,87.83,89.6,87.79,88.6,88.65,87.9,20225,1788699.64
2026-08-07,CONSUMER,INF769K01NS5,EQ,MIRAEAMC - CONSUMER,12.16,12.4,12.13,12.22,12.17,12.19,467958,5697291.27
2026-08-07,DEFENCE,INF769K01QC2,EQ,MIRAEAMC - DEFENCE,79.46,81.32,79.46,81.2,81.2,80.9,128079,10374007.99
2026-08-07,DIVIDEND,INF769K01PY8,EQ,MIRAEAMC - DIVIDEND,37.13,37.13,36.4,36.52,36.54,36.4,7617,278190.01
2026-08-07,ENERGY,INF769K01PR2,EQ,MIRAEAMC - ENERGY,39.29,39.29,38.81,38.89,38.89,38.85,144419,5627357.93
2026-08-07,EQUAL200,INF769K01OA1,EQ,MIRAEAMC - EQUAL200,13.9,14.11,13.9,14.09,14.09,14.07,15050,211931.04
2026-08-07,EQUAL50,INF769K01OO2,EQ,MIRAEAMC - EQUAL50,340.34,340.67,339.5,340.12,340.12,340.34,40494,13782104.04
2026-08-07,EVINDIA,INF769K01LQ3,EQ,MIRAEAMC - EVINDIA,33.61,34.25,33.61,34.18,34.22,33.63,484979,16521394.36
2026-08-07,HEALTHCARE,INF769K01QA6,EQ,MIRAEAMC - HEALTHCARE,22.14,22.14,21.63,21.77,21.78,21.68,35492,771277.95
2026-08-07,HYBRIDETF,INF769K01RJ5,EQ,MIRAEAMC - HYBRIDETF,10.24,10.24,10.11,10.12,10.13,10.14,119799,1213704.29
2026-08-07,INFRA,INF769K01QB4,EQ,MIRAEAMC - INFRA,12.47,12.47,12.2,12.25,12.26,12.23,56225,688225.86
2026-08-07,INTERNET,INF769K01PB6,EQ,MIRAEAMC - INTERNET,14.15,14.15,13.82,13.86,13.84,13.92,207188,2876716.19
2026-08-07,ITETF,INF769K01KV5,EQ,MIRAEAMC - ITETF,33.17,33.69,33.12,33.42,33.42,32.98,453602,15189350.82
2026-08-07,LIQUID,INF769K01KS1,EQ,MIRAEAMC - LIQUID,999.96,1000.0,999.96,999.99,1000.0,999.99,187585,187584509.94
2026-08-07,LIQUIDPLUS,INF769K01MY5,EQ,MIRAEAMC - LIQUIDPLUS,1098.05,1098.07,1098.05,1098.06,1098.05,1097.61,299917,329327991.98
2026-08-07,ESG,INF769K01GS9,EQ,MIRAEAMC - MAESGETF,42.46,42.51,42.22,42.37,42.38,42.5,7122,301720.61
2026-08-07,MAFANG,INF769K01HF4,EQ,MIRAEAMC - MAFANG,206.3,206.3,205.91,206.29,206.3,205.91,317269,65448744.03
2026-08-07,BFSI,INF769K01HI8,EQ,MIRAEAMC - MAFSETF,27.3,28.13,27.3,27.61,27.71,27.95,510634,14114555.33
2026-08-07,GOLDETF,INF769K01JP9,EQ,MIRAEAMC - MAGOLDETF,143.77,145.24,143.1,145.03,144.87,143.77,754491,109054607.25
2026-08-07,GSEC10YEAR,INF769K01KF8,EQ,MIRAEAMC - MAGS813ETF,30.7,30.7,30.65,30.65,30.65,30.55,67,2056.6
2026-08-07,MAHKTECH,INF769K01HS7,EQ,MIRAEAMC - MAHKTECH,24.1,24.1,23.65,23.83,23.75,23.91,712385,17017087.8
2026-08-07,MIDCAPETF,INF769K01IC9,EQ,MIRAEAMC - MAM150ETF,24.45,24.45,23.62,23.9,23.92,23.86,2864632,68452866.99
2026-08-07,MAKEINDIA,INF769K01IB1,EQ,MIRAEAMC - MAMFGETF,173.11,173.11,165.0,169.61,169.65,168.89,89589,15173500.79
2026-08-07,NIFTYETF,INF769K01EG9,EQ,MIRAEAMC - MAN50ETF,268.47,268.47,267.0,267.49,267.37,268.33,446356,119428499.66
2026-08-07,LOWVOL,INF769K01JU9,EQ,MIRAEAMC - MANV30F,213.67,213.73,212.58,212.58,212.58,213.27,348,74228.74
2026-08-07,NEXT50,INF769K01FN2,EQ,MIRAEAMC - MANXT50,769.92,772.5,768.88,770.55,772.29,769.91,46458,35827700.94
2026-08-07,SILVERAG,INF769K01KG6,EQ,MIRAEAMC - MASILVER,218.72,224.92,218.62,224.32,224.8,218.71,196210,43707852.88
2026-08-07,MASPTOP50,INF769K01HP3,EQ,MIRAEAMC - MASPTOP50,80.54,80.54,80.5,80.54,80.54,80.94,444705,35816363.22
2026-08-07,METAL,INF769K01LY7,EQ,MIRAEAMC - METAL,13.6,13.6,12.95,13.3,13.31,13.27,1996186,26469912.05
2026-08-07,MIDSMALL,INF769K01LJ8,EQ,MIRAEAMC - MIDSMALL,50.86,52.15,50.86,52.01,52.02,51.9,328634,17082193.83
2026-08-07,MOMMIDCAP,INF769K01RC0,EQ,MIRAEAMC - MOMMIDCAP,12.85,12.94,12.85,12.9,12.91,12.89,1069660,13804239.2
2026-08-07,MULTICAP,INF769K01LX9,EQ,MIRAEAMC - MULTICAP,16.63,17.03,16.54,16.99,17.0,16.97,116072,1971773.1
2026-08-07,SELECTIPO,INF769K01ON4,EQ,MIRAEAMC - SELECTIPO,48.04,48.12,47.91,48.09,48.12,48.01,39917,1918003.29
2026-08-07,SENSEXETF,INF769K01KT9,EQ,MIRAEAMC - SENSEXETF,81.13,81.38,81.01,81.09,81.09,81.43,11563,938016.51
2026-08-07,SMALL250,INF769K01PQ4,EQ,MIRAEAMC - SMALL250,17.97,18.78,17.97,18.4,18.41,18.44,341024,6278356.94
2026-08-07,SMALLCAP,INF769K01LC3,EQ,MIRAEAMC - SMALLCAP,47.52,48.45,47.03,47.94,48.12,48.25,2339754,112680676.32
2026-08-07,TOP20,INF769K01PZ5,EQ,MIRAEAMC - TOP20,9.36,9.36,9.1,9.11,9.11,9.14,47333,431994.07
2026-08-07,VALUE,INF769K01QV2,EQ,MIRAEAMC - VALUE,16.24,16.57,16.24,16.48,16.53,16.44,43821,721072.45
2026-08-07,MIRZAINT,INE771A01026,EQ,MIRZA INTERNATIONAL LIMIT,33.25,33.47,32.75,33.2,33.0,33.47,167030,5541239.34
2026-08-07,MIDHANI,INE099Z01011,EQ,MISHRA DHATU NIGAM LTD,433.0,440.4,432.0,435.15,434.95,434.25,508711,221564042.7
2026-08-07,MITCON,INE828O01033,BE,MITCON CON & ENG SER LTD,78.9,80.4,76.0,79.32,79.3,78.51,2856,225802.35
2026-08-07,MITTAL,INE997Y01027,EQ,MITTAL LIFE STYLE LIMITED,0.9,0.92,0.9,0.9,0.91,0.91,243904,221204.76
2026-08-07,MMFL,INE227C01017,EQ,MM FORGINGS LTD,604.0,644.7,599.95,629.1,620.05,603.55,686456,432773176.9
2026-08-07,MMP,INE511Y01018,EQ,MMP INDUSTRIES LIMITED,330.25,335.8,321.5,326.25,330.25,330.25,65010,21283680.35
2026-08-07,MMTC,INE123F01029,EQ,MMTC LIMITED,64.2,65.09,63.75,63.98,64.05,64.05,1009089,64848504.34
2026-08-07,MODTHREAD,INE794W01014,EQ,MODERN THREADS INDIA LTD,48.25,48.25,48.24,48.24,48.24,48.24,891,42984.23
2026-08-07,MODINATUR,INE537F01012,BE,MODI NATURALS LIMITED,387.0,403.0,387.0,391.35,391.2,391.35,2006,794664.7
2026-08-07,MODIRUBBER,INE832A01018,EQ,MODI RUBBER LTD,130.0,131.0,125.1,126.08,126.75,121.11,2163,276828.79
2026-08-07,MODIS,INE0L0L01012,EQ,MODIS NAVNIRMAN LTD,411.55,424.9,385.55,392.4,389.5,411.15,174952,70608918.35
2026-08-07,MODISONLTD,INE737D01021,BE,MODISON LIMITED,283.0,284.8,274.5,278.95,281.0,279.95,40900,11339141.2
2026-08-07,MHHL,INE450S01011,SM,MOHINI HEALTH&HYGIENE LTD,35.15,35.15,35.15,35.15,35.15,37.0,3000,105450.0
2026-08-07,MOHITIND,INE954E01012,EQ,MOHIT INDUSTRIES LTD,25.25,28.1,23.51,27.3,28.0,25.51,90993,2362270.82
2026-08-07,MOIL,INE490G01020,EQ,MOIL LIMITED,282.0,284.4,277.05,278.15,278.7,282.45,503674,141436397.35
2026-08-07,MOKSH,INE514Y01020,EQ,MOKSH ORNAMENTS LIMITED,11.31,11.31,10.77,11.05,11.2,11.14,84652,927146.03
2026-08-07,MOLDTKPAC,INE893J01029,EQ,MOLD-TEK PACKAGING LTD,685.0,690.0,680.1,685.35,685.0,683.5,33225,22796900.2
2026-08-07,MOLDTECH,INE835B01035,EQ,MOLD-TEK TECHNOLOGIES LTD,201.7,204.4,188.35,191.41,188.35,198.6,1238319,241833545.29
2026-08-07,MONARCH,INE903D01011,EQ,MONARCH NETWORTH CAP LTD,394.75,394.75,386.5,390.65,388.0,388.6,80487,31353708.35
2026-08-07,MONEYBOXX,INE296Q01012,EQ,MONEYBOXX FINANCE LIMITED,63.85,63.85,61.0,61.05,61.0,62.68,3185,195163.03
2026-08-07,MONOPHARMA,INE0OIP01012,SM,MONO PHARMACARE LIMITED,8.0,8.0,7.85,7.85,7.85,8.25,56000,442100.0
2026-08-07,MONOLITH,INE1DV401010,SM,MONOLITHISCH INDIA LTD,920.05,945.0,896.25,928.2,924.0,921.45,33500,30650700.0
2026-08-07,MONTECARLO,INE950M01013,EQ,MONTE CARLO FASHIONS LTD.,499.0,502.5,494.95,499.7,500.0,498.95,65640,32661312.5
2026-08-07,MOREPENLAB,INE083A01026,EQ,MOREPEN LAB. LTD,80.3,82.89,78.92,80.25,80.0,79.42,36485619,2952970779.21
2026-08-07,MOSCHIP,INE935B01025,EQ,MOSCHIP TECHNOLOGIES LTD,209.0,210.73,205.54,206.77,206.8,209.21,926028,192729910.92
2026-08-07,MSUMI,INE0FS801015,EQ,MOTHERSON SUMI WRNG IND L,40.96,42.11,40.9,41.16,41.11,41.01,13810912,573080094.74
2026-08-07,MOM100,INF247L01023,EQ,MOTILAL OS MIDCAP100 ETF,68.41,68.7,67.61,68.02,68.33,68.41,301295,20585122.75
2026-08-07,MON100,INF247L01AP3,EQ,MOTILAL OS NASDAQ100 ETF,328.99,328.99,328.99,328.99,328.99,332.36,126431,41594534.69
2026-08-07,MOTILALOFS,INE338I01027,EQ,MOTILAL OSWAL FIN LTD,869.95,875.7,858.05,870.0,870.0,874.0,891154,771474476.5
2026-08-07,MOM50,INF247L01536,EQ,MOTILAL OSWAL M50 ETF,258.8,259.0,255.55,258.3,258.99,258.49,3130,807680.23
2026-08-07,MOGSEC,INF247L01AK4,EQ,MOTILALAMC - G5,65.8,66.39,65.55,65.62,66.06,66.01,2966,195720.18
2026-08-07,MOALPHA50,INF247L01FR8,EQ,MOTILALAMC - MOALPHA50,56.83,56.83,55.4,55.75,55.75,55.72,964,53716.77
2026-08-07,MOBANK10,INF247L01GV8,EQ,MOTILALAMC - MOBANK10,17.3,17.3,16.95,17.08,17.25,17.12,6035,103101.88
2026-08-07,MOCAPITAL,INF247L01EV3,EQ,MOTILALAMC - MOCAPITAL,52.55,53.85,52.27,52.43,52.55,52.61,867273,45476285.11
2026-08-07,MODEFENCE,INF247L01DJ0,EQ,MOTILALAMC - MODEFENCE,106.78,106.95,105.05,106.77,106.69,106.1,1248307,132816035.33
2026-08-07,MOENERGY,INF247L01GH7,EQ,MOTILALAMC - MOENERGY,39.0,39.09,38.65,38.84,38.95,38.71,100308,3901091.75
2026-08-07,MOGOLD,INF247L01FY4,EQ,MOTILALAMC - MOGOLD,146.05,147.8,145.55,147.45,147.25,146.05,17637,2589585.85
2026-08-07,MOHEALTH,INF247L01BB1,EQ,MOTILALAMC - MOHEALTH,51.9,52.41,51.76,52.1,52.17,51.9,24695,1283525.06
2026-08-07,MOINFRA,INF247L01FL1,EQ,MOTILALAMC - MOINFRA,60.77,61.81,60.55,60.7,61.2,60.7,3497,212436.71
2026-08-07,MOIPO,INF247L01GI5,EQ,MOTILALAMC - MOIPO,48.7,48.7,48.0,48.27,48.31,48.02,3475,167416.29
2026-08-07,MOLOWVOL,INF247L01BL0,EQ,MOTILALAMC - MOLOWVOL,37.97,37.97,37.56,37.56,37.63,37.64,1882,70820.56
2026-08-07,MOMENTUM50,INF247L01DK8,EQ,MOTILALAMC - MOMENTUM50,53.46,54.05,53.46,54.0,54.05,53.71,782606,42178966.47
2026-08-07,MOMETAL,INF247L01HG7,EQ,MOTILALAMC - MOMETAL,13.15,13.19,13.11,13.19,13.19,13.17,3040,39894.15
2026-08-07,MOMGF,INF247L01FK3,EQ,MOTILALAMC - MOMGF,166.39,168.0,165.55,167.9,168.0,166.75,1790,298019.11
2026-08-07,MOMIDMTM,INF247L01FQ0,EQ,MOTILALAMC - MOMIDMTM,65.86,65.86,64.5,64.81,64.81,64.57,80524,5214379.05
2026-08-07,MOMNC,INF247L01GK1,EQ,MOTILALAMC - MOMNC,33.65,33.77,33.6,33.74,33.75,33.49,22197,749123.38
2026-08-07,MOMOMENTUM,INF247L01BK2,EQ,MOTILALAMC - MOMOMENTUM,64.12,64.12,62.0,62.57,62.75,62.56,59903,3755263.34
2026-08-07,MON50EQUAL,INF247L01FC0,EQ,MOTILALAMC - MON50EQUAL,34.09,35.2,34.09,34.21,34.5,34.44,8682,296926.12
2026-08-07,MONEXT50,INF247L01FD8,EQ,MOTILALAMC - MONEXT50,74.98,74.98,74.51,74.87,74.98,74.12,856,64016.18
2026-08-07,MONIFTY100,INF247L01GG9,EQ,MOTILALAMC - MONIFTY100,26.15,26.15,25.8,25.88,25.83,26.02,71299,1842540.13
2026-08-07,MONIFTY500,INF247L01BU1,EQ,MOTILALAMC - MONIFTY500,24.3,24.38,24.15,24.28,24.3,24.3,406016,9866716.68
2026-08-07,MONQ50,INF247L01AU3,EQ,MOTILALAMC - MONQ50,144.28,144.28,144.28,144.28,144.28,146.88,8569,1236335.32
2026-08-07,MOOILGAS,INF247L01HH5,EQ,MOTILALAMC - MOOILGAS,11.35,11.36,11.25,11.25,11.25,11.3,2818,31926.53
2026-08-07,MOPSE,INF247L01FO5,EQ,MOTILALAMC - MOPSE,101.3,101.3,100.57,101.3,101.3,101.24,2345,236565.39
2026-08-07,MOQUALITY,INF247L01BH8,EQ,MOTILALAMC - MOQUALITY,207.71,207.71,206.75,207.3,207.47,205.72,714,148178.49
2026-08-07,MOREALTY,INF247L01CI4,EQ,MOTILALAMC - MOREALTY,89.77,89.77,88.81,89.03,89.08,89.18,327737,29211180.95
2026-08-07,MOSERVICE,INF247L01GJ3,EQ,MOTILALAMC - MOSERVICE,31.71,31.8,31.5,31.77,31.8,31.76,13030,412873.42
2026-08-07,MOSILVER,INF247L01FZ1,EQ,MOTILALAMC - MOSILVER,222.37,228.87,221.21,227.17,226.68,221.84,167324,37893195.57
2026-08-07,MOSMALL250,INF247L01CH6,EQ,MOTILALAMC - MOSMALL250,18.92,18.92,18.4,18.47,18.47,18.46,860214,15873627.32
2026-08-07,MOTOUR,INF247L01FP2,EQ,MOTILALAMC - MOTOUR,81.08,81.1,80.33,80.98,81.1,80.45,41549,3356031.98
2026-08-07,MOVALUE,INF247L01BE5,EQ,MOTILALAMC - MOVALUE,115.86,116.3,115.52,116.06,116.14,115.86,50968,5916772.79
2026-08-07,MOTISONS,INE0FRK01020,EQ,MOTISONS JEWELLERS LTD,13.87,14.14,13.76,13.96,14.01,13.87,24760361,346372225.14
2026-08-07,MOTOGENFIN,INE861B01023,BE,MOTOR & GENERAL FINANCE L,26.17,26.17,25.81,25.81,25.81,25.92,1534,39726.27
2026-08-07,MPHASIS,INE356A01018,EQ,MPHASIS LIMITED,2415.0,2498.0,2405.1,2475.0,2475.0,2421.9,608641,1506233327.8
2026-08-07,MPSLTD,INE943D01017,EQ,MPS LIMITED,2761.4,2944.9,2761.4,2931.2,2934.1,2763.9,130151,378005385.0
2026-08-07,MRF,INE883A01011,EQ,MRF LTD,133930.0,134500.0,133500.0,134190.0,134075.0,133930.0,2090,280249375.0
2026-08-07,MRPL,INE103A01014,EQ,MRPL,167.9,168.88,165.4,167.01,167.15,167.78,2184338,364604527.64
2026-08-07,BECTORFOOD,INE495P01020,EQ,MRS BECTORS FOOD SPE LTD,211.0,226.99,210.3,224.4,226.0,210.48,7460167,1643743119.09
2026-08-07,MSPL,INE752G01015,EQ,MSP STEEL & POWER LTD.,36.95,36.95,35.51,36.01,35.85,37.55,1272904,45899367.37
2026-08-07,MSTCLTD,INE255X01014,EQ,MSTC LIMITED,605.2,608.5,590.0,591.25,590.0,605.2,140967,83969189.35
2026-08-07,MTEDUCARE,INE472M01018,BE,MT EDUCARE LTD,1.99,2.03,1.86,1.99,2.0,1.94,42896,85063.0
2026-08-07,MTARTECH,INE864I01014,BE,MTAR TECHNOLOGIES LIMITED,6976.0,7100.0,6611.5,7085.5,7000.0,6959.0,321936,2208507075.5
2026-08-07,MUFIN,INE08KJ01020,EQ,MUFIN GREEN FINANCE LTD,133.6,138.4,133.5,137.19,137.18,134.07,2262111,309400917.25
2026-08-07,MUKANDLTD,INE304A01026,EQ,MUKAND LTD.,141.7,145.67,138.8,143.22,142.37,143.29,281992,40295755.04
2026-08-07,MUKKA,INE0CG401037,EQ,MUKKA PROTEINS LIMITED,23.35,23.67,23.17,23.41,23.3,23.1,166608,3890226.52
2026-08-07,MUKTAARTS,INE374B01019,BE,MUKTA ARTS LIMITED,56.03,58.01,56.03,57.0,57.0,58.78,656,37264.5
2026-08-07,MCX,INE745G01043,EQ,MULTI COMMODITY EXCHANGE,2633.2,2684.5,2621.0,2638.0,2638.0,2640.0,1444759,3846099570.1
2026-08-07,MUNJALAU,INE672B01032,EQ,MUNJAL AUTO IND. LTD.,102.51,103.69,101.95,102.46,102.0,103.66,137882,14160456.36
2026-08-07,MUNJALSHOW,INE577A01027,EQ,MUNJAL SHOWA LTD,133.89,135.9,133.62,134.21,134.58,133.62,24666,3317007.2
2026-08-07,MURUDCERA,INE692B01014,EQ,MURUDESHWAR CERAMICS LTD,30.95,31.33,30.94,31.1,31.06,30.95,8391,261236.41
2026-08-07,RADIOCITY,INE919I01024,EQ,MUSIC BROADCAST LIMITED,7.0,7.0,6.81,6.85,6.9,6.87,31416,217654.04
2026-08-07,MUTHOOTCAP,INE296G01013,EQ,MUTHOOT CAP SERV LTD,263.94,269.0,257.0,259.21,257.1,263.94,25637,6712138.92
2026-08-07,MUTHOOTFIN,INE414G01012,EQ,MUTHOOT FINANCE LIMITED,2900.0,2914.0,2870.5,2890.0,2890.0,2894.2,813420,2351191052.3
2026-08-07,MUTHOOTMF,INE046W01019,EQ,MUTHOOT MICROFIN LIMITED,235.0,244.6,212.06,214.02,213.11,221.94,5655615,1280445273.73
2026-08-07,MVELECTRO,INE0OWZ01020,EQ,MV ELECTROSYSTEMS LIMITED,665.5,686.5,593.05,611.7,594.95,624.0,13751593,8996279538.7
2026-08-07,MYMUDRA,INE0RVQ01016,SM,MY MUDRA FINCORP LIMITED,79.0,80.0,79.0,80.0,80.0,79.5,8400,669000.0
2026-08-07,NRAIL,INE740D01017,EQ,N R AGARWAL INDS LTD,524.25,549.0,516.1,544.55,545.0,521.65,66673,35904411.8
2026-08-07,NBIFIN,INE365I01020,EQ,N.B.I. IND. FIN. CO. LTD,2172.3,2176.9,2101.1,2120.1,2117.0,2158.1,430,915110.8
2026-08-07,NACLIND,INE295D01020,EQ,NACL INDUSTRIES LIMITED,178.65,180.63,176.41,177.36,177.71,178.14,308579,54992414.3
2026-08-07,NDGL,INE756C01015,EQ,NAGA DHUNSERI GROUP LTD,2749.0,2800.0,2631.0,2652.3,2649.0,2750.0,209,560098.7
2026-08-07,NAGREEKCAP,INE245I01016,EQ,NAGREEKA CAP & INFR.LTD,22.21,22.9,22.21,22.46,22.83,22.62,6510,147389.54
2026-08-07,NAGREEKEXP,INE123B01028,EQ,NAGREEKA EXPORTS LTD.,22.01,23.39,22.01,22.67,22.65,22.81,15998,361174.24
2026-08-07,NAHARCAP,INE049I01012,EQ,NAHAR CAP & FIN.,279.0,279.0,265.31,266.64,266.01,273.78,24677,6624241.47
2026-08-07,NAHARINDUS,INE289A01011,EQ,NAHAR INDS ENT LTD,121.08,128.98,120.4,127.72,128.5,121.08,73322,9188676.77
2026-08-07,NAHARPOLY,INE308A01027,EQ,NAHAR POLY FILMS LIMITED,245.5,249.0,235.1,237.0,237.65,240.25,23643,5650507.75
2026-08-07,NAHARSPING,INE290A01027,EQ,NAHAR SPINNING MILLS LTD.,313.9,318.8,305.3,316.25,316.9,309.8,66241,20836910.1
2026-08-07,NGIL,INE236Y01012,BE,NAKODA GROUP OF IND. LTD,39.9,39.9,39.0,39.04,39.05,38.52,2499,98434.95
2026-08-07,NSIL,INE023A01030,EQ,NALWA SONS INVESTMENT LTD,5700.0,5750.0,5617.5,5655.0,5636.0,5711.5,1892,10714790.0
2026-08-07,NAMAN,INE0RJM01010,SM,NAMAN INDUSTRE PRXIMA LTD,43.75,43.75,43.75,43.75,43.75,43.75,1600,70000.0
2026-08-07,NDL,INE875G01048,EQ,NANDAN DENIM LIMITED,2.29,2.36,2.28,2.32,2.35,2.31,550200,1274880.27
2026-08-07,JAIPURKURT,INE696V01013,EQ,NANDANI CREATION LIMITED,27.0,28.7,26.61,27.58,27.25,26.53,34470,949066.7
2026-08-07,NH,INE410P01011,EQ,NARAYANA HRUDAYALAYA LTD.,1885.0,1900.0,1865.7,1885.1,1898.4,1885.0,233480,438563449.4
2026-08-07,NARMADA,INE117Z01029,EQ,NARMADA AGROBASE LIMITED,13.85,14.03,13.52,13.89,13.71,13.85,1619834,22343969.92
2026-08-07,NATCOPHARM,INE987B01026,EQ,NATCO PHARMA LTD.,913.9,919.25,911.0,916.65,916.15,912.5,168655,154302167.25
2026-08-07,NATHBIOGEN,INE448G01010,EQ,NATH BIO-GENES (I) LTD,160.0,160.74,156.0,157.68,157.25,160.88,56675,8953458.1
2026-08-07,NATIONALUM,INE139A01034,EQ,NATIONAL ALUMINIUM CO LTD,382.5,382.85,377.15,381.0,381.0,381.0,4423953,1679591514.4
2026-08-07,NFL,INE870D01012,EQ,NATIONAL FERT. LTD,72.2,72.57,71.71,71.91,71.9,72.5,269948,19463317.03
2026-08-07,NATIONSTD,INE166R01015,EQ,NATIONAL STAND (INDIA) L,191.85,191.85,191.85,191.85,191.85,201.94,4431,850087.35
2026-08-07,NATCAPSUQ,INE936B01015,EQ,NATURAL CAPSULES LIMITED,151.4,157.97,150.98,155.04,157.0,149.91,54713,8452194.52
2026-08-07,NAVA,INE725A01030,EQ,NAVA LIMITED,592.0,592.0,573.35,581.85,580.0,594.2,209948,122656351.35
2026-08-07,NAVINFLUOR,INE048G01026,EQ,NAVIN FLUORINE INT. LTD,8520.5,8650.0,8225.0,8271.0,8230.0,8650.0,590351,4953576745.5
2026-08-07,NAVKARCORP,INE278M01019,EQ,NAVKAR CORPORATION LTD.,100.5,101.71,99.25,99.62,99.95,100.9,356967,35701430.13
2026-08-07,NAVKARURB,INE268H01044,BE,NAVKAR URBANSTRUCTURE LTD,1.03,1.03,1.0,1.0,1.02,1.01,146915,148666.65
2026-08-07,NAVNETEDUL,INE060A01024,EQ,NAVNEET EDUCATION LTD,127.0,135.29,126.9,133.87,134.16,127.93,830813,109769000.71
2026-08-07,NAZARA,INE418L01047,EQ,NAZARA TECHNOLOGIES LTD,352.85,356.65,344.5,352.35,351.4,352.85,2205799,773399702.1
2026-08-07,NBCC,INE095N01031,EQ,NBCC (INDIA) LIMITED,96.01,96.44,94.78,95.33,95.33,96.25,4742088,452617705.23
2026-08-07,NCC,INE868B01028,EQ,NCC LIMITED,146.8,149.45,144.69,145.59,145.49,143.73,6602913,966782920.59
2026-08-07,NCLIND,INE732C01016,EQ,NCL INDUSTRIES LIMITED,178.89,182.6,172.82,179.74,177.5,177.69,81841,14555324.51
2026-08-07,NDLVENTURE,INE353A01023,EQ,NDL VENTURES LIMITED,129.06,129.99,125.42,129.79,129.75,128.37,10398,1330950.27
2026-08-07,NDRAUTO,INE07OG01012,EQ,NDR AUTO COMPONENTS LTD,811.55,836.0,811.55,828.9,826.0,814.15,21287,17615978.2
2026-08-07,NDTV,INE155G01029,EQ,NDTV LTD,76.8,77.46,75.75,76.87,77.11,77.38,85096,6527836.72
2026-08-07,NECLIFE,INE023H01027,BE,NECTAR LIFESCIENCES LTD.,10.74,10.74,10.5,10.58,10.58,10.5,94259,999242.7
2026-08-07,NEELAM,INE0N1401016,SM,NEELAM LINENS & GAR (I) L,8.5,8.5,8.5,8.5,8.5,8.85,12000,102000.0
2026-08-07,NEAGI,INE605D01012,EQ,NEELAMALAI AGRO INDS. L,3300.0,3300.0,3110.0,3111.9,3110.0,3150.0,83,259469.0
2026-08-07,NELCAST,INE189I01024,EQ,NELCAST LIMITED,123.5,126.0,121.61,125.61,126.0,124.6,47575,5937430.04
2026-08-07,NELCO,INE045B01015,EQ,NELCO LTD,989.4,1025.9,955.0,958.9,964.0,983.8,512118,506457200.1
2026-08-07,NEOGEN,INE136S01016,EQ,NEOGEN CHEMICALS LIMITED,2046.0,2059.0,2004.2,2031.9,2028.0,2031.5,52244,106230405.6
2026-08-07,NEPHROPLUS,INE428V01029,EQ,NEPHROCARE HEALTH SERV L,691.65,696.6,682.05,694.15,694.0,691.65,57938,40013339.65
2026-08-07,NEPTUNE,INE156901014,SM,NEPTUNE PETROCHEMICALS L,186.0,186.0,186.0,186.0,186.0,185.4,1000,186000.0
2026-08-07,NESCO,INE317F01035,EQ,NESCO LTD.,1048.0,1054.9,1040.0,1047.1,1042.0,1049.2,12430,13015041.9
2026-08-07,NESTLEIND,INE239A01024,EQ,NESTLE INDIA LIMITED,1523.0,1553.0,1520.0,1540.0,1540.0,1535.0,1520661,2346847268.7
2026-08-07,NETWEB,INE0NT901020,EQ,NETWEB TECH INDIA LTD,4790.0,4968.0,4780.0,4939.2,4933.0,4816.0,1296942,6347613471.4
2026-08-07,NPST,INE0FFK01017,EQ,NETWORK PEOPLE SRV TECH L,1518.6,1525.0,1492.0,1505.4,1509.0,1511.0,14118,21353149.4
2026-08-07,NETWORK18,INE870H01013,EQ,NETWORK18 MEDIA & INV LTD,29.76,29.79,29.45,29.56,29.53,29.91,1240544,36716555.26
2026-08-07,NEULANDLAB,INE794A01010,EQ,NEULAND LAB LTD.,21611.0,23500.0,21601.0,22855.0,22915.0,21543.0,313887,7004445783.0
2026-08-07,NEWGEN,INE619B01017,EQ,NEWGEN SOFTWARE TECH LTD,542.45,560.0,540.0,551.0,549.1,542.4,1070093,591652769.5
2026-08-07,NEXTMEDIA,INE747B01016,EQ,NEXT MEDIAWORKS LIMITED,3.99,3.99,3.83,3.95,3.97,3.95,3121,12337.93
2026-08-07,NFPSAMPOOR,INE0T1501010,SM,NFP SAMPOORNA FOODS LTD,23.1,23.3,22.6,23.05,23.05,23.1,32000,734000.0
2026-08-07,NGLFINE,INE887E01022,EQ,NGL FINE CHEM LIMITED,3420.0,3441.0,3271.0,3403.6,3400.0,3428.5,4621,15710601.2
2026-08-07,NHPC,INE848E01016,EQ,NHPC LTD,77.5,77.69,76.81,76.92,76.92,77.5,7065480,544701497.49
2026-08-07,NIBE,INE149O01018,EQ,NIBE LIMITED,1424.9,1449.0,1405.8,1419.0,1428.0,1420.9,35331,50256996.2
2026-08-07,NIDAN,INE0J6L01013,SM,NIDAN LABS AND HEALTH LTD,13.45,13.45,13.45,13.45,13.45,13.25,2000,26900.0
2026-08-07,NIITMTS,INE342G01023,EQ,NIIT LEARNING SYSTEMS LTD,243.55,246.78,239.59,242.79,243.67,243.55,177288,43041256.47
2026-08-07,NIITLTD,INE161A01038,EQ,NIIT LIMITED,97.36,99.5,94.0,95.07,95.49,98.09,458217,44078707.26
2026-08-07,NIKITA,INE0FLF01015,SM,NIKITA GRENTEC RECYCL LTD,73.05,73.05,73.05,73.05,73.05,74.0,1200,87660.0
2026-08-07,NILAINFRA,INE937C01029,EQ,NILA INFRASTRUCTURES LTD,7.49,7.65,7.42,7.47,7.48,7.63,184200,1380367.01
2026-08-07,NILASPACES,INE00S901012,EQ,NILA SPACES LIMITED,12.1,12.45,12.03,12.27,12.4,12.17,154212,1880195.83
2026-08-07,NILE,INE445D01013,EQ,NILE LTD.,1594.1,1611.9,1540.0,1547.8,1540.0,1595.0,8448,13205014.7
2026-08-07,NILKAMAL,INE310A01015,EQ,NILKAMAL LIMITED,1765.7,1798.0,1721.0,1746.3,1730.3,1776.7,42098,74245024.3
2026-08-07,NIMBSPROJ,INE875B01015,BE,NIMBUS PROJECTS LIMITED,182.0,186.0,178.0,182.0,182.0,181.0,1123,203547.9
2026-08-07,NINSYS,INE395U01014,BE,NINTEC SYSTEMS LIMITED,730.0,746.9,730.0,739.1,730.1,734.9,1873,1385131.75
2026-08-07,BANKBEES,INF204KB15I9,EQ,NIP IND ETF BANK BEES,599.86,600.43,596.49,598.78,598.99,600.16,416499,249417276.16
2026-08-07,CONSUMBEES,INF204KA1LD7,EQ,NIP IND ETF CONSUMPTION,135.6,136.78,133.43,135.45,136.0,135.47,141101,19171319.33
2026-08-07,DIVOPPBEES,INF204KA1MS3,EQ,NIP IND ETF DIV OPP,79.85,80.09,78.16,79.88,79.9,79.48,74692,5966215.58
2026-08-07,NV20BEES,INF204KB18I3,EQ,NIP IND ETF ETF NV20,141.79,142.99,141.79,142.88,142.99,142.48,38453,5487160.59
2026-08-07,GOLDBEES,INF204KB17I5,EQ,NIP IND ETF GOLD BEES,122.24,123.61,121.67,123.4,123.38,122.48,27143156,3333735864.39
2026-08-07,HNGSNGBEES,INF204KB19I1,EQ,NIP IND ETF HANGSENG BEES,490.0,492.0,484.8,486.54,487.17,486.98,121573,59254404.81
2026-08-07,INFRABEES,INF732E01268,EQ,NIP IND ETF INFRA BEES,977.36,983.36,975.55,982.84,983.0,977.36,13520,13258300.09
2026-08-07,ITBEES,INF204KB15V2,EQ,NIP IND ETF IT,35.25,35.31,34.11,34.98,34.76,34.56,14372943,503935306.13
2026-08-07,JUNIORBEES,INF732E01045,EQ,NIP IND ETF JUNIOR BEES,812.3,812.3,803.11,807.63,807.9,807.25,361061,291758884.3
2026-08-07,LIQUIDBEES,INF732E01037,EQ,NIP IND ETF LIQUID BEES,999.99,1000.01,999.99,1000.0,1000.01,999.99,3015559,3015569379.31
2026-08-07,LTGILTBEES,INF204KB1882,EQ,NIP IND ETF LONGTERM GILT,30.48,30.48,29.99,30.07,30.08,30.05,652768,19628218.83
2026-08-07,MID150BEES,INF204KB1V68,EQ,NIP IND ETF MIDCAP 150,242.99,242.99,238.01,241.58,241.6,241.55,518793,125366966.91
2026-08-07,NIF100BEES,INF204K014N5,EQ,NIP IND ETF NIFTY 100,272.82,275.7,272.3,274.78,275.7,272.82,82559,22575299.03
2026-08-07,NIFTYBEES,INF204KB14I2,EQ,NIP IND ETF NIFTY BEES,280.59,280.59,279.1,279.83,279.7,280.59,5585234,1562992369.21
2026-08-07,PSUBNKBEES,INF204KB16I7,EQ,NIP IND ETF PSU BANK BEES,97.0,98.99,96.01,98.03,98.05,97.35,5474133,537937108.2
2026-08-07,SHARIABEES,INF732E01128,EQ,NIP IND ETF SHARIAH BEES,475.02,477.5,473.55,475.8,476.6,473.9,7233,3443397.02
2026-08-07,NAM-INDIA,INE298J01013,EQ,NIPPON L I A M LTD,1193.3,1193.3,1163.1,1176.0,1176.0,1200.0,688856,809842900.5
2026-08-07,LIQGRWBEES,INF204KC1FU1,EQ,NIPPONAMC - LIQGRWBEES,1050.9,1050.92,1050.89,1050.9,1050.9,1050.52,51098,53698929.51
2026-08-07,MANUFGBEES,INF204KC1GH6,EQ,NIPPONAMC - MANUFGBEES,168.46,168.46,163.83,164.52,165.52,166.8,4669,779459.91
2026-08-07,AUTOBEES,INF204KC1337,EQ,NIPPONAMC - NETFAUTO,302.23,309.8,299.66,307.43,309.5,301.21,397236,121249167.17
2026-08-07,PHARMABEES,INF204KC1089,EQ,NIPPONAMC - NETFPHARMA,27.5,27.5,27.18,27.32,27.36,27.29,3005719,82034715.23
2026-08-07,SILVERBEES,INF204KC1402,EQ,NIPPONAMC - NETFSILVER,215.01,221.2,214.69,220.47,220.21,214.53,44303975,9685898968.87
2026-08-07,SNXT30BEES,INF204KC1EZ3,EQ,NIPPONAMC - SNXT30BEES,43.8,44.15,43.36,43.99,44.15,43.8,4880,214284.3
2026-08-07,NIRAJ,INE368I01016,BE,NIRAJ CEMENT STRUC LTD,29.49,29.9,29.0,29.32,29.42,29.49,35094,1030323.17
2026-08-07,NIRAJISPAT,INE326T01011,EQ,NIRAJ ISPAT IND LTD,216.0,216.0,216.0,216.0,216.0,216.0,111,23976.0
2026-08-07,NIRLON,INE910A01012,EQ,NIRLON LTD,620.95,624.25,620.0,620.0,620.0,620.95,2512,1558246.85
2026-08-07,NIRMAN,INE0OK701014,SM,NIRMAN AGRI GENTICS LTD,36.55,39.75,33.6,34.0,34.0,36.55,26700,951495.0
2026-08-07,NITCO,INE858F01012,EQ,NITCO LIMITED,101.4,102.59,97.15,99.28,97.9,101.96,908408,90935027.68
2026-08-07,NITINSPIN,INE229H01012,EQ,NITIN SPINNERS LIMITED,572.35,580.05,569.8,577.4,579.75,572.35,69102,39775213.4
2026-08-07,NITIRAJ,INE439T01012,EQ,NITIRAJ ENGINEERS LTD,211.29,212.96,208.01,208.68,208.01,211.29,881,184750.97
2026-08-07,NITTAGELA,INE265B01019,EQ,NITTA GELATIN INDIA LTD.,1710.9,1764.8,1702.0,1722.9,1717.0,1695.5,8103,14045435.7
2026-08-07,NIVABUPA,INE995S01015,EQ,NIVA BUPA HEALTH INS CO L,86.8,87.8,85.49,86.19,86.01,87.18,881200,76310732.31
2026-08-07,NKIND,INE542C01019,EQ,NK INDUSTRIES LTD,63.0,63.0,60.0,60.95,60.95,63.0,850,51957.26
2026-08-07,NLCINDIA,INE589A01014,EQ,NLC INDIA LIMITED,305.2,307.7,301.0,304.4,303.0,304.0,1530784,466078590.05
2026-08-07,NMDC,INE584A01023,EQ,NMDC LTD.,85.9,86.0,84.9,84.92,84.92,86.2,9354641,796549016.45
2026-08-07,NSLNISP,INE0NNS01018,EQ,NMDC STEEL LIMITED,44.51,44.91,43.59,43.84,43.81,44.81,3801144,167139997.71
2026-08-07,NOCIL,INE163A01018,EQ,NOCIL LIMITED,171.3,171.8,168.0,168.65,168.85,170.71,288352,48992984.5
2026-08-07,NOIDATOLL,INE781B01015,BE,NOIDA TOLL BRIDGE CO LTD,4.47,4.47,4.2,4.36,4.4,4.38,131547,573187.41
2026-08-07,NORBTEAEXP,INE369C01017,EQ,NORBEN TEA & EXPORTS LTD,62.51,67.97,62.51,64.23,64.98,65.52,2017,131941.91
2026-08-07,NECCLTD,INE553C01016,BE,NORTH EAST CARRY CORP LTD,15.14,15.32,15.0,15.23,15.32,15.14,16389,247675.18
2026-08-07,NORTHARC,INE850M01015,EQ,NORTHERN ARC CAPITAL LTD,280.4,282.1,273.15,276.25,276.0,280.4,473790,131764393.35
2026-08-07,NOVAAGRI,INE02H701025,BE,NOVA AGRITECH LIMITED,23.0,23.43,22.95,23.18,23.39,23.06,42363,979524.03
2026-08-07,NOVARTIND,INE234A01025,EQ,NOVARTIS INDIA LIMITED,1589.7,1634.9,1589.7,1609.6,1610.3,1609.7,12030,19346384.9
2026-08-07,NRBBEARING,INE349A01021,EQ,NRB BEARING LIMITED,444.85,465.25,441.1,461.5,462.8,445.6,662113,301803907.9
2026-08-07,NIBL,INE047O01014,EQ,NRB INDUS. BEARINGS LTD.,34.04,35.07,34.04,34.72,34.84,34.04,15018,522488.14
2026-08-07,NTPCGREEN,INE0ONG01011,EQ,NTPC GREEN ENERGY LIMITED,91.34,91.93,90.9,91.5,91.5,91.33,1941963,177652446.18
2026-08-07,NTPC,INE733E01010,EQ,NTPC LTD,345.0,347.0,342.5,342.5,342.5,345.0,7012048,2415382659.65
2026-08-07,NUCLEUS,INE096B01018,EQ,NUCLEUS SOFTWARE EXPORTS,698.55,702.0,695.0,698.25,700.0,698.55,10949,7649978.7
2026-08-07,NRL,INE0JM501013,BE,NUPUR RECYCLERS LIMITED,117.66,117.66,115.99,116.9,116.9,115.36,139921,16395920.93
2026-08-07,NURECA,INE0DSF01015,EQ,NURECA LIMITED,334.4,348.0,332.55,342.6,340.0,338.65,24122,8237307.2
2026-08-07,NUVAMA,INE531F01023,EQ,NUVAMA WEALTH MANAGE LTD,1658.9,1675.0,1635.5,1642.7,1647.9,1658.3,208483,344537393.5
2026-08-07,NUVOCO,INE118D01016,EQ,NUVOCO VISTAS CORP LTD,352.85,355.6,345.0,345.8,346.7,352.85,352219,122898080.6
2026-08-07,OBCL,INE426Z01016,EQ,OBCL LIMITED,53.95,55.0,52.2,53.5,53.5,53.5,2416,130064.93
2026-08-07,OBEROIRLTY,INE093I01010,EQ,OBEROI REALTY LIMITED,1780.0,1792.2,1770.5,1775.0,1775.0,1777.0,171271,304990848.9
2026-08-07,OBSCP,INE0YHV01011,SM,OBSC PERFECTION LIMITED,743.95,809.55,720.1,749.0,742.0,731.0,202400,154469080.0
2026-08-07,OCCLLTD,INE0PK601023,BE,OCCL LIMITED,154.66,163.4,154.66,157.09,159.6,162.8,152754,23954664.27
2026-08-07,ODIGMA,INE054301028,BE,ODIGMA CONSULTANCY SOL L,22.86,23.4,22.86,23.13,23.2,23.14,9236,213922.7
2026-08-07,ONGC,INE213A01029,EQ,OIL AND NATURAL GAS CORP.,238.5,241.69,237.05,238.85,238.85,237.8,10078070,2410062796.34
2026-08-07,OILCOUNTUB,INE591A01010,BE,OIL COUNTRY TUBULAR LTD.,61.79,62.9,60.0,60.73,60.1,60.01,76042,4680145.44
2026-08-07,OIL,INE274J01014,EQ,OIL INDIA LTD,445.25,451.85,437.1,442.8,442.8,444.0,4232298,1881382710.25
2026-08-07,OLAELEC,INE0LXG01040,EQ,OLA ELECTRIC MOBILITY LTD,41.44,41.74,40.76,41.07,41.03,41.44,26892667,1107757288.02
2026-08-07,OLECTRA,INE260D01016,EQ,OLECTRA GREENTECH LIMITED,1387.0,1394.0,1377.6,1385.0,1383.7,1399.4,174516,241840328.0
2026-08-07,OMFREIGHT,INE1BZC01019,BE,OM FREIGHT FORWARDERS LTD,89.29,89.73,86.25,88.28,88.26,89.29,5698,501147.95
2026-08-07,OMINFRAL,INE239D01028,EQ,OM INFRA LIMITED,89.67,89.78,86.27,87.35,87.45,89.67,162849,14279272.53
2026-08-07,OMPOWER,INE25E901019,EQ,OM POWER TRANSMISSION LTD,173.0,173.56,169.22,171.03,169.5,172.57,44674,7661517.04
2026-08-07,OMAXAUTO,INE090B01011,BE,OMAX AUTOS LTD,190.0,192.55,182.97,183.12,183.9,192.6,74872,13898106.64
2026-08-07,OMAXE,INE800H01010,EQ,OMAXE LIMITED,87.35,91.77,86.0,86.45,86.14,87.35,513579,45781342.24
2026-08-07,OMNI,INE0UH301010,EQ,OMNITECH ENGINEERING LTD,627.0,627.0,553.3,578.35,575.0,627.05,5739514,3297913532.25
2026-08-07,ONDOOR,INE00ER01015,SM,ON DOOR CONCEPTS LIMITED,266.8,266.8,252.0,252.0,252.0,249.95,600,155640.0
2026-08-07,PAYTM,INE982J01020,EQ,ONE 97 COMMUNICATIONS LTD,1425.3,1459.5,1425.3,1441.6,1441.6,1442.0,3055929,4429380337.9
2026-08-07,MOBIKWIK,INE0HLU01028,EQ,ONE MOBIKWIK SYSTEMS LTD,203.85,204.99,199.79,200.3,200.78,204.43,917685,185096732.42
2026-08-07,ONEPOINT,INE840Y01029,EQ,ONE POINT ONE SOL LTD,58.5,61.25,57.5,60.33,60.25,57.1,6282291,377016212.48
2026-08-07,ONELIFECAP,INE912L01015,BE,ONELIFE CAP ADVISORS LTD,33.5,33.8,32.1,32.89,33.4,33.78,81102,2636088.34
2026-08-07,KISSHT,INE12F801023,EQ,ONEMI TECHNOLOGY SOL LTD,302.5,304.3,292.35,299.95,299.5,304.35,1921997,574581645.75
2026-08-07,ONESOURCE,INE013P01021,EQ,ONESOURCE SPECL PHARMA L,1548.0,1586.0,1545.0,1576.0,1565.0,1557.1,151582,236601254.1
2026-08-07,ONIDA,INE831A01028,BE,ONIDA ELECTRONICS LIMITED,37.5,38.44,36.84,38.38,38.2,36.98,361438,13545216.56
2026-08-07,ONMOBILE,INE809I01019,BE,ONMOBILE GLOBAL LTD.,69.67,69.7,69.67,69.7,69.7,71.09,34825,2426826.4
2026-08-07,ONWARDTEC,INE229A01017,EQ,ONWARD TECHNOLOGIES LTD,278.6,292.0,278.6,290.7,290.05,278.6,72813,20916201.9
2026-08-07,OPTIEMUS,INE350C01017,EQ,OPTIEMUS INFRACOM LTD,576.0,590.0,554.25,562.1,561.5,581.2,214057,121809985.0
2026-08-07,OFSS,INE881D01027,EQ,ORACLE FIN SERV SOFT LTD.,11650.0,11857.0,11572.0,11805.0,11805.0,11735.0,186998,2190587582.0
2026-08-07,ORBTEXP,INE231G01010,BE,ORBIT EXPORTS LIMITED,249.94,255.0,242.01,252.72,250.99,249.94,115783,29264039.44
2026-08-07,ORCHASP,INE215B01022,EQ,ORCHASP LIMITED,1.59,1.62,1.43,1.56,1.58,1.59,263817,406786.59
2026-08-07,ORCHPHARMA,INE191A01027,EQ,ORCHID PHARMA LIMITED,1003.1,1010.0,989.15,1001.85,1010.0,997.55,26620,26610622.2
2026-08-07,ORIANA,INE0OUT01019,SM,ORIANA POWER LIMITED,1480.0,1510.0,1440.0,1448.8,1440.0,1468.15,61725,91646343.75
2026-08-07,ORICONENT,INE730A01022,EQ,ORICON ENTERPRISES LTD,54.9,55.0,53.11,54.12,54.0,54.27,12355,668800.01
2026-08-07,ORIENTBELL,INE607D01018,EQ,ORIENT BELL LIMITED,314.35,317.0,311.25,314.0,317.0,315.55,7318,2296629.6
2026-08-07,ORIENTCEM,INE876N01018,EQ,ORIENT CEMENT LTD.,137.75,138.0,136.0,136.73,136.6,138.17,138487,19001969.32
2026-08-07,ORIENTCER,INE569C01020,EQ,ORIENT CERATECH LIMITED,43.5,44.4,42.22,42.58,42.94,41.43,119383,5137460.6
2026-08-07,ORIENTELEC,INE142Z01019,EQ,ORIENT ELECTRIC LIMITED,181.7,191.0,179.66,189.18,189.95,178.23,3629172,680471996.8
2026-08-07,GREENPOWER,INE999K01014,EQ,ORIENT GREEN POWER CO LTD,9.9,9.99,9.55,9.82,9.9,9.93,1926583,19039125.4
2026-08-07,ORIENTHOT,INE750A01020,EQ,ORIENT HOTELS LTD,128.5,129.85,126.77,127.89,127.5,128.77,234426,29978850.64
2026-08-07,ORIENTPPR,INE592A01026,EQ,ORIENT PAPER AND INDS LTD,18.95,19.1,18.01,18.51,18.15,18.83,369304,6919636.06
2026-08-07,ORIENTLTD,INE609C01024,BE,ORIENT PRESS LIMITED,78.5,78.9,76.79,77.2,77.2,78.5,777,59997.95
2026-08-07,ORIENTTECH,INE0PPK01015,EQ,ORIENT TECHNOLOGIES LTD,259.05,260.9,258.0,258.75,258.2,259.6,81943,21252638.15
2026-08-07,OAL,INE959C01023,EQ,ORIENTAL AROMATICS LTD,377.55,380.1,373.15,378.5,378.0,380.95,14430,5448206.55
2026-08-07,ORIENTALTL,INE998H01012,EQ,ORIENTAL TRIMEX LTD,5.29,5.29,5.12,5.16,5.15,5.15,55514,287270.04
2026-08-07,ORISSAMINE,INE725E01024,EQ,ORISSA MIN DEV CO LTD,4290.3,4450.0,4290.3,4405.2,4360.0,4320.2,10411,45728388.0
2026-08-07,ORKLAINDIA,INE16NZ01023,EQ,ORKLA INDIA LIMITED,562.95,571.0,557.0,566.85,569.0,559.35,193947,109086542.8
2026-08-07,ORTINGLOBE,INE749B01020,BE,ORTIN GLOBAL LIMITED,15.95,15.95,14.47,15.15,15.15,15.2,19989,299210.27
2026-08-07,OSELDEVICE,INE0RMF01018,SM,OSEL DEVICES LIMITED,410.25,410.3,396.0,400.1,398.0,408.25,15400,6190060.0
2026-08-07,OSIAHYPER,INE06IR01021,BE,OSIA HYPER RETAIL LIMITED,2.74,2.84,2.67,2.77,2.81,2.75,552004,1534031.53
2026-08-07,OSWALAGRO,INE142A01012,EQ,OSWAL AGRO MILLS LTD,42.0,42.79,39.9,40.16,40.0,42.57,115630,4720235.22
2026-08-07,OSWALGREEN,INE143A01010,EQ,OSWAL GREENTECH LIMITED,21.93,22.85,21.51,22.04,22.21,22.07,120769,2661350.74
2026-08-07,OSWALPUMPS,INE0BYP01024,EQ,OSWAL PUMPS LIMITED,322.0,328.25,322.0,326.1,326.15,322.95,558289,181633447.35
2026-08-07,PNGJL,INE953R01016,EQ,P N GADGIL JEWELLERS LTD,630.25,653.95,630.25,642.85,642.5,635.2,698612,452482465.5
2026-08-07,PGHH,INE179A01014,EQ,P&G HYGIENE & HEALTH CARE,8541.0,8550.0,8476.0,8497.0,8500.0,8484.0,8475,72069057.0
2026-08-07,PROPEQUITY,INE0KN801013,SM,P. E. ANALYTICS LIMITED,239.9,239.9,225.0,225.0,225.0,204.0,1800,413940.0
2026-08-07,PACEDIGITK,INE0S3G01027,EQ,PACE DIGITEK LIMITED,188.21,188.59,179.43,181.95,182.0,186.92,2560644,468733710.41
2026-08-07,PAGEIND,INE761H01022,EQ,PAGE INDUSTRIES LTD,39890.0,40240.0,39735.0,39900.0,39900.0,40050.0,10770,431039950.0
2026-08-07,PAISALO,INE420C01059,EQ,PAISALO DIGITAL LIMITED,69.0,69.89,68.5,68.68,68.7,68.98,11426042,787885427.75
2026-08-07,PAKKA,INE551D01018,EQ,PAKKA LIMITED,72.18,72.75,71.01,72.17,71.65,72.15,33247,2390879.15
2026-08-07,PALASHSECU,INE471W01019,EQ,PALASH SECURITIES LTD,87.1,94.79,87.0,92.01,94.0,87.1,1785,161193.46
2026-08-07,PALREDTEC,INE218G01033,BE,PALRED TECHNOLOGIES LTD,47.66,50.04,46.0,48.9,48.9,47.66,3982,196420.6
2026-08-07,PANACEABIO,INE922B01023,EQ,PANACEA BIOTEC LTD,419.9,423.95,410.35,413.0,414.15,418.65,145361,60178275.35
2026-08-07,PANACHE,INE895W01019,BE,PANACHE DIGILIFE LIMITED,442.85,463.0,431.0,458.55,461.0,442.85,20918,9445477.4
2026-08-07,PANAMAPET,INE305C01029,EQ,PANAMA PETROCHEM LTD,496.35,510.0,483.55,504.8,503.0,494.95,359650,179605514.25
2026-08-07,PANSARI,INE697V01011,EQ,PANSARI DEVELOPERS LTD,314.4,330.95,314.4,322.75,319.0,329.25,2534,817329.2
2026-08-07,PAR,INE04LG01015,EQ,PAR DRUGS AND CHEM LTD,100.89,101.88,97.8,98.4,99.15,100.92,4769,473959.09
2026-08-07,PARADEEP,INE088F01024,EQ,PARADEEP PHOSPHATES LTD,148.13,152.3,146.81,149.45,149.6,148.13,6178811,927613798.67
2026-08-07,PARAGMILK,INE883N01014,EQ,PARAG MILK FOODS LTD.,219.6,228.64,217.28,223.22,223.0,225.99,802192,179504300.16
2026-08-07,PARAGON,INE0N4G01012,SM,PARAGON FINE S.C. LTD.,49.9,49.9,49.9,49.9,49.9,49.0,4800,239520.0
2026-08-07,PARACABLES,INE074B01023,EQ,PARAMOUNT COMM LTD,66.05,69.25,65.46,68.92,68.7,66.05,3037304,207080706.58
2026-08-07,PSFL,INE0Q6001012,SM,PARAMOUNT SPECIALI FORG L,31.45,31.45,31.45,31.45,31.45,31.0,2000,62900.0
2026-08-07,PARAS,INE045601023,EQ,PARAS DEF AND SPCE TECH L,1316.0,1330.9,1235.3,1277.1,1274.9,1316.7,1254142,1615650416.9
2026-08-07,PARASPETRO,INE162C01024,EQ,PARAS PETROFILS LTD.,2.75,2.75,2.59,2.59,2.59,2.72,278625,730632.98
2026-08-07,PARIN,INE00U801010,SM,PARIN ENTERPRISES LIMITED,691.05,704.0,685.0,698.4,702.0,706.0,1750,1221762.5
2026-08-07,PARKHOSPS,INE119201023,EQ,PARK MEDI WORLD LIMITED,291.0,295.5,286.7,292.25,291.2,292.25,629488,183301972.2
2026-08-07,PARKHOTELS,INE988S01028,EQ,PARKHOTELS,120.35,122.4,118.2,119.92,119.5,120.93,201372,24240398.63
2026-08-07,PARSVNATH,INE561H01026,BE,PARSVNATH DEVELOPER LTD,1.65,1.65,1.65,1.65,1.65,1.68,110188,181810.2
2026-08-07,PARTH,INE1H7V01011,SM,PARTH ELEC & ENG LTD,503.0,521.95,500.1,506.15,500.1,517.25,7600,3844800.0
2026-08-07,PARTYCRUS,INE06ZX01015,SM,PARTY CRUISERS LIMITED,85.75,85.75,85.75,85.75,85.75,88.8,1000,85750.0
2026-08-07,PASHUPATI,INE124Y01028,EQ,PASHUPATI COTSPIN LIMITED,84.99,85.99,83.2,83.97,84.3,85.07,490258,41443390.92
2026-08-07,PASUPTAC,INE818B01023,BE,PASUPATI ACRYLON LIMITED,60.0,62.65,60.0,62.38,62.65,59.67,96185,5948223.51
2026-08-07,PATANJALI,INE619A01035,EQ,PATANJALI FOODS LIMITED,352.95,357.5,351.1,357.5,357.5,355.0,2796734,990445901.0
2026-08-07,PATELENG,INE244B01030,EQ,PATEL ENGINEERING LTD.,28.6,28.99,28.4,28.59,28.56,28.79,3128274,89666526.34
2026-08-07,PATINTLOG,INE529D01014,BE,PATEL INT. LOG. LTD,14.7,14.9,14.39,14.43,14.5,14.79,22171,323254.04
2026-08-07,PATELRMART,INE0R8B01010,EQ,PATEL RETAIL LIMITED,221.0,222.8,218.5,220.35,222.8,221.02,24662,5421552.5
2026-08-07,PML,INE291E01019,EQ,PAUL MERCHANTS LTD.,505.0,511.35,486.55,500.45,490.0,506.25,846,425227.65
2026-08-07,PAUSHAKLTD,INE111F01024,EQ,PAUSHAK LIMITED,700.0,714.3,681.8,706.65,705.1,691.7,32708,22806460.05
2026-08-07,PAVNAIND,INE07S101038,EQ,PAVNA INDUSTRIES LIMITED,18.71,19.7,18.01,18.31,18.48,19.09,94789,1767067.96
2026-08-07,POLICYBZR,INE417T01026,EQ,PB FINTECH LIMITED,1593.9,1613.4,1583.1,1604.5,1604.5,1599.0,733424,1173541584.7
2026-08-07,PCJEWELLER,INE785M01021,EQ,PC JEWELLER LTD,9.71,9.91,9.69,9.77,9.73,9.68,136039488,1329986368.97
2026-08-07,PCBL,INE602A01031,EQ,PCBL CHEMICAL LIMITED,324.9,325.9,320.5,321.9,321.95,324.8,555082,179272748.8
2026-08-07,PDSL,INE111Q01021,EQ,PDS LIMITED,357.4,370.0,355.25,361.85,359.95,358.05,216413,78819527.65
2026-08-07,PGIL,INE940H01022,EQ,PEARL GLOBAL IND LIMITED,2235.0,2539.6,2231.0,2464.1,2452.0,2221.5,2215967,5452880094.3
2026-08-07,PEARLPOLY,INE844A01013,BE,PEARL POLYMERS LTD,16.95,16.95,16.5,16.89,16.9,16.35,9751,163452.94
2026-08-07,PELATRO,INE0VG601013,SM,PELATRO LIMITED,293.0,293.0,285.0,285.0,285.0,281.8,1200,344400.0
2026-08-07,PENINLAND,INE138A01028,BE,PENINSULA LAND LIMITED,16.32,16.35,16.12,16.12,16.12,16.44,43151,703204.01
2026-08-07,PENIND,INE932A01024,EQ,PENNAR INDUSTRIES LTD,161.6,164.0,158.71,159.86,160.8,162.66,457240,73472029.65
2026-08-07,PENTAGON,INE0ORS01017,SM,PENTAGON RUBBER LIMITED,52.05,52.05,50.0,50.7,50.7,54.95,10000,505200.0
2026-08-07,PERSISTENT,INE262H01021,EQ,PERSISTENT SYSTEMS LTD,5470.0,5594.0,5448.5,5475.0,5475.0,5459.5,507690,2797220564.0
2026-08-07,PCCL,INE998U01015,SM,PETRO CARBON AND CHEMI L,293.0,301.9,287.5,297.4,299.85,296.0,20400,6090020.0
2026-08-07,PETRONET,INE347G01014,EQ,PETRONET LNG LIMITED,275.4,280.6,275.4,280.6,280.6,276.95,833605,232153611.85
2026-08-07,PFIZER,INE182A01018,EQ,PFIZER LTD,4925.0,4925.0,4850.0,4880.6,4886.1,4900.0,5857,28634031.7
2026-08-07,PGEL,INE457L01029,EQ,PG ELECTROPLAST LTD,614.3,643.95,602.45,630.65,630.65,609.75,11060038,6937741062.1
2026-08-07,PHANTOMFX,INE0MLZ01019,SM,PHANTOM DIGITAL EFF LTD,163.05,167.0,154.0,155.15,155.0,165.0,62100,9793095.0
2026-08-07,PWL,INE0LP301011,EQ,PHYSICSWALLAH LIMITED,125.49,133.5,125.08,131.59,131.0,125.49,12678121,1660301135.22
2026-08-07,PIIND,INE603J01030,EQ,PI INDUSTRIES LTD,2778.4,2796.6,2751.2,2774.6,2774.6,2796.0,85234,236012642.7
2026-08-07,PICCADIL,INE546C01010,EQ,PICCADILY AGRO INDUSTRI L,749.95,760.9,736.95,743.15,740.85,746.2,145966,109370092.6
2026-08-07,PPSL,INE0YAL01017,SM,PICTUREPOST STUDIOS LTD,2.9,2.9,2.9,2.9,2.9,2.8,33000,95700.0
2026-08-07,PIDILITIND,INE318A01026,EQ,PIDILITE INDUSTRIES LTD,1675.0,1675.0,1648.1,1660.0,1660.0,1686.0,917427,1523522937.2
2026-08-07,PILITA,INE600A01035,BE,PIL ITALICA LIFESTYLE LTD,8.73,8.73,8.21,8.61,8.69,8.51,80746,693931.76
2026-08-07,PILANIINVS,INE417C01014,EQ,PILANI INV & IND COR LTD,4314.2,4410.0,4314.2,4370.7,4399.5,4315.0,1798,7844826.6
2026-08-07,PINELABS,INE15B701018,EQ,PINE LABS LIMITED,156.0,157.74,154.0,154.44,154.4,156.04,12806006,1993752240.86
2026-08-07,PIONEEREMB,INE156C01018,EQ,PIONEER EMBROIDERIES LTD,24.9,24.9,23.5,23.93,24.18,24.3,8515,203450.53
2026-08-07,PIONRINV,INE746D01014,BE,PIONEER INVESTCORP LTD.,83.63,83.65,83.63,83.65,83.65,84.05,76,6356.14
2026-08-07,PIRAMALFIN,INE202B01038,EQ,PIRAMAL FINANCE LIMITED,2112.0,2124.9,2089.1,2109.7,2104.0,2109.7,168834,356214516.2
2026-08-07,PPLPHARMA,INE0DK501011,EQ,PIRAMAL PHARMA LIMITED,207.0,212.24,205.51,209.55,209.1,208.24,4611692,966075444.95
2026-08-07,PITTIENG,INE450D01021,EQ,PITTI ENGINEERING LIMITED,945.0,948.0,933.0,939.95,933.0,940.8,10944,10309862.2
2026-08-07,PIXTRANS,INE751B01018,EQ,PIX TRANSMISSIONS LIMITED,1693.0,1725.0,1672.7,1717.2,1725.0,1698.6,12293,20887743.0
2026-08-07,PLASTIBLEN,INE083C01022,EQ,PLASTIBLENDS INDIA LTD,198.61,200.0,196.49,197.69,196.49,197.49,40091,7966431.65
2026-08-07,PLATIND,INE0PT501018,EQ,PLATINUM INDUSTRIES LTD,227.27,228.0,223.0,224.75,223.1,226.14,32047,7215442.26
2026-08-07,PLAZACABLE,INE0INJ01017,BE,PLAZA WIRES LIMITED,47.43,48.0,45.6,47.8,48.0,47.43,26260,1239000.53
2026-08-07,PNBGILTS,INE859A01011,EQ,PNB GILTS LIMITED,82.0,82.89,80.0,80.7,80.76,82.0,462573,37523521.24
2026-08-07,PNBHOUSING,INE572E01012,EQ,PNB HOUSING FIN LTD.,1150.0,1151.8,1119.5,1143.0,1143.0,1150.0,1476731,1676338771.2
2026-08-07,PNCINFRA,INE195J01029,EQ,PNC INFRATECH LTD.,238.0,238.5,222.0,224.38,223.97,239.76,1413509,321539941.66
2026-08-07,PNGSREVA,INE1RDG01013,EQ,PNGS REVA DIAMOND JEWEL L,496.0,518.95,492.6,511.2,515.0,499.3,253363,128634096.8
2026-08-07,PODDARMENT,INE371C01013,EQ,PODDAR PIGMENTS LIMITED,260.0,260.0,253.1,257.45,257.05,256.9,2350,605415.2
2026-08-07,POKARNA,INE637C01025,EQ,POKARNA LIMITED,969.0,1020.0,967.0,986.6,992.0,967.15,153323,152451875.45
2026-08-07,POLYMED,INE205C01021,EQ,POLY MEDICURE LIMITED,1714.9,1745.0,1651.2,1693.8,1695.2,1709.3,225240,382912863.1
2026-08-07,POLYCAB,INE455K01017,EQ,POLYCAB INDIA LIMITED,9315.0,9315.0,9182.0,9218.0,9218.0,9315.0,197996,1829743967.5
2026-08-07,POLYPLEX,INE633B01018,EQ,POLYPLEX CORPORATION LTD,1115.1,1134.0,1110.0,1115.9,1112.2,1115.1,46724,52422134.3
2026-08-07,POLYSIL,INE517M01028,SM,POLYSIL IRRIGATION SYST L,75.0,75.0,75.0,75.0,75.0,78.9,18000,1350000.0
2026-08-07,POCL,INE063E01061,EQ,PONDY OXIDES & CHEM LTD,486.95,496.65,480.0,481.7,482.0,487.65,594467,289627699.85
2026-08-07,PONNIERODE,INE838E01017,EQ,PONNIE SUGARS (ERODE) LTD,320.2,323.95,320.0,320.75,321.0,322.9,6297,2022862.45
2026-08-07,POONAWALLA,INE511C01022,EQ,POONAWALLA FINCORP LTD,492.9,493.0,469.0,480.05,480.05,490.85,1895576,905588239.45
2026-08-07,PVSL,INE772T01024,EQ,POPULAR VEHICLES N SER L,109.19,111.97,107.73,108.11,108.0,109.39,19518,2125557.61
2026-08-07,POSITRON,INE0S3H01017,SM,POSITRON ENERGY LIMITED,172.9,174.5,171.05,171.4,171.05,172.9,3300,569340.0
2026-08-07,PFC,INE134E01011,EQ,POWER FIN CORP LTD.,417.0,421.15,414.5,420.0,420.0,418.0,4422078,1852440482.55
2026-08-07,POWERGRID,INE752E01010,EQ,POWER GRID CORP. LTD.,268.65,272.85,268.35,271.6,271.6,270.75,7795199,2112143081.2
2026-08-07,PIGL,INE557Z01018,EQ,POWER INSTRUMENT (G) LTD,106.77,113.8,104.71,112.26,112.58,105.71,237433,26114460.14
2026-08-07,POWERMECH,INE211R01019,EQ,POWER MECH PROJECTS LTD.,2610.4,2643.1,2592.0,2616.7,2600.4,2617.0,49411,129074906.4
2026-08-07,POWERICA,INE921L01032,EQ,POWERICA LIMITED,524.7,544.45,510.0,533.2,529.9,522.75,186038,97387376.65
2026-08-07,PPAP,INE095I01015,BE,PPAP AUTOMOTIVE LIMITED,319.95,327.3,301.0,321.35,321.75,311.85,47793,15123603.85
2026-08-07,PRABHA,INE0I0M01023,EQ,PRABHA ENERGY LIMITED,156.44,158.75,153.1,154.61,154.96,156.44,45510,7106839.74
2026-08-07,PRADPME,INE770A01010,BE,PRADEEP METALS LTD.,519.0,525.9,512.2,515.2,515.0,513.6,7973,4141022.85
2026-08-07,PRAJIND,INE074A01025,EQ,PRAJ INDUSTRIES LTD,325.05,329.95,322.0,325.05,323.8,319.65,1341676,437478953.55
2026-08-07,PRAENG,INE505C01016,EQ,PRAJAY ENG. SYN. LTD.,20.49,20.9,19.36,19.9,19.8,20.49,124261,2485676.46
2026-08-07,PRAKASH,INE603A01013,EQ,PRAKASH INDUSTRIES LTD,129.0,130.39,128.1,128.73,128.22,128.72,235356,30434734.77
2026-08-07,PPL,INE050001010,BE,PRAKASH PIPES LIMITED,257.1,271.0,255.1,260.4,264.75,262.45,32093,8401764.0
2026-08-07,PRAKASHSTL,INE696K01024,EQ,PRAKASH STEELAGE LTD,4.05,4.05,3.96,3.98,3.99,3.97,58130,231657.14
2026-08-07,PRAMARA,INE0O7A01017,SM,PRAMARA PROMOTIONS LTD,123.75,123.75,119.0,119.35,120.9,120.6,8000,957525.0
2026-08-07,DIAMONDYD,INE393P01035,EQ,PRATAAP SNACKS LIMITED,1170.0,1239.0,1150.1,1227.4,1219.0,1166.2,445495,530571737.7
2026-08-07,PRATHAM,INE0QA601016,SM,PRATHAM EPC PROJECTS LTD,120.0,120.0,120.0,120.0,120.0,120.0,1200,144000.0
2026-08-07,PRAVEG,INE722B01019,EQ,PRAVEG LTD.,287.25,291.0,272.1,275.4,272.1,287.25,90072,25164631.5
2026-08-07,PRAXIS,INE546Y01022,EQ,PRAXIS HOME RETAIL LTD,7.23,7.4,6.81,6.91,6.99,7.23,58492,409548.0
2026-08-07,PRECAM,INE484I01029,EQ,PRECISION CAMSHAFTS LTD.,143.87,145.27,143.0,143.29,143.2,144.48,62856,9040205.55
2026-08-07,PRECWIRE,INE372C01037,EQ,PRECISION WIRES INDIA LTD,417.7,417.7,401.1,413.8,413.0,418.95,391595,160238582.3
2026-08-07,PRECOT,INE283A01014,EQ,PRECOT LIMITED,870.0,870.0,802.0,813.25,807.05,852.65,11322,9367995.15
2026-08-07,PREMCO,INE001E01012,EQ,PREMCO GLOBAL LTD.,375.1,388.8,375.1,380.3,380.05,385.0,1810,692096.75
2026-08-07,PREMIERENE,INE0BS701011,EQ,PREMIER ENERGIES LIMITED,1050.9,1063.0,1022.0,1047.2,1047.2,1041.7,2579738,2698053245.6
2026-08-07,PREMEXPLN,INE863B01029,EQ,PREMIER EXPLOSIVES LTD,665.0,666.95,636.4,641.2,646.45,664.65,1329878,863865870.8
2026-08-07,PREMIER,INE342A01018,BE,PREMIER LIMITED,3.0,3.0,2.75,2.84,2.84,2.87,3685,10400.15
2026-08-07,PREMIERPOL,INE309M01020,EQ,PREMIER POLYFILM LTD,72.52,72.61,71.01,71.66,71.55,72.24,91735,6598502.75
2026-08-07,PRLIND,INE0CFG01012,SM,PREMIER ROADLINES LIMITED,43.75,44.95,43.75,43.95,43.9,43.95,65000,2867050.0
2026-08-07,PREMIUM,INE0M1F01011,SM,PREMIUM PLAST LIMITED,39.0,39.0,39.0,39.0,39.0,39.0,3000,117000.0
2026-08-07,PRESSTONIC,INE0R1601012,SM,PRESSTONIC ENGINEERING L,35.45,35.8,32.75,34.35,34.25,32.65,90400,3140840.0
2026-08-07,PRESTIGE,INE811K01011,EQ,PRESTIGE ESTATE LTD,1577.0,1599.8,1565.8,1584.8,1584.8,1578.0,475170,749892990.4
2026-08-07,PRICOLLTD,INE726V01018,EQ,PRICOL LIMITED,755.5,757.9,733.8,737.9,739.5,761.45,553113,411357820.9
2026-08-07,PFOCUS,INE367G01038,EQ,PRIME FOCUS LIMITED,283.95,304.8,283.65,287.6,288.65,291.9,1101666,324154809.9
2026-08-07,PRIMESECU,INE032B01021,EQ,PRIME SECURITIES LIMITED,289.95,297.0,282.3,296.05,297.0,283.7,80858,23312892.25
2026-08-07,PRIMO,INE607A01022,EQ,PRIMO CHEMICALS LIMITED,23.7,24.44,23.45,23.96,23.82,23.73,128645,3086717.16
2026-08-07,PRINCEPIPE,INE689W01016,EQ,PRINCE PIPES FITTINGS LTD,274.35,277.6,268.35,271.0,271.2,274.35,130236,35434916.45
2026-08-07,PRSMJOHNSN,INE010A01011,EQ,PRISM JOHNSON LIMITED,113.18,131.0,107.77,111.56,109.0,113.32,48698881,5842506440.98
2026-08-07,PRITI,INE974Z01015,BE,PRITI INTERNATIONAL LTD,37.0,37.0,36.31,36.36,36.31,37.1,7240,264112.23
2026-08-07,PRITIKAUTO,INE583R01029,BE,PRITIKA AUTO INDUS LTD,18.5,18.99,18.0,18.22,18.5,18.52,61421,1127728.36
2026-08-07,PRITIKA,INE0MJQ01020,SM,PRITIKA ENG COMPO LTD,64.0,64.0,64.0,64.0,64.0,64.0,4000,256000.0
2026-08-07,PNC,INE392B01011,EQ,PRITISH NANDY COMMUNICATI,19.95,20.0,18.5,19.92,20.0,19.48,5730,112470.94
2026-08-07,PRIVISCL,INE959A01019,EQ,PRIVI SPECIALITY CHE LTD,3660.0,3690.8,3621.0,3644.1,3661.0,3660.0,30180,110254527.6
2026-08-07,PROFX,INE0VJT01017,SM,PRO FX TECH LIMITED,73.4,73.4,73.4,73.4,73.4,73.8,1600,117440.0
2026-08-07,PGHL,INE199A01012,EQ,PROCTER & GAMBLE HEALTH L,6060.0,6170.0,6009.0,6144.5,6150.0,6068.0,25000,152520980.5
2026-08-07,PROLIFE,INE994V01012,SM,PROLIFE INDUSTRIES LTD,78.65,78.65,78.65,78.65,78.65,74.95,1500,117975.0
2026-08-07,PROSTARM,INE0BX301013,EQ,PROSTARM INFO SYSTEMS LTD,142.11,147.5,141.25,146.01,145.6,144.13,426703,62174449.09
2026-08-07,PROTEAN,INE004A01022,EQ,PROTEAN EGOV TECHNO LTD,560.0,574.0,558.2,565.95,567.9,558.65,286720,163121106.05
2026-08-07,PROZONER,INE195N01013,EQ,PROZONE REALTY LIMITED,42.16,43.0,42.0,42.74,42.9,42.26,113682,4840798.62
2026-08-07,PRUDENT,INE00F201020,EQ,PRUDENT CORP ADV SER LTD,3263.0,3412.6,3247.6,3371.8,3365.3,3266.7,33960,114072338.1
2026-08-07,PRUDMOULI,INE024D01016,BE,PRUDENTIAL SUGAR CORPORAT,13.0,14.0,13.0,13.44,13.48,13.43,8244,111679.0
2026-08-07,PSPPROJECT,INE488V01015,EQ,PSP PROJECTS LIMITED,962.8,971.9,955.0,962.95,968.0,973.95,64096,61743621.55
2026-08-07,PFS,INE560K01014,EQ,PTC INDIA FIN SERV LTD,28.66,29.49,28.5,29.02,29.07,28.87,424044,12209936.19
2026-08-07,PTC,INE877F01012,EQ,PTC INDIA LIMITED,201.0,204.2,195.4,203.3,202.8,200.17,12883295,2587586862.37
2026-08-07,PTCIL,INE596F01018,EQ,PTC INDUSTRIES LIMITED,18250.0,19400.0,18250.0,19076.0,19100.0,18221.0,91324,1743417501.0
2026-08-07,PTL,INE034D01049,EQ,PTL ENTERPRISES LTD,39.95,40.24,39.4,39.85,39.8,39.94,39714,1581584.74
2026-08-07,PDMJEPAPER,INE865T01018,EQ,PUDUMJEE PAPER PRO. LTD,98.68,100.0,96.91,97.63,98.25,98.18,77841,7651045.1
2026-08-07,PULZ,INE335X01014,SM,PULZ ELECTRONICS LIMITED,26.55,26.55,25.9,25.9,25.9,25.8,4000,104900.0
2026-08-07,PSB,INE608A01012,EQ,PUNJAB & SIND BANK,23.98,23.98,23.71,23.79,23.8,23.98,786849,18767598.61
2026-08-07,PUNJABCHEM,INE277B01014,EQ,PUNJAB CHEM & CROP PROT L,1105.0,1122.0,1100.1,1111.1,1100.1,1110.6,4675,5195033.8
2026-08-07,PNB,INE160A01022,EQ,PUNJAB NATIONAL BANK,114.01,115.37,113.6,114.81,114.81,114.3,11202537,1282292736.98
2026-08-07,PURVA,INE323I01011,EQ,PURAVANKARA LIMITED,210.99,213.79,209.12,212.37,210.5,209.41,97936,20740027.89
2026-08-07,PURVFLEXI,INE0R6C01012,SM,PURV FLEXIPACK LIMITED,48.0,50.05,48.0,50.05,50.05,47.7,13600,675160.0
2026-08-07,PUSHPA,INE154801018,SM,PUSHPA JEWELLERS LIMITED,113.0,113.0,113.0,113.0,113.0,113.0,8000,904000.0
2026-08-07,PVP,INE362A01016,EQ,PVP VENTURES LIMITED,33.25,36.0,32.62,34.74,34.26,33.14,10194426,351683187.77
2026-08-07,PVRINOX,INE191H01014,EQ,PVR INOX LIMITED,1135.0,1168.9,1135.0,1156.0,1158.0,1150.4,137511,159074774.4
2026-08-07,PYRAMID,INE0MIS01010,EQ,PYRAMID TECHNOPLAST LTD,178.7,180.35,173.88,175.35,175.0,178.55,38937,6868353.11
2026-08-07,QLINE,INE1G2W01011,SM,Q-LINE BIOTECH LIMITED,527.8,542.15,527.6,538.7,537.0,529.4,34400,18406720.0
2026-08-07,QMSMEDI,INE0FMW01018,EQ,QMS MEDICAL ALLIED S LTD,114.0,115.0,112.21,113.3,112.5,114.51,12487,1416320.37
2026-08-07,QUADPRO,INE0GOJ01027,SM,QUADPRO ITES LIMITED,2.4,2.4,2.4,2.4,2.4,2.4,12000,28800.0
2026-08-07,QUADFUTURE,INE0LRY01011,EQ,QUADRANT FUTURE TEK LTD,379.0,386.4,360.0,361.5,362.45,378.0,275252,102448153.55
2026-08-07,QPOWER,INE0SII01026,BE,QUALITY POWER ELEC EQUP L,1155.0,1155.0,1101.0,1124.1,1115.0,1157.0,117936,132744822.9
2026-08-07,QGOLDHALF,INF082J01408,EQ,QUANTUM GOLD ETF,122.98,124.12,122.24,123.84,123.8,122.69,249699,30824984.07
2026-08-07,QNIFTY,INF082J01499,EQ,QUANTUM NIFTY 50 ETF,271.54,271.54,270.4,270.7,271.0,271.54,2601,704799.36
2026-08-07,QUESS,INE615P01015,EQ,QUESS CORP LIMITED,315.0,315.25,303.6,311.05,309.3,315.25,388684,120024847.3
2026-08-07,QUESTLAB,INE0TNW01017,SM,QUEST LABORATORIES LTD,91.0,92.0,89.0,89.7,89.9,90.25,24000,2169600.0
2026-08-07,QUICKHEAL,INE306L01010,BE,QUICK HEAL TECH LTD,152.65,157.0,152.65,155.02,155.43,155.65,23125,3591955.09
2026-08-07,QUICKTOUCH,INE0K4D01020,SM,QUICKTOUCH TECHNOLOGIES L,20.65,22.5,20.65,22.5,22.5,21.65,2500,53175.0
2026-08-07,QUINT,INE641R01017,EQ,QUINT DIGITAL LTD.,37.51,40.0,37.0,37.48,37.0,39.86,3954,155641.95
2026-08-07,RKSWAMY,INE0NQ801033,EQ,R K SWAMY LIMITED,104.89,107.75,102.0,103.33,104.9,104.7,43706,4567942.02
2026-08-07,RMDRIP,INE219Y01026,BE,R M DRIP & SPRINK SYS LTD,18.19,18.5,17.6,18.13,18.28,17.9,1093606,19720438.81
2026-08-07,RRIL,INE951M01037,EQ,R R I L LTD.,17.72,18.18,17.19,17.45,17.49,17.72,4673,82540.41
2026-08-07,RRKABEL,INE777K01022,EQ,R R KABEL LIMITED,2760.0,2794.0,2736.6,2759.5,2754.9,2764.4,287031,793975940.9
2026-08-07,RSDFIN,INE616F01022,BE,R S D FINANCE LTD.,144.82,144.82,144.82,144.82,144.82,152.44,990,143371.8
2026-08-07,RSYSTEMS,INE411H01032,EQ,R SYS INTERNATIONAL LTD,254.9,256.45,246.0,247.85,247.45,255.95,263241,65735580.2
2026-08-07,RNBDENIMS,INE012Q01039,EQ,R&B DENIMS LIMITED,8.98,9.17,8.93,9.06,9.1,9.04,145052,1317893.62
2026-08-07,RSSOFTWARE,INE165B01029,BE,R. S. SOFTWARE (INDIA) LI,29.0,30.0,29.0,29.52,29.9,29.6,19349,570536.25
2026-08-07,RPPINFRA,INE324L01013,EQ,R.P.P INFRA PROJECTS LTD,57.85,58.64,57.05,57.86,57.45,57.85,736325,42172512.21
2026-08-07,RACE,INE084Q01012,EQ,RACE ECO CHAIN LIMITED,106.99,108.88,106.0,108.76,108.65,104.38,3440,368845.9
2026-08-07,RILINFRA,INE02OY01016,SM,RACHANA INFRA LTD,37.7,38.9,37.0,37.75,37.9,37.7,8400,315170.0
2026-08-07,RACLGEAR,INE704B01017,EQ,RACL GEARTECH LIMITED,1478.9,1510.1,1438.0,1482.7,1473.0,1475.0,77550,114770826.8
2026-08-07,RADAAN,INE874F01027,EQ,RADAAN MEDIAWORKS (I) LTD,3.14,3.14,2.95,2.98,2.95,3.04,13936,41958.92
2026-08-07,RADHIKAJWE,INE583V01021,EQ,RADHIKA JEWELTECH LIMITED,69.85,71.89,68.51,69.44,69.78,69.84,788685,55491557.14
2026-08-07,RADIANTCMS,INE855R01021,EQ,RADIANT CASH MGMT SER LTD,39.0,39.39,38.54,38.99,39.15,38.84,87096,3397507.15
2026-08-07,RADICO,INE944F01028,EQ,RADICO KHAITAN LTD,4477.6,4499.0,4431.7,4499.0,4499.0,4470.0,299219,1334428521.8
2026-08-07,RPEL,INE912T01018,EQ,RAGHAV PRODUCTIVITY ENH L,1270.0,1270.0,1251.0,1256.5,1270.0,1267.4,12472,15678450.8
2026-08-07,RVNL,INE415G01027,EQ,RAIL VIKAS NIGAM LIMITED,235.0,236.76,233.01,233.38,233.38,235.0,4691820,1100727772.16
2026-08-07,RAILTEL,INE0DD101019,EQ,RAILTEL CORP OF IND LTD,288.85,291.4,287.8,288.55,289.1,290.85,349699,101109665.15
2026-08-07,RAIN,INE855B01025,EQ,RAIN INDUSTRIES LIMITED,242.71,252.0,221.1,222.88,222.5,243.0,25397402,6013234292.06
2026-08-07,RAINBOW,INE961O01016,EQ,RAINBOW CHILDRENS MED LTD,1573.2,1573.2,1531.6,1556.7,1553.8,1573.2,79910,123803292.0
2026-08-07,ROML,INE294G01026,EQ,RAJ OIL MILLS LIMITED,45.0,45.38,44.2,44.81,44.81,45.13,1193,53421.42
2026-08-07,RAJRILTD,INE533D01032,BE,RAJ RAYON INDUSTRIES LTD,22.06,22.06,21.46,21.85,21.9,21.63,11106,241163.75
2026-08-07,RAJTV,INE952H01027,EQ,RAJ TV NETWORK LTD,10.37,10.37,9.94,10.11,10.04,9.95,38463,387300.84
2026-08-07,RAJPALAYAM,INE296E01026,EQ,RAJAPALAYAM MILLS LTD.,838.0,838.0,816.25,818.95,817.1,833.6,845,692520.05
2026-08-07,ARENTERP,INE610C01014,EQ,RAJDARSHAN INDUSTRIES LTD,38.98,38.98,37.74,37.91,38.6,37.82,439,16774.2
2026-08-07,RCDL,INE0BZQ01011,SM,RAJGOR CASTOR DERIVATI L,32.0,32.0,29.5,29.9,29.8,31.25,42000,1279200.0
2026-08-07,RAJMET,INE00KV01022,EQ,RAJNANDINI METAL LIMITED,3.32,3.43,3.32,3.35,3.37,3.34,150119,505470.55
2026-08-07,RAJOOENG,INE535F01024,BE,RAJOO ENGINEERS LIMITED,51.31,52.35,51.06,51.68,51.94,51.84,120514,6215384.24
2026-08-07,RAJPUTANA,INE0VHU01019,SM,RAJPUTANA BIODIESEL LTD,209.0,224.85,209.0,218.35,219.95,207.5,50000,11028175.0
2026-08-07,RAJINDLTD,INE0PCU01012,SM,RAJPUTANA INDUSTRIES LTD,69.2,72.85,68.55,70.95,72.35,73.4,9000,636075.0
2026-08-07,RSL,INE313L01016,EQ,RAJPUTANA STAINLESS LTD,153.0,156.49,151.0,152.72,153.0,152.85,285421,43717881.05
2026-08-07,RAJRATAN,INE451D01029,EQ,RAJRATAN GLOBAL WIRE LTD,522.0,530.85,521.95,525.0,522.1,521.95,77052,40516537.7
2026-08-07,RPPL,INE760W01023,EQ,RAJSHREE POLYPACK LTD,25.8,26.97,25.57,25.81,26.1,25.38,380943,9967101.25
2026-08-07,RAJSREESUG,INE562B01019,EQ,RAJSHREE SUGAR & CHEMICAL,30.89,30.89,29.52,30.19,30.6,30.5,51085,1537430.47
2026-08-07,RALLIS,INE613A01020,EQ,RALLIS INDIA LTD,215.02,215.05,211.51,213.03,213.43,214.86,791724,168419123.76
2026-08-07,RAMRAT,INE207E01023,EQ,RAM RATNA WIRES LIMITED,471.0,471.0,456.0,461.6,464.0,467.15,202998,94177071.6
2026-08-07,RAMAPHO,INE809A01032,EQ,RAMA PHOSPHATES LIMITED,124.46,125.79,122.82,123.3,123.95,124.5,11721,1457098.0
2026-08-07,RAMASTEEL,INE230R01035,BE,RAMA STEEL TUBES LIMITED,4.94,4.94,4.77,4.82,4.83,4.77,2193351,10591142.55
2026-08-07,RTL,INE14W901010,SM,RAMA TELECOM LIMITED,84.85,84.85,79.3,81.9,81.9,82.1,58000,4786100.0
2026-08-07,RAMCOIND,INE614A01028,EQ,RAMCO INDUSTRIES LIMITED,333.0,342.0,327.25,339.65,341.0,333.75,170385,56880053.9
2026-08-07,RAMCOSYS,INE246B01019,EQ,RAMCO SYSTEMS LTD.,615.0,646.75,615.0,637.9,635.0,626.5,147341,93600577.65
2026-08-07,RBS,INE0RJH01010,SM,RAMDEVBABA SOLVENT LTD,92.0,92.0,91.5,91.5,91.5,93.0,3200,293200.0
2026-08-07,RKFORGE,INE399G01023,EQ,RAMKRISHNA FORGINGS LTD,693.0,729.0,688.35,726.55,727.8,700.5,1750097,1256617693.8
2026-08-07,RAMKY,INE874I01013,EQ,RAMKY INFRA LTD,408.0,409.9,397.5,406.85,407.0,405.3,50811,20659575.35
2026-08-07,RANASUG,INE625B01014,EQ,RANA SUGARS LTD.,12.64,12.8,12.49,12.53,12.49,12.64,157311,1985630.07
2026-08-07,RML,INE050H01012,EQ,RANE (MADRAS) LIMITED,1038.0,1063.4,1031.0,1053.7,1050.1,1041.4,43528,45720915.3
2026-08-07,RANEHOLDIN,INE384A01010,EQ,RANE HOLDINGS LIMITED,1761.6,1780.0,1740.0,1766.2,1771.0,1761.6,8818,15466013.7
2026-08-07,RAPPID,INE0MVO01012,SM,RAPPID VALVES (INDIA) LTD,336.75,336.75,324.15,324.15,324.15,329.95,2400,795270.0
2026-08-07,RPTECH,INE0J1F01024,EQ,RASHI PERIPHERALS LIMITED,860.05,906.35,860.05,894.65,895.0,865.55,518676,462029256.35
2026-08-07,RCF,INE027A01015,EQ,RASHTRIYA CHEMICALS & FER,127.6,128.28,126.71,126.92,126.89,128.05,497174,63334806.22
2026-08-07,RATEGAIN,INE0CLI01024,EQ,RATEGAIN TRAVEL TECHN LTD,960.0,973.5,925.6,949.15,956.65,944.95,909625,867616168.85
2026-08-07,RATNAMANI,INE703B01027,EQ,RATNAMANI MET & TUB LTD.,2374.8,2394.6,2154.6,2197.6,2190.0,2370.6,333715,752120662.3
2026-08-07,RATNAVEER,INE05CZ01011,EQ,RATNAVEER PRECISION ENG L,206.36,218.49,205.0,206.1,205.9,205.61,6422570,1351808962.75
2026-08-07,RTNINDIA,INE834M01019,EQ,RATTANINDIA ENT LIMITED,31.4,31.9,31.36,31.79,31.8,31.47,726386,22961713.29
2026-08-07,RTNPOWER,INE399K01017,EQ,RATTANINDIA POWER LIMITED,8.74,8.8,8.63,8.68,8.69,8.77,8901872,77601810.83
2026-08-07,RKDL,INE722J01012,EQ,RAVI KUMAR DIST. LTD.,19.29,19.59,19.02,19.47,19.59,19.07,13528,262462.39
2026-08-07,RVHL,INE09E501017,EQ,RAVINDER HEIGHTS LIMITED,46.4,46.4,40.25,43.51,43.1,45.36,25187,1076448.27
2026-08-07,RELTD,INE206N01018,EQ,RAVINDRA ENERGY LIMITED,170.14,172.49,164.61,167.29,165.01,170.14,241144,40616233.29
2026-08-07,RAYMONDLSL,INE02ID01020,EQ,RAYMOND LIFESTYLE LIMITED,746.95,751.95,730.0,731.8,731.0,745.55,52856,39008430.15
2026-08-07,RAYMOND,INE301A01014,EQ,RAYMOND LTD,624.45,633.75,603.0,614.95,605.0,627.6,393843,245427528.2
2026-08-07,RAYMONDREL,INE1SY401010,EQ,RAYMOND REALTY LIMITED,690.0,701.2,675.25,690.0,690.0,688.2,347491,239220578.0
2026-08-07,RBLBANK,INE976G01028,EQ,RBL BANK LIMITED,390.0,390.25,384.15,389.8,389.8,392.0,1693465,655149689.8
2026-08-07,RBMINFRA,INE0NA301016,SM,RBM INFRACON LIMITED,264.0,268.7,264.0,266.0,266.0,265.25,5000,1330460.0
2026-08-07,RBZJEWEL,INE0PEQ01016,EQ,RBZ JEWELLERS LIMITED,149.34,153.08,149.2,150.91,151.48,150.96,59743,9029665.34
2026-08-07,READYMIX,INE10QL01011,SM,READYMIX CONSTRU MACHI L,114.8,115.0,113.0,113.8,113.8,112.6,18000,2049250.0
2026-08-07,RECLTD,INE020B01018,EQ,REC LIMITED,361.95,368.7,361.5,367.0,367.0,361.5,4061190,1487882755.35
2026-08-07,REDINGTON,INE891D01026,EQ,REDINGTON LIMITED,349.8,358.0,341.05,354.85,348.0,350.75,3115310,1103952176.25
2026-08-07,REDTAPE,INE0LXT01019,EQ,REDTAPE LIMITED,136.86,142.8,136.33,139.97,140.05,136.86,895112,125414911.17
2026-08-07,REFEX,INE056I01025,EQ,REFEX INDUSTRIES LIMITED,297.8,299.25,290.1,292.9,292.0,298.65,274871,81189235.45
2026-08-07,REFRACTORY,INE0TNX01015,SM,REFRACTORY SHAPES LIMITED,27.0,27.0,25.3,25.3,25.3,26.1,15000,390150.0
2026-08-07,REGAAL,INE0MHO01029,BE,REGAAL RESOURCES LIMITED,86.15,87.49,86.0,86.25,86.1,86.88,81690,7077609.47
2026-08-07,REGENCERAM,INE277C01012,EQ,REGENCY CERAMICS LTD.,33.4,33.4,31.0,32.65,33.33,33.5,951,31090.41
2026-08-07,RELAXO,INE131B01039,EQ,RELAXO FOOT LTD.,428.9,433.0,420.2,423.45,420.8,425.55,368163,156985441.6
2026-08-07,GILT5YBEES,INF204KC1030,EQ,RELCAPAMC - NETFGILT5Y,66.5,67.39,66.37,66.49,66.47,66.5,189051,12564421.58
2026-08-07,RELIABLE,INE375Y01018,EQ,RELIABLE DATA SERVICE LTD,143.5,148.18,138.06,147.12,148.18,145.64,55689,7911006.24
2026-08-07,RELCHEMQ,INE750D01016,EQ,RELIANCE CHEMOTEX IND LTD,131.0,131.0,127.11,129.76,129.7,130.03,583,75728.95
2026-08-07,RCOM,INE330H01018,BE,RELIANCE COMMUNICATIONS L,0.85,0.85,0.83,0.84,0.84,0.83,2061774,1735042.41
2026-08-07,RIIL,INE046A01015,EQ,RELIANCE INDUSTRIAL INFRA,760.0,766.5,755.0,758.55,755.5,761.2,22775,17294024.35
2026-08-07,RELIANCE,INE002A01018,EQ,RELIANCE INDUSTRIES LTD,1320.0,1337.0,1316.6,1334.8,1334.8,1325.0,9885638,13138878797.8
2026-08-07,RELINFRA,INE036A01016,BE,RELIANCE INFRASTRUCTU LTD,75.3,76.6,74.0,76.56,76.6,72.96,1523751,116194680.87
2026-08-07,RPOWER,INE614G01033,EQ,RELIANCE POWER LTD.,24.42,25.3,24.22,24.34,24.29,24.24,50552570,1252986483.14
2026-08-07,RELIGARE,INE621H01010,EQ,RELIGARE ENTER. LTD.,254.9,256.5,230.8,232.35,233.0,256.55,6187400,1466684813.7
2026-08-07,REMSONSIND,INE474C01023,EQ,REMSONS INDUSTRIES LTD,88.9,91.5,88.0,90.24,89.85,88.64,121514,10913023.04
2026-08-07,REMUS,INE0O5T01011,SM,REMUS PHARMACEUTICALS L,818.0,860.0,818.0,842.25,845.0,810.55,87500,72926835.0
2026-08-07,RGL,INE722H01024,EQ,RENAISSANCE GLOBAL LTD,121.6,127.8,120.5,123.2,123.45,122.48,621597,77845092.53
2026-08-07,REPCOHOME,INE612J01015,EQ,REPCO HOME FINANCE LTD,393.45,393.7,381.2,382.7,382.05,391.3,141034,54150932.6
2026-08-07,REPRO,INE461B01014,EQ,REPRO INDIA LIMITED,374.95,375.1,367.0,371.15,371.0,375.1,8438,3130985.45
2026-08-07,RESPONIND,INE688D01026,EQ,RESPONSIVE INDUSTRIES LTD,170.1,174.83,168.2,169.44,168.2,171.43,83149,14187771.5
2026-08-07,RBA,INE07T201019,EQ,RESTAURANT BRAND ASIA LTD,90.13,96.45,89.5,94.92,95.7,90.25,30110261,2805542048.58
2026-08-07,RVTH,INE0DAB01012,EQ,REVATHI EQUIPMENT INDIA L,741.9,741.9,722.0,733.45,722.0,713.9,152,111497.6
2026-08-07,REXPRO,INE113601012,SM,REXPRO ENTERPRISES LTD,38.1,38.1,38.1,38.1,38.1,39.0,1000,38100.0
2026-08-07,RHETAN,INE0KKN01029,EQ,RHETAN TMT LIMITED,33.46,33.81,33.36,33.36,33.36,32.85,11847052,396402635.91
2026-08-07,RHIM,INE743M01012,EQ,RHI MAGNESITA INDIA LTD,411.15,418.6,410.1,412.8,413.9,411.15,287199,118817135.15
2026-08-07,RICOAUTO,INE209B01025,EQ,RICO AUTO INDUSTRIES LTD,151.0,155.34,149.6,151.53,151.0,152.38,1933178,293559217.25
2026-08-07,RIR,INE302D01024,EQ,RIR POWER ELECTRONICS L,161.0,162.99,159.8,161.44,159.8,160.05,86577,13971018.39
2026-08-07,RISHABH,INE0N2P01017,EQ,RISHABH INSTRUMENTS LTD,643.85,658.0,635.0,639.2,639.7,647.05,125060,81086345.1
2026-08-07,RITCO,INE01EG01016,EQ,RITCO LOGISTICS LIMITED,304.0,310.2,294.0,297.35,296.0,306.05,261336,78500836.25
2026-08-07,RITEZONE,INE0MRA01019,SM,RITE ZONE CHEMCON IND LTD,19.1,19.1,19.1,19.1,19.1,19.95,1600,30560.0
2026-08-07,RITES,INE320J01015,EQ,RITES LIMITED,232.7,234.9,228.4,234.24,234.15,231.38,1536756,356956422.62
2026-08-07,RKEC,INE786W01010,EQ,RKEC PROJECTS LIMITED,26.9,27.98,26.18,27.42,27.5,26.18,39128,1061512.13
2026-08-07,RMC,INE655V01019,EQ,RMC SWITCHGEARS LIMITED,357.95,363.0,331.1,335.5,332.15,355.2,65526,22638256.15
2026-08-07,RNFI,INE0SA001017,SM,RNFI SERVICES LIMITED,271.0,283.0,270.0,280.75,281.0,273.4,22800,6356700.0
2026-08-07,RHL,INE508K01013,EQ,ROBUST HOTELS LIMITED,177.52,177.96,170.92,171.76,171.0,177.53,6349,1092567.12
2026-08-07,ROCKINGDCE,INE0PTR01012,SM,ROCKINGDEALS CIRCU ECO L,178.6,178.6,173.0,175.95,175.95,187.25,7000,1227487.5
2026-08-07,ROLEXRINGS,INE645S01024,EQ,ROLEX RINGS LIMITED,153.0,159.15,152.82,156.68,155.62,152.8,6819131,1066964582.51
2026-08-07,ROLLT,INE927A01040,BE,ROLLATAINERS LIMITED,3.11,3.11,3.11,3.11,3.11,2.97,918119,2855350.09
2026-08-07,ROSSARI,INE02A801020,EQ,ROSSARI BIOTECH LIMITED,523.0,523.95,512.6,513.95,514.0,525.95,34558,17898942.8
2026-08-07,ROSSELLIND,INE847C01020,EQ,ROSSELL INDIA LIMITED,57.0,57.5,55.09,56.52,56.8,54.95,34385,1931924.8
2026-08-07,ROSSTECH,INE0OJW01016,EQ,ROSSELL TECHSYS LIMITED,1098.9,1108.7,1082.1,1092.65,1094.6,1090.2,93676,102368893.15
2026-08-07,ROTO,INE535D01037,EQ,ROTO PUMPS LIMITED,69.31,72.08,67.1,67.47,67.73,69.31,1672981,116283189.02
2026-08-07,ROUTE,INE450U01017,EQ,ROUTE MOBILE LIMITED,535.45,538.0,527.5,528.3,527.8,533.5,132452,70351783.6
2026-08-07,ROXHITECH,INE0PDJ01013,SM,ROX HI TECH LIMITED,46.2,48.4,46.2,48.4,48.4,46.2,20800,983840.0
2026-08-07,ROYALARC,INE0EO401019,SM,ROYAL ARC ELECTRODES LTD,156.0,156.0,156.0,156.0,156.0,150.0,1200,187200.0
2026-08-07,ROHLTD,INE283H01019,EQ,ROYAL ORCHID HOTELS LTD,312.65,324.0,312.0,323.2,323.65,312.5,51442,16462218.55
2026-08-07,RPGLIFE,INE105J01010,EQ,RPG LIFE SCIENCES LTD,2660.1,2709.9,2645.8,2661.3,2670.0,2688.9,9022,24098362.0
2026-08-07,RPSGVENT,INE425Y01011,EQ,RPSG VENTURES LIMITED,924.0,928.95,911.0,920.1,920.0,921.05,13201,12129730.5
2026-08-07,RSWM,INE611A01016,BE,RSWM LIMITED,203.0,214.75,203.0,207.63,210.0,213.39,100613,20951615.4
2026-08-07,RUBFILA,INE642C01025,EQ,RUBFILA INTERNATIONAL LTD,72.7,74.0,72.7,73.52,73.0,72.99,11125,814351.75
2026-08-07,RUBICON,INE506V01022,EQ,RUBICON RESEARCH LIMITED,1533.4,1574.0,1530.1,1553.2,1558.7,1533.4,98121,152919377.3
2026-08-07,RUCHINFRA,INE413B01023,EQ,RUCHI INFRASTRUCTURE LTD,5.84,5.92,5.78,5.82,5.82,5.84,27165,158311.31
2026-08-07,RUCHIRA,INE803H01014,EQ,RUCHIRA PAPERS LIMITED,110.85,112.06,110.61,111.18,111.66,111.21,31292,3480159.1
2026-08-07,RUDRA,INE027T01023,EQ,RUDRA GLOBAL INFRA PROD L,17.7,18.33,17.58,17.76,17.66,17.91,11524,204381.01
2026-08-07,REPL,INE364Z01019,BE,RUDRABHISHEK ENTERP LTD,64.5,68.22,63.56,67.39,67.39,64.98,4626,309740.38
2026-08-07,RULKA,INE0R7301013,SM,RULKA ELECTRICALS LIMITED,110.2,110.2,110.0,110.0,110.0,112.85,1500,165105.0
2026-08-07,RUPA,INE895B01021,EQ,RUPA & COMPANY LTD,167.62,168.29,164.05,164.85,164.05,167.62,85673,14232333.63
2026-08-07,RUSHIL,INE573K01025,EQ,RUSHIL DECOR LIMITED,18.2,18.47,17.51,17.82,17.9,18.17,712236,12763592.0
2026-08-07,SATECH,INE0BSN01013,SM,S A TECH SOFTWARE INDIA L,32.0,32.4,32.0,32.4,32.4,32.9,4000,128400.0
2026-08-07,SCHAND,INE807K01035,EQ,S CHAND AND COMPANY LTD,142.01,148.55,139.01,145.31,144.01,143.07,53873,7696296.04
2026-08-07,SDREAMS,INE0X6F01017,SM,S D RETAIL LIMITED,87.5,87.5,87.5,87.5,87.5,87.5,1000,87500.0
2026-08-07,SHK,INE500L01026,EQ,S H KELKAR AND CO. LTD.,168.0,174.9,164.18,168.54,167.0,170.06,783760,133821037.77
2026-08-07,SJLOGISTIC,INE0F3301020,SM,S J LOGISTICS (INDIA) LTD,315.0,325.0,311.4,316.7,319.5,315.05,31000,9870675.0
2026-08-07,S&SPOWER,INE902B01017,EQ,S&S POWER SWITCHGEARS LTD,312.4,340.6,296.0,317.95,328.0,309.65,6414,2064396.7
2026-08-07,SPAL,INE212I01016,EQ,S. P. APPARELS LIMITED,1014.5,1043.9,1013.4,1036.6,1030.0,1014.5,41051,42344053.1
2026-08-07,SALSTEEL,INE658G01014,EQ,S.A.L. STEEL LTD.,63.99,67.59,60.78,61.75,62.6,62.77,1160725,74797222.82
2026-08-07,SAATVIKGL,INE13B501022,EQ,SAATVIK GREEN ENERGY LTD,427.0,427.0,422.0,423.65,423.6,427.65,30681,12983338.35
2026-08-07,SABAR,INE0DZ101013,SM,SABAR FLEX INDIA LIMITED,7.1,7.1,6.55,6.55,6.55,6.85,30000,207500.0
2026-08-07,SACHEEROME,INE1ARD01016,SM,SACHEEROME LIMITED,455.0,470.0,450.5,459.35,462.0,455.7,21000,9647445.0
2026-08-07,SADBHAV,INE226H01026,EQ,SADBHAV ENGINEERING LTD,8.9,9.0,8.84,8.94,8.9,8.93,64034,571786.49
2026-08-07,SADBHIN,INE764L01010,BE,SADBHAV INFRA PROJ LTD.,2.63,2.63,2.58,2.61,2.62,2.63,64228,167803.78
2026-08-07,SADHNANIQ,INE888C01040,BE,SADHANA NITROCHEM LIMITED,3.0,3.02,2.9,3.02,3.02,2.88,4721398,14176834.35
2026-08-07,SADHAV,INE0K5H01010,SM,SADHAV SHIPPING LIMITED,114.2,119.45,114.2,115.85,115.85,115.65,9000,1044510.0
2026-08-07,SAFARI,INE429E01023,EQ,SAFARI IND (INDIA) LTD,1490.8,1497.6,1479.7,1486.6,1480.0,1490.8,23873,35530547.7
2026-08-07,SAFEENTP,INE17D601016,SM,SAFE ENTER RETAIL FIX LTD,250.0,255.5,248.7,249.5,249.0,251.8,13000,3264550.0
2026-08-07,SAGCEM,INE229C01021,EQ,SAGAR CEMENTS LIMITED,173.5,175.87,172.41,173.01,172.42,173.87,15479,2681847.1
2026-08-07,SAGARDEEP,INE976T01013,EQ,SAGARDEEP ALLOYS LIMITED,25.79,25.79,24.51,24.86,25.19,25.23,5896,147147.28
2026-08-07,SAGILITY,INE0W2G01015,EQ,SAGILITY LIMITED,43.85,44.0,43.21,43.67,43.67,43.76,10947994,476960332.99
2026-08-07,SAHAJSOLAR,INE0P4701011,SM,SAHAJ SOLAR LIMITED,110.5,115.0,109.0,109.65,110.0,109.4,25600,2878240.0
2026-08-07,SAHANA,INE0LEX01011,SM,SAHANA SYSTEM LIMITED,811.0,825.0,791.0,812.05,815.05,816.15,30750,24883702.5
2026-08-07,SAHYADRI,INE280H01015,EQ,SAHYADRI INDUSTRIES LTD,332.15,336.95,329.8,335.45,336.95,332.15,9519,3179727.05
2026-08-07,SAILIFE,INE570L01029,EQ,SAI LIFE SCIENCES LIMITED,1375.0,1398.3,1319.5,1365.2,1356.0,1413.5,931312,1278086164.2
2026-08-07,SAIPARENT,INE0H9F01037,EQ,SAI PARENTERALS LIMITED,543.0,580.0,535.55,569.7,574.9,541.15,265816,149835775.25
2026-08-07,KALAMANDIR,INE438K01021,EQ,SAI SILKS (KALAMANDIR) L,88.67,89.1,88.15,88.77,88.7,88.18,296561,26323922.48
2026-08-07,SAKAR,INE732S01012,EQ,SAKAR HEALTHCARE LIMITED,932.55,941.0,908.3,924.65,929.3,919.7,82643,76310285.25
2026-08-07,SAKSOFT,INE667G01023,EQ,SAKSOFT LIMITED,178.99,179.5,161.11,165.05,165.4,175.56,1494009,251361132.67
2026-08-07,SAKHTISUG,INE623A01011,EQ,SAKTHI SUGARS LTD,17.1,17.59,16.96,17.21,17.3,17.5,112563,1938292.39
2026-08-07,SAKUMA,INE190H01024,EQ,SAKUMA EXPORTS LIMITED,1.65,1.66,1.62,1.63,1.63,1.63,1005069,1650980.86
2026-08-07,SALASAR,INE170V01027,EQ,SALASAR TECHNO ENGG. LTD.,5.88,5.98,5.86,5.88,5.89,5.89,2381151,14037329.57
2026-08-07,SALONA,INE498E01010,EQ,SALONA COTSPIN LTD.,240.0,248.97,238.1,245.1,246.7,236.17,731,178152.31
2026-08-07,SALZERELEC,INE457F01013,EQ,SALZER ELECTRONICS LTD,616.0,621.95,599.5,608.95,610.0,616.0,61938,37698102.75
2026-08-07,SAMBHAAV,INE699B01027,EQ,SAMBHAAV MEDIA LTD,6.68,6.73,6.4,6.47,6.53,6.59,38976,256648.36
2026-08-07,SAMBHV,INE12NJ01018,EQ,SAMBHV STEEL TUBES LTD,118.8,119.18,115.5,116.89,116.1,118.59,1384906,163145738.76
2026-08-07,SAIFL,INE0PZA01015,SM,SAMEERA AGRO AND INFRA L,5.0,5.05,4.95,5.0,5.05,5.05,180000,898600.0
2026-08-07,SAMHI,INE08U801020,EQ,SAMHI HOTELS LIMITED,176.99,177.79,174.0,174.65,174.0,176.24,541141,95127035.97
2026-08-07,SAMMAANCAP,INE148I01020,EQ,SAMMAAN CAPITAL LIMITED,167.0,167.22,162.1,163.17,163.42,167.22,6194885,1019528399.81
2026-08-07,SAMPANN,INE735M01018,EQ,SAMPANN UTPADAN INDIA LTD,27.02,27.9,27.02,27.52,27.58,27.5,8321,229120.98
2026-08-07,MOTHERSON,INE775A01035,EQ,SAMVRDHNA MTHRSN INTL LTD,155.17,169.8,155.17,168.5,168.5,155.0,115582755,19270204359.21
2026-08-07,SANATHAN,INE0JPD01013,EQ,SANATHAN TEXTILES LIMITED,476.9,484.0,469.65,477.8,472.9,474.7,62420,29775923.05
2026-08-07,SANDESH,INE583B01015,EQ,SANDESH LTD,1270.0,1270.0,1092.95,1134.45,1140.0,1187.75,108153,129218241.6
2026-08-07,SANDHAR,INE278H01035,EQ,SANDHAR TECHNOLOGIES LTD,655.0,670.3,655.0,666.65,667.95,656.35,207440,137409201.65
2026-08-07,SANDUMA,INE149K01016,EQ,SANDUR MANG & IRON ORES L,213.88,216.48,204.7,205.37,205.11,213.88,1575057,330619246.13
2026-08-07,SANGAMIND,INE495C01010,EQ,SANGAM (INDIA) LTD,618.55,621.0,610.0,611.8,610.0,615.5,17798,10953310.3
2026-08-07,SANGANI,INE0OVI01010,SM,SANGANI HOSPITALS LIMITED,45.0,45.0,45.0,45.0,45.0,45.0,4500,202500.0
2026-08-07,SANGHVIMOV,INE989A01032,EQ,SANGHVI MOVERS LTD,481.55,493.6,475.0,488.4,490.1,481.55,514015,250432297.4
2026-08-07,SANGINITA,INE753W01010,BE,SANGINITA CHEMICALS LTD,59.1,59.1,59.1,59.1,59.1,60.3,26261,1552025.1
2026-08-07,SANOFICONR,INE0UOS01011,EQ,SANOFI CONS HEALTHC IND L,4550.0,4550.0,4510.0,4514.2,4512.0,4533.8,1332,6023911.6
2026-08-07,SANOFI,INE058A01010,EQ,SANOFI INDIA LIMITED,3343.0,3352.9,3320.2,3349.4,3350.9,3352.6,25526,85260298.8
2026-08-07,SANSERA,INE953O01021,EQ,SANSERA ENGINEERING LTD,3787.3,3880.1,3760.2,3863.8,3864.9,3787.3,196227,753282400.9
2026-08-07,SANSTAR,INE08NE01025,EQ,SANSTAR LIMITED,113.4,114.69,112.75,113.41,113.0,113.63,105726,12018321.5
2026-08-07,SAPPHIRE,INE806T01020,EQ,SAPPHIRE FOODS INDIA LTD,199.2,229.8,197.84,224.22,221.6,199.74,18224172,3933740846.96
2026-08-07,SARTELE,INE0PUC01020,SM,SAR TELEVENTURE LIMITED,115.55,117.7,111.15,112.35,112.5,117.05,179000,20268475.0
2026-08-07,ZSARACOM,INE967G01019,EQ,SARASWATI COMM (INDIA) L,11952.0,11952.0,11545.0,11655.0,11800.0,11932.0,49,571162.0
2026-08-07,SSDL,INE0PQ101010,EQ,SARASWATI SAREE DEPOT LTD,53.5,54.74,53.5,53.83,53.73,53.54,15364,830135.8
2026-08-07,SARDAEN,INE385C01021,EQ,SARDA ENERGY & MIN LTD,500.9,502.55,496.15,497.6,497.85,500.9,376213,187490596.0
2026-08-07,SAREGAMA,INE979A01025,EQ,SAREGAMA INDIA LIMITED,525.0,539.95,513.15,519.2,517.45,528.0,473141,249305973.0
2026-08-07,SARLAPOLY,INE453D01025,EQ,SARLA PERF. FIBERS LTD,102.15,102.5,99.5,101.75,101.5,102.15,67497,6817538.27
2026-08-07,SAROJA,INE0PCL01011,SM,SAROJA PHARMA INDUS IND L,28.75,30.45,28.0,28.0,28.0,29.25,6400,185440.0
2026-08-07,SMLT,INE017W01010,EQ,SARTHAK METALS LIMITED,68.14,70.0,68.14,69.4,68.98,68.48,2170,150288.57
2026-08-07,SARVESHWAR,INE324X01026,EQ,SARVESHWAR FOODS LIMITED,3.43,3.47,3.38,3.39,3.39,3.44,922052,3144814.87
2026-08-07,SASKEN,INE231F01020,EQ,SASKEN TECHNOLOGIES LTD,1912.0,1945.0,1891.1,1920.6,1945.0,1917.1,14098,26998959.6
2026-08-07,SATKARTAR,INE0NB801022,SM,SAT KARTAR LIFE LIMITED,124.35,124.6,118.15,119.15,118.5,119.65,48000,5833400.0
2026-08-07,SSEGL,INE0RFP01011,SM,SATHLOKHAR SYN E&C GLOB L,345.0,345.0,326.0,328.8,329.0,344.5,52800,17611520.0
2026-08-07,SATIA,INE170E01023,EQ,SATIA INDUSTRIES LIMITED,64.42,64.83,62.81,63.48,63.7,63.8,39412,2503716.17
2026-08-07,SATIN,INE836B01017,EQ,SATIN CREDIT NET LTD,232.9,236.39,231.0,231.78,231.65,232.89,232709,54141661.64
2026-08-07,SATTVAENGG,INE14DW01018,SM,SATTVA ENGINEERING CSTN L,84.45,84.45,84.45,84.45,84.45,82.0,1600,135120.0
2026-08-07,SAURASHCEM,INE626A01014,EQ,SAURASHTRA CEMENT LIMITED,63.0,65.0,61.7,62.14,62.24,68.93,717690,45462717.77
2026-08-07,SOTL,INE035D01020,EQ,SAVITA OIL TECHNOLO. LTD,782.0,805.2,742.3,756.45,745.9,781.95,1447007,1130275471.8
2026-08-07,SAVY,INE0UCN01017,SM,SAVY INFRA AND LOGI LTD,130.0,130.0,129.3,129.3,129.3,132.1,2400,311160.0
2026-08-07,SAWALIYA,INE10VS01016,SM,SAWALIYA FOOD PRODUCTS L,292.0,292.0,282.0,288.5,288.0,289.4,52200,15036450.0
2026-08-07,SAYAJIHOTL,INE318C01014,EQ,SAYAJI HOTELS LTD.,316.0,329.5,311.0,325.45,323.0,316.1,2276,719465.2
2026-08-07,SBC,INE04AK01028,EQ,SBC EXPORTS LIMITED,41.19,41.55,41.05,41.16,41.1,41.18,5059179,208643483.89
2026-08-07,SBFC,INE423Y01016,EQ,SBFC FINANCE LIMITED,95.29,95.3,93.5,94.25,95.0,95.29,788137,74209060.16
2026-08-07,SBICARD,INE018E01016,EQ,SBI CARDS & PAY SER LTD,660.0,666.7,653.65,659.0,659.0,660.0,1453309,958088368.95
2026-08-07,SBIFUNDS,INE640G01020,EQ,SBI FUNDS MANAGEMENT LTD,569.0,572.9,565.55,571.75,571.75,568.95,1904705,1085704784.65
2026-08-07,SBILIFE,INE123W01016,EQ,SBI LIFE INSURANCE CO LTD,1861.5,1871.8,1852.8,1855.5,1855.5,1861.5,390231,726067765.7
2026-08-07,SETFGOLD,INF200KA16D8,EQ,SBI-ETF GOLD,126.4,127.57,125.05,127.36,127.14,126.4,5204755,658879791.04
2026-08-07,SETFNIF50,INF200KA1FS1,EQ,SBI-ETF NIFTY 50,269.0,269.0,263.71,264.41,264.7,265.17,771262,203934881.43
2026-08-07,SETFNIFBK,INF200KA1580,EQ,SBI-ETF NIFTY BANK,594.89,596.0,588.5,591.74,596.0,594.3,51425,30511717.94
2026-08-07,SETFNN50,INF200KA1598,EQ,SBI-ETF NIFTY NEXT 50,802.3,803.0,793.55,801.58,803.0,796.72,20668,16551570.91
2026-08-07,LIQUIDSBI,INF200KA13Z8,EQ,SBIAMC - LIQUIDSBI,999.99,1000.01,999.99,1000.0,1000.01,1000.01,16939,16939053.04
2026-08-07,SBIBPB,INF200KB1712,EQ,SBIAMC - SBIBPB,50.49,51.25,50.18,50.64,50.39,50.18,170218,8641806.49
2026-08-07,SBIETFCON,INF200KA1X17,EQ,SBIAMC - SBIETFCON,126.48,126.5,124.7,125.64,125.79,125.27,8331,1047819.63
2026-08-07,SBIETFIT,INF200KA1S14,EQ,SBIAMC - SBIETFIT,348.0,352.69,346.6,350.14,346.6,345.92,14625,5114583.44
2026-08-07,SBIETFPB,INF200KA1S22,EQ,SBIAMC - SBIETFPB,284.4,284.95,279.78,283.93,283.4,283.64,7040,1984549.81
2026-08-07,SBIETFQLTY,INF200KA1WX6,EQ,SBIAMC - SBIETFQLTY,233.84,233.84,223.16,229.0,229.0,228.14,1529,350464.48
2026-08-07,SBILIQETF,INF200KB1969,EQ,SBIAMC - SBILIQETF,1051.01,1051.03,1051.01,1051.03,1051.03,1050.6,21585,22686331.67
2026-08-07,SBIMIDMOM,INF200KB1AJ0,EQ,SBIAMC - SBIMIDMOM,63.99,63.99,63.51,63.91,63.89,63.21,16442212,1050874484.71
2026-08-07,SBINEQWETF,INF200KB1282,EQ,SBIAMC - SBINEQWETF,34.78,34.78,34.13,34.28,34.38,34.54,79392,2720031.88
2026-08-07,SBINMID150,INF200KB1AK8,EQ,SBIAMC - SBINMID150,23.48,23.49,23.2,23.38,23.46,23.24,14985,351341.05
2026-08-07,SBISILVER,INF200KB1217,EQ,SBIAMC - SBISILVER,218.12,226.4,218.12,225.73,225.36,219.88,1522265,341083112.45
2026-08-07,SBISMLETF,INF200KB1AY9,EQ,SBIAMC - SBISMLETF,18.7,18.7,18.3,18.44,18.53,18.41,28899,531353.39
2026-08-07,SBIVALETF,INF200KB1AX1,EQ,SBIAMC - SBIVALETF,14.77,15.19,14.77,15.15,15.15,15.15,12675,192201.66
2026-08-07,SETF10GILT,INF200KA1JT1,EQ,SBIAMC - SETF10GILT,265.65,266.99,265.65,266.9,266.98,266.0,2396,638529.03
2026-08-07,SCANSTL,INE099G01011,BE,SCAN STEELS LTD.,61.2,63.84,61.15,62.39,62.85,64.04,51935,3230599.96
2026-08-07,SCHAEFFLER,INE513A01022,EQ,SCHAEFFLER INDIA LIMITED,4036.6,4088.0,4020.6,4035.2,4046.6,4036.3,30264,122772586.6
2026-08-07,SCHNEIDER,INE839M01018,EQ,SCHNEIDER ELECTRIC INFRA,1343.1,1374.0,1338.3,1354.8,1350.0,1335.2,179521,244251864.8
2026-08-07,SCODATUBES,INE090501011,EQ,SCODA TUBES LIMITED,143.0,144.57,141.0,142.35,142.05,142.99,129979,18538630.28
2026-08-07,SEAMECLTD,INE497B01018,EQ,SEAMEC LIMITED,1500.0,1549.9,1477.1,1527.7,1536.3,1495.5,40731,61546506.8
2026-08-07,SECMARK,INE0BTM01013,EQ,SECMARK CONSULTANCY LTD,129.4,129.4,123.51,127.15,127.15,126.0,212,26827.66
2026-08-07,SECURKLOUD,INE650K01021,EQ,SECUREKLOUD TECH LIMITED,18.48,19.95,18.05,19.42,19.54,18.48,52143,998639.87
2026-08-07,SEDEMAC,INE00XB01019,EQ,SEDEMAC MECHATRONICS LTD,2789.0,2839.4,2749.4,2810.4,2802.5,2794.3,93342,260029394.9
2026-08-07,SEJALLTD,INE955I01044,BE,SEJAL GLASS LIMITED,711.1,728.7,708.0,718.45,720.0,720.9,2450,1756262.2
2026-08-07,SELMC,INE105I01020,EQ,SEL MANUFACTURING CO LTD,28.0,28.0,27.19,27.38,27.22,27.98,7073,194460.21
2026-08-07,SEMAC,INE617A01013,BE,SEMAC CONSTRUCTION LTD,306.05,311.0,306.05,307.4,310.95,309.05,144,44364.9
2026-08-07,SENCO,INE602W01027,EQ,SENCO GOLD LIMITED,386.95,405.2,386.6,388.8,392.0,391.6,1637736,649558389.7
2026-08-07,SENORES,INE0RB801010,EQ,SENORES PHARMACEUTICALS L,1328.5,1359.9,1310.0,1342.6,1340.1,1328.5,218181,290129765.5
2026-08-07,SEPC,INE964H01014,EQ,SEPC LIMITED,6.48,6.48,6.14,6.18,6.14,6.54,13178100,82507668.61
2026-08-07,SERVICE,INE0P1Q01015,SM,SERVICE CARE LIMITED,61.0,61.0,61.0,61.0,61.0,61.0,2000,122000.0
2026-08-07,SERVOTECH,INE782X01033,EQ,SERVOTECH REN POW SYS LTD,85.15,86.19,84.0,84.62,84.3,85.15,377215,32134838.59
2026-08-07,STYL,INE04VU01023,EQ,SESHAASAI TECHNOLOGIES L,388.35,410.85,382.25,407.75,405.9,388.35,518066,209286743.3
2026-08-07,SESHAPAPER,INE630A01024,EQ,SESHASAYEE PAPER & BOARDS,234.99,234.99,228.0,229.21,228.93,233.05,22912,5274027.47
2026-08-07,SETCO,INE878E01021,BE,SETCO AUTOMOTIVE LTD,17.65,17.75,17.5,17.75,17.75,17.75,36305,642124.15
2026-08-07,SEYAIND,INE573R01012,BE,SEYA INDUSTRIES LIMITED,12.77,12.77,12.52,12.53,12.75,12.77,4356,54679.64
2026-08-07,SGFIN,INE618R01015,EQ,SG FINSERVE LIMITED,712.0,717.8,685.5,694.45,690.0,709.85,210328,147786836.2
2026-08-07,SGMART,INE385F01024,EQ,SG MART LIMITED,720.9,725.0,710.0,716.35,718.95,717.15,103121,74113880.4
2026-08-07,SHADOWFAX,INE12UN01015,EQ,SHADOWFAX TECHNOLOGIES L,240.1,243.9,238.85,241.24,240.0,240.1,2371660,571855720.96
2026-08-07,SHAHALLOYS,INE640C01011,EQ,SHAH ALLOYS LIMITED,68.01,72.78,68.01,70.79,72.0,71.26,3801,271299.75
2026-08-07,SHAH,INE482J01021,EQ,SHAH METACORP LIMITED,3.89,3.95,3.86,3.91,3.92,3.89,997550,3893840.89
2026-08-07,SHAILY,INE151G01028,EQ,SHAILY ENG PLASTICS LTD,3335.0,3347.0,3140.9,3162.3,3175.0,3366.3,268206,866642669.9
2026-08-07,SHAKTIPUMP,INE908D01010,EQ,SHAKTI PUMPS (I) LTD,518.0,522.6,516.0,516.3,517.7,517.75,212989,110313407.6
2026-08-07,SHALBY,INE597J01018,EQ,SHALBY LIMITED,162.0,163.97,158.61,160.09,160.2,162.16,109496,17594229.99
2026-08-07,SAHLIBHFI,INE861D01011,EQ,SHALIBHADRA FINANCE LTD,79.55,80.4,76.56,77.38,76.97,79.55,56675,4423136.32
2026-08-07,SHALPAINTS,INE849C01026,BE,SHALIM PAINTS LTD,88.17,88.17,83.9,84.47,85.0,88.17,162825,13974629.4
2026-08-07,SRD,INE01NE01012,EQ,SHANKAR LAL RAMPAL LTD,38.79,38.79,36.0,36.64,37.0,37.11,24352,902600.75
2026-08-07,SHANKARA,INE274V01019,EQ,SHANKARA BLDG PRODUCT LTD,141.64,144.4,141.15,142.28,142.11,140.99,257616,36634701.95
2026-08-07,BUILDPRO,INE24OJ01011,EQ,SHANKARA BUILDPRO LIMITED,1344.0,1370.0,1295.0,1336.2,1310.0,1335.2,116979,156034409.0
2026-08-07,SHANTHALA,INE0Q9Q01017,SM,SHANTHALA FMCG PRODUCTS L,17.55,17.55,17.55,17.55,17.55,18.4,3600,63180.0
2026-08-07,SHANTIGEAR,INE631A01022,EQ,SHANTHI GEARS LTD,411.0,419.7,398.0,401.95,404.55,408.2,20027,8137399.7
2026-08-07,SEIL,INE440T01028,EQ,SHANTI EDU INITIATIVES L,203.0,207.72,200.65,202.41,201.0,202.6,312108,64175016.79
2026-08-07,SHANTIGOLD,INE06ZD01017,EQ,SHANTI GOLD INTERNATION L,219.0,233.0,217.21,224.01,223.85,218.65,1669290,378753309.4
2026-08-07,SHANTI,INE933X01016,EQ,SHANTI OVERSEAS INDIA LTD,7.0,7.0,6.67,6.9,7.0,6.94,21227,145061.13
2026-08-07,SHINDL,INE220Z01013,EQ,SHARAT INDUSTRIES LTD.,158.74,165.0,158.74,162.61,160.42,160.79,84787,13583894.91
2026-08-07,SHARDACROP,INE221J01015,EQ,SHARDA CROPCHEM LTD.,817.95,823.65,809.0,814.05,810.0,822.6,245283,199983477.85
2026-08-07,SHARDAMOTR,INE597I01028,EQ,SHARDA MOTOR INDS LTD,943.9,954.95,926.3,941.3,940.1,934.15,137006,128899752.7
2026-08-07,SHARDUL,INE037B01020,BE,SHARDUL SECURITIES LTD.,39.38,42.84,39.38,40.99,40.95,41.45,34910,1387353.2
2026-08-07,SHAREINDIA,INE932X01026,EQ,SHARE IND. SECURITIES LTD,174.84,174.84,167.5,168.44,167.99,173.7,620225,105345407.79
2026-08-07,SCML,INE460Q01014,SM,SHARP CHUCKS N MACHINES L,83.0,83.0,81.0,83.0,83.0,81.8,11000,907050.0
2026-08-07,SFL,INE916U01025,EQ,SHEELA FOAM LIMITED,695.0,695.0,675.0,677.4,675.4,697.05,464453,316355141.7
2026-08-07,SCPL,INE501Y01019,EQ,SHEETAL COOL PRODUCTS LTD,649.9,665.0,630.35,639.9,637.5,648.6,62761,40490634.4
2026-08-07,SHEETAL,INE04VX01019,SM,SHEETAL UNIVERSAL LIMITED,333.05,340.0,333.0,335.35,333.0,333.05,2000,669525.0
2026-08-07,SHEKHAWATI,INE268L01046,EQ,SHEKHAWATI INDUSTRIES LTD,13.8,14.1,13.55,13.7,13.7,13.92,13407,184913.94
2026-08-07,SHEMAROO,INE363M01019,BE,SHEMAROO ENTER. LTD.,118.0,120.0,114.21,115.09,117.0,119.67,23244,2714478.77
2026-08-07,SHIGAN,INE03KJ01013,SM,SHIGAN QUANTUM TECH LTD,59.6,62.15,59.6,62.15,62.15,64.0,3000,182625.0
2026-08-07,SHILCTECH,INE024F01011,EQ,SHILCHAR TECHNOLOGIES LTD,4560.0,4659.0,4505.2,4620.1,4603.0,4532.2,18332,84373890.7
2026-08-07,SHILPAMED,INE790G01031,EQ,SHILPA MEDICARE LTD,740.0,773.75,731.45,759.75,757.0,738.8,6303820,4758087735.0
2026-08-07,SCILAL,INE0PB301013,EQ,SHIPPING CORP OF ILA LTD,41.2,41.69,40.95,41.14,41.1,41.14,189239,7797309.66
2026-08-07,SCI,INE109A01011,EQ,SHIPPING CORP OF INDIA LT,316.6,320.0,302.1,304.75,303.9,308.6,13810526,4297866288.1
2026-08-07,SHIVAUM,INE719F01016,EQ,SHIV AUM STEELS LIMITED,421.0,436.8,421.0,421.0,421.0,419.8,4174,1777662.95
2026-08-07,SHIVAMILLS,INE644Y01017,BE,SHIVA MILLS LIMITED,65.49,65.49,65.49,65.49,65.49,62.38,24107,1578767.43
2026-08-07,SHIVATEX,INE705C01020,EQ,SHIVA TEXYARN LIMITED,166.33,169.72,161.33,162.62,162.61,164.69,6007,982753.83
2026-08-07,SPCL,INE0T7B01010,SM,SHIVALIC POWER CONTROL L,65.55,66.85,65.2,66.0,66.75,65.55,16800,1107750.0
2026-08-07,SBCL,INE386D01027,EQ,SHIVALIK BIMETAL CON. LTD,850.0,920.9,830.05,920.9,920.9,767.45,6015282,5385053656.6
2026-08-07,SHIVALIK,INE788J01021,BE,SHIVALIK RASAYAN LIMITED,262.0,262.0,252.2,254.5,255.0,259.72,12010,3090524.75
2026-08-07,SHIVAMAUTO,INE637H01024,BE,SHIVAM AUTO.LTD,17.85,17.85,17.61,17.66,17.66,17.85,7538,133759.29
2026-08-07,SHIVASHRIT,INE1DLF01018,SM,SHIVASHRIT FOODS LIMITED,123.55,129.75,123.55,128.8,128.8,129.5,4000,510800.0
2026-08-07,SHOPERSTOP,INE498B01024,EQ,SHOPPERS STOP LIMITED,418.0,430.4,415.0,420.05,420.55,419.5,74032,31316057.5
2026-08-07,SHRADHA,INE715Y01031,EQ,SHRADHA REALTY LIMITED,33.76,34.55,33.76,34.22,34.4,33.92,104728,3591396.39
2026-08-07,SHREEPUSHK,INE712K01011,EQ,SHRE PUSH CHEM & FERT LTD,424.9,424.9,405.0,407.1,405.0,424.75,22284,9176200.25
2026-08-07,SAPPL,INE185C01017,EQ,SHREE AJIT PULP & PAPER L,294.0,294.0,281.5,288.0,288.0,294.8,15,4253.5
2026-08-07,SHREECEM,INE070A01015,EQ,SHREE CEMENT LIMITED,26355.0,26355.0,26010.0,26010.0,26010.0,26245.0,10742,280977575.0
2026-08-07,SHREDIGCEM,INE232A01011,EQ,SHREE DIGVIJAY CEM CO LTD,71.8,73.0,71.8,72.54,72.09,72.22,47205,3413045.97
2026-08-07,SHREEKARNI,INE0S4Y01010,SM,SHREE KARNI FABCOM LTD,402.0,406.0,388.15,388.15,388.15,403.05,1950,776452.5
2026-08-07,SRTL,INE19GK01015,EQ,SHREE RAM TWISTEX LIMITED,39.84,40.26,39.4,39.79,40.0,39.72,33354,1324645.15
2026-08-07,SHREERAMA,INE879A01019,EQ,SHREE RAMA MULTI TECH LTD,38.03,38.99,37.76,38.38,38.51,38.03,39991,1525973.97
2026-08-07,RAMANEWS,INE278B01020,EQ,SHREE RAMA NEWSPRINT LTD,33.68,33.68,32.51,33.08,33.1,33.52,11397,375952.78
2026-08-07,RENUKA,INE087H01022,EQ,SHREE RENUKA SUGARS LTD,22.25,22.44,22.05,22.17,22.14,22.12,2663872,59268791.33
2026-08-07,BALAJEE,INE0S2G01011,EQ,SHREE TIRUPATI BALAJEE L,27.5,27.7,27.01,27.17,27.32,27.17,17878,486392.88
2026-08-07,SVLL,INE00CE01017,BE,SHREE VASU LOGISTICS LTD,749.25,762.0,749.25,758.95,758.95,749.1,1488,1128915.35
2026-08-07,SHREEJISPG,INE1B6101010,EQ,SHREEJI SHIPPING GLOBAL L,674.0,677.0,670.0,672.8,672.6,673.3,1051171,707011584.75
2026-08-07,OSWALSEEDS,INE00IK01029,EQ,SHREEOSWAL S AND CHE LTD,10.4,11.6,10.31,10.63,10.87,10.48,67528,725650.98
2026-08-07,SHREYANIND,INE231C01019,EQ,SHREYANS INDUSTRIES LTD,143.5,144.95,139.92,142.33,140.2,141.55,6748,961848.1
2026-08-07,SHBAJRG,INE402H01015,EQ,SHRI BAJRANG ALLIANCE L,179.5,181.7,177.2,181.35,180.5,178.76,934,168247.7
2026-08-07,SHRIKANHA,INE1V4601019,SM,SHRI KANHA STAINLESS LTD,22.65,22.65,22.65,22.65,22.65,22.55,1600,36240.0
2026-08-07,SHRIKRISH,INE997I01012,EQ,SHRI KRISHNA DEVCON LTD.,42.28,43.15,39.51,42.96,42.98,42.29,1733,72493.75
2026-08-07,SHRINGARMS,INE1B3L01017,EQ,SHRINGAR HOU OF MANGALS L,231.75,237.3,231.42,233.34,233.51,231.13,496742,116649923.85
2026-08-07,LIQUIDSHRI,INF680P01422,EQ,SHRIRAM - LIQUIDSHRI,1116.51,1116.53,1116.51,1116.52,1116.51,1116.09,6884,7686133.25
2026-08-07,SHRIRAMFIN,INE721A01047,EQ,SHRIRAM FINANCE LIMITED,1134.0,1134.0,1109.0,1115.0,1115.0,1141.0,3239689,3620740288.3
2026-08-07,SHRIRAMPPS,INE217L01019,EQ,SHRIRAM PROPERTIES LTD,84.91,84.92,83.75,84.47,84.2,84.92,349462,29439313.8
2026-08-07,SHUBHLAXMI,INE01Z401013,SM,SHUBHLAXMI JEWEL ART LTD,18.95,18.95,18.95,18.95,18.95,18.95,1000,18950.0
2026-08-07,SHUBHSHREE,INE0UL701015,SM,SHUBHSHREE BIOFUELS ENE L,349.95,350.0,345.0,345.0,345.0,343.95,900,313485.0
2026-08-07,SHYAMCENT,INE979R01011,BE,SHYAM CENTURY FERROUS LTD,5.02,5.09,5.02,5.03,5.03,5.14,53092,267510.1
2026-08-07,SHYAMMETL,INE810G01011,EQ,SHYAM METALICS AND ENGY L,1011.0,1027.8,982.6,1006.9,1002.5,1015.5,717867,730735497.1
2026-08-07,SHYAMTEL,INE635A01023,BE,SHYAM TELECOM LIMITED,15.6,15.9,15.44,15.54,15.8,16.25,657,10251.78
2026-08-07,SICAGEN,INE176J01011,EQ,SICAGEN INDIA LIMITED,65.95,74.06,65.95,74.06,74.06,61.72,1820404,129877047.47
2026-08-07,SICALLOG,INE075B01020,BE,SICAL LOGISTICS LIMITED,103.85,103.85,99.0,102.56,103.0,103.85,30930,3117893.98
2026-08-07,SIDDHIKA,INE0A1E01018,SM,SIDDHIKA COATINGS LIMITED,210.0,210.0,206.05,209.25,209.5,215.35,4000,829400.0
2026-08-07,ENRIN,INE1NPP01017,EQ,SIEMENS ENERGY INDIA LTD,3450.0,3735.0,3426.4,3648.8,3648.0,3252.2,7973925,28965230046.7
2026-08-07,SIEMENS,INE003A01024,EQ,SIEMENS LTD,3955.1,3984.5,3921.0,3940.1,3940.1,3952.0,221514,874843316.6
2026-08-07,SIGACHI,INE0D0K01022,BE,SIGACHI INDUSTRIES LTD,25.9,25.92,25.02,25.17,25.4,25.8,277579,7018250.61
2026-08-07,SIGMAADV,INE933B01012,BE,SIGMA ADVANCED SYSTEM LTD,691.0,714.4,681.0,700.95,702.0,692.05,177711,124769681.65
2026-08-07,SIGMA,INE0A0S01028,EQ,SIGMA SOLVE LIMITED,47.5,48.12,45.5,46.37,46.9,47.42,193249,8975576.42
2026-08-07,SIGNATURE,INE903U01023,EQ,SIGNATUREGLOBAL INDIA LTD,800.0,811.0,795.0,802.3,800.0,815.0,286812,230678931.6
2026-08-07,SIGIND,INE529F01035,EQ,SIGNET INDUSTRIES LIMITED,69.9,74.95,65.35,67.79,67.99,70.03,376652,26465059.09
2026-08-07,SIGNPOST,INE0KGZ01021,EQ,SIGNPOST INDIA LIMITED,269.35,270.2,264.75,267.55,267.0,268.1,68863,18332859.35
2026-08-07,SIKA,INE438E01032,EQ,SIKA INTERPLANT SYSTEMS L,1110.0,1117.0,1090.0,1100.2,1102.0,1113.7,12165,13438717.3
2026-08-07,SIKKO,INE112X01025,EQ,SIKKO INDUSTRIES LIMITED,5.91,6.2,5.91,6.03,6.06,5.91,2610600,15813158.48
2026-08-07,SILINV,INE923A01015,EQ,SIL INVESTMENTS LIMITED,432.8,455.0,420.0,440.7,447.0,433.7,3329,1451076.85
2026-08-07,SILGO,INE01II01013,EQ,SILGO RETAIL LIMITED,69.26,71.74,68.99,70.17,71.7,69.3,268830,18829133.93
2026-08-07,SILKY,INE0SN801015,SM,SILKY OVERSEAS LIMITED,79.45,83.65,74.0,74.35,75.0,72.8,9600,736360.0
2026-08-07,SILLYMONKS,INE203Y01012,EQ,SILLY MONKS ENTERTAIN LTD,15.31,16.64,15.3,16.35,16.54,15.7,22450,368325.0
2026-08-07,SILVERTUC,INE625X01026,EQ,SILVER TOUCH TECHNO LTD,193.9,201.5,193.0,195.88,196.3,193.6,458422,90461942.24
2026-08-07,SIMCA,INE1K4J01018,SM,SIMCA ADVERTISING LIMITED,240.0,247.0,240.0,245.75,244.35,237.7,42000,10251420.0
2026-08-07,SIMPLEXINF,INE059B01024,EQ,SIMPLEX INFRASTRUCTURES L,236.26,242.0,233.0,238.87,239.0,237.48,40036,9482300.4
2026-08-07,SINCLAIR,INE985A01022,EQ,SINCLAIRS HOTELS LIMITED,79.8,79.8,75.51,77.03,77.0,76.59,43164,3358135.77
2026-08-07,SINDHUTRAD,INE325D01025,EQ,SINDHU TRADE LINKS LTD,24.1,24.72,24.1,24.56,24.53,24.19,206999,5071246.12
2026-08-07,SINGERIND,INE638A01035,EQ,SINGER INDIA LIMITED,69.4,69.4,64.88,67.93,66.31,68.72,258501,17198152.33
2026-08-07,SINTERCOM,INE129Z01016,EQ,SINTERCOM INDIA LIMITED,85.0,85.95,83.27,83.74,85.95,84.93,6250,528219.92
2026-08-07,SIRCA,INE792Z01011,EQ,SIRCA PAINT INDIA LIMITED,452.0,454.8,445.0,449.9,447.0,449.95,453430,204353620.95
2026-08-07,SIS,INE285J01028,EQ,SIS LIMITED,433.0,439.85,432.4,434.95,436.3,435.9,97206,42295567.2
2026-08-07,SIYSIL,INE076B01028,EQ,SIYARAM SILK MILLS LTD,628.15,636.0,621.05,625.35,624.0,628.15,25073,15747319.7
2026-08-07,SJS,INE284S01014,EQ,SJS ENTERPRISES LIMITED,2442.5,2479.6,2367.6,2446.1,2432.5,2437.7,198017,478673404.7
2026-08-07,SJVN,INE002L01015,EQ,SJVN LTD,68.45,69.11,67.79,67.96,67.85,68.43,1763773,120389332.71
2026-08-07,SKFINDUS,INE2J8701016,EQ,SKF IND (INDUSTRIAL) LTD,2735.0,2768.4,2715.1,2737.9,2746.9,2747.8,19683,53880494.7
2026-08-07,SKFINDIA,INE640A01023,EQ,SKF INDIA LTD,1520.0,1551.0,1516.8,1534.3,1532.9,1519.2,62437,95928830.5
2026-08-07,SKIPPER,INE439E01022,EQ,SKIPPER LIMITED,527.5,532.0,513.0,517.85,520.1,526.5,395745,206218129.45
2026-08-07,SKMEGGPROD,INE411D01023,EQ,SKM EGG PROD EXPORT(I) LT,237.0,239.79,231.0,235.0,234.5,237.19,325926,76220467.48
2026-08-07,SKP,INE0KZA01016,SM,SKP BEARING INDUSTRI. LTD,165.0,171.0,165.0,171.0,171.0,160.0,3500,591475.0
2026-08-07,SKYGOLD,INE01IU01018,EQ,SKY GOLD AND DIAMONDS LTD,691.1,728.4,689.6,719.4,723.0,691.15,2030660,1447820517.7
2026-08-07,SMARTLINK,INE178C01020,BE,SMARTLINK HOLDINGS LTD,220.0,222.0,212.65,215.19,216.9,220.48,5962,1294615.15
2026-08-07,SMARTWORKS,INE0NAZ01010,EQ,SMARTWORKS COWORKING SP L,483.95,495.0,480.1,486.8,488.0,485.0,78618,38318364.25
2026-08-07,SMCGLOBAL,INE103C01036,EQ,SMC GLOBAL SECURITIES LTD,80.1,80.79,78.28,79.54,78.5,80.6,367186,29233368.54
2026-08-07,SMLMAH,INE294B01019,EQ,SML MAHINDRA LIMITED,5676.0,5676.5,5518.5,5554.0,5550.0,5672.5,96731,540972656.0
2026-08-07,SMSPHARMA,INE812G01025,EQ,SMS PHARMACEUTICALS LTD.,357.5,380.0,357.2,378.1,378.85,357.2,553999,207125743.5
2026-08-07,SNEHAA,INE1OIC01018,SM,SNEHAA ORGANICS LIMITED,47.0,47.0,46.95,46.95,46.95,45.75,2000,93950.0
2026-08-07,SNOWMAN,INE734N01019,EQ,SNOWMAN LOGISTICS LTD.,40.7,41.88,38.81,39.15,39.46,40.71,223615,8850188.22
2026-08-07,SOBHA,INE671H01015,EQ,SOBHA LIMITED,1359.8,1361.4,1334.2,1339.0,1338.2,1355.9,106424,143204752.2
2026-08-07,SOFTTECH,INE728Z01015,BE,SOFTTECH ENGINEERS LTD,420.0,420.35,416.0,420.0,420.0,418.1,687,287440.95
2026-08-07,SOLARINDS,INE343H01029,EQ,SOLAR INDUSTRIES (I) LTD,18509.0,18669.0,18391.0,18650.0,18650.0,18496.0,49218,911745616.0
2026-08-07,SOLARA,INE624Z01016,EQ,SOLARA ACTIVE PHA SCI LTD,511.15,514.3,497.6,502.6,503.0,511.1,149962,75461108.45
2026-08-07,SOLARWORLD,INE0TY101024,EQ,SOLARWORLD ENERGY SOL LTD,169.13,171.79,167.13,168.43,168.02,169.13,205271,34764781.67
2026-08-07,SOLEX,INE880Y01017,EQ,SOLEX ENERGY LIMITED,910.6,927.95,908.0,911.7,910.0,914.5,21601,19745109.25
2026-08-07,SDBL,INE480C01038,EQ,SOM DIST & BREW LTD,74.7,74.7,73.0,73.33,73.1,74.11,319935,23461211.35
2026-08-07,SOMATEX,INE314C01013,EQ,SOMA TEXTILES & INDUST LT,94.0,97.63,94.0,94.86,95.64,94.38,7803,743956.32
2026-08-07,SOMANYCERA,INE355A01028,EQ,SOMANY CERAMICS LIMITED,503.25,510.0,494.0,495.8,497.0,504.0,86172,43145955.75
2026-08-07,SOMICONVEY,INE323J01019,EQ,SOMI CONVEYOR BELT. LTD.,92.21,94.3,90.5,91.84,92.2,91.42,10088,928249.01
2026-08-07,SONACOMS,INE073K01018,EQ,SONA BLW PRECISION FRGS L,790.0,821.0,787.0,818.05,818.05,792.0,3753214,3030714698.2
2026-08-07,SONAMAC,INE0Q6H01012,SM,SONA MACHINERY LIMITED,34.6,34.6,34.55,34.55,34.55,34.5,2000,69150.0
2026-08-07,SONAL,INE321M01017,EQ,SONAL MERCANTILE LTD.,86.1,88.58,86.1,87.6,87.6,89.95,52,4544.9
2026-08-07,SONAMLTD,INE00LM01029,EQ,SONAM LIMITED,54.6,55.02,52.55,54.42,54.5,54.65,33523,1801518.2
2026-08-07,SONATSOFTW,INE269A01021,EQ,SONATA SOFTWARE LTD,324.6,337.65,316.7,318.05,318.0,331.95,1740657,562776176.95
2026-08-07,SOUTHWEST,INE980Y01015,EQ,SOUTH WEST PINNACLE LTD,231.04,234.0,226.88,232.06,231.25,232.42,88963,20448672.14
2026-08-07,SPCENET,INE970N01027,EQ,SPACENET ENTERS IND LTD,3.63,3.87,3.57,3.86,3.87,3.52,1773403,6763094.78
2026-08-07,SPANDANA,INE572J01011,EQ,SPANDANA SPHOORTY FIN LTD,256.75,260.65,254.0,257.75,257.0,256.75,265502,68403753.9
2026-08-07,SPECIALITY,INE247M01014,EQ,SPECIALITY REST LTD,145.5,148.5,136.0,145.17,145.01,142.42,144115,20724059.54
2026-08-07,SPECTRUM,INE01EO01010,EQ,SPECTRUM ELECTRIC IND LTD,2567.6,2576.6,2410.0,2440.7,2410.1,2568.0,14748,36638564.4
2026-08-07,SPECTSTM,INE0OL001018,SM,SPECTRUM TALENT MGMT LTD,64.05,66.0,64.05,65.65,65.05,62.35,3200,208840.0
2026-08-07,SPENCERS,INE020801028,EQ,SPENCER S RETAIL LIMITED,33.4,33.4,32.2,32.44,32.65,33.01,43876,1434212.19
2026-08-07,SPIC,INE147A01011,EQ,SPIC LTD,68.07,68.27,67.5,67.8,67.93,68.28,133846,9088576.08
2026-08-07,SPLIL,INE978G01016,EQ,SPL INDUSTRIES LIMITED,32.99,32.99,32.21,32.69,32.4,31.8,10835,354091.05
2026-08-07,SPMLINFRA,INE937A01023,EQ,SPML INFRA LIMITED,193.39,194.61,189.47,189.94,190.0,194.7,197085,37705702.99
2026-08-07,SPORTKING,INE885H01029,EQ,SPORTKING INDIA LIMITED,206.11,215.91,204.76,214.34,214.0,206.66,742062,157750632.51
2026-08-07,SHRIPISTON,INE526E01018,EQ,SPR AUTO TECHNOLOGIES LTD,4300.0,4469.8,4296.1,4392.8,4350.0,4325.4,56486,248493640.9
2026-08-07,SPUNWEB,INE19QH01010,SM,SPUNWEB NONWOVEN LIMITED,102.0,102.0,102.0,102.0,102.0,102.0,1200,122400.0
2026-08-07,SRHHYPOLTD,INE917H01012,EQ,SREE RAYALSEEMA HHP LTD.,515.0,521.0,508.0,517.45,518.0,512.65,16562,8552607.3
2026-08-07,SREEL,INE099F01013,EQ,SREELEATHERS LIMITED,218.0,218.0,212.51,216.53,217.4,215.37,3093,665413.75
2026-08-07,SRF,INE647A01010,EQ,SRF LTD,2624.9,2640.6,2610.0,2615.0,2615.0,2624.9,262181,687052491.5
2026-08-07,SRGHFL,INE559N01010,EQ,SRG HOUSING FINANCE L,283.25,294.9,283.25,287.1,286.2,291.75,555,159654.75
2026-08-07,HAVISHA,INE293B01029,EQ,SRI HAVISHA HOSP & INFR L,1.55,1.58,1.43,1.46,1.46,1.44,85296,128681.8
2026-08-07,LOTUSDEV,INE0V9Q01010,EQ,SRI LOTUS DEVLPRS N RTY L,185.83,190.0,185.83,185.83,185.83,195.61,1098639,204818861.76
2026-08-07,SPCON,INE0TPJ01019,SM,SRINIBAS PRADHAN CONST L,155.95,155.95,152.6,152.6,152.6,150.4,2400,370260.0
2026-08-07,SRM,INE0R6Z01013,EQ,SRM CONTRACTORS LIMITED,530.95,535.0,517.05,520.7,521.5,529.05,90803,47615230.0
2026-08-07,STALLION,INE0RYC01010,EQ,STALLION IND FLUOROCHEM L,269.7,273.6,251.55,256.5,255.0,270.2,2007602,527783858.0
2026-08-07,SETL,INE0M4D01010,EQ,STANDARD ENGNG TCNLGY LTD,288.35,288.35,278.0,281.0,279.2,274.65,555977,157144194.3
2026-08-07,SIL,INE173A01025,EQ,STANDARD INDUSTRIES LTD.,17.1,17.2,16.9,17.09,17.16,17.02,34030,580863.23
2026-08-07,STANLEY,INE01A001028,EQ,STANLEY LIFESTYLES LTD,154.39,155.4,146.52,149.91,148.75,153.62,95404,14433260.74
2026-08-07,STARCEMENT,INE460H01021,EQ,STAR CEMENT LIMITED,203.34,204.49,196.5,201.96,203.1,203.34,693029,138683756.42
2026-08-07,STARHEALTH,INE575P01011,EQ,STAR HEALTH & AL INS CO L,574.0,580.75,568.0,569.85,568.15,573.65,198994,113767431.65
2026-08-07,STARPAPER,INE733A01018,EQ,STAR PAPER MILLS LTD,151.59,153.98,150.0,152.53,152.5,152.31,14807,2256610.72
2026-08-07,STARTECK,INE992I01013,EQ,STARTECK FINANCE LIMITED,255.3,259.55,255.3,256.95,256.5,257.3,7410,1914562.6
2026-08-07,SBIN,INE062A01020,EQ,STATE BANK OF INDIA,1080.1,1124.5,1075.7,1097.2,1097.2,1085.0,29410622,32460736548.4
2026-08-07,SAIL,INE114A01011,EQ,STEEL AUTHORITY OF INDIA,176.6,176.88,174.61,176.58,176.58,176.74,9569899,1683888101.72
2026-08-07,STEELCITY,INE395H01011,EQ,STEEL CITY SECURITIES LTD,85.78,85.78,84.0,84.29,84.0,84.65,6653,560803.59
2026-08-07,STEELXIND,INE503B01021,EQ,STEEL EXCHANGE INDIA LTD,11.45,11.54,11.12,11.21,11.16,11.45,1033647,11629822.8
2026-08-07,SSWL,INE802C01033,EQ,STEEL STRIPS WHEELS LTD.,305.05,317.2,305.05,308.5,309.55,309.2,658437,206280521.2
2026-08-07,STEELCAS,INE124E01038,EQ,STEELCAST LIMITED,339.0,341.45,330.3,331.6,330.5,337.75,53250,17774558.25
2026-08-07,STEL,INE577L01016,EQ,STEL HOLDINGS LIMITED,566.5,566.5,551.3,552.95,553.3,564.1,1219,677852.75
2026-08-07,STERTOOLS,INE334A01023,BE,STERLING TOOLS LIMITED,246.6,250.0,241.1,244.15,244.0,249.0,23608,5740139.85
2026-08-07,STLTECH,INE089C01029,BE,STERLITE TECHNOLOGIES LTD,629.7,645.0,603.9,638.9,638.9,633.85,1674019,1038728068.05
2026-08-07,SGL,INE353H01010,EQ,STL GLOBAL LIMITED,9.96,10.74,9.51,10.19,9.82,9.92,40514,403771.67
2026-08-07,STLNETWORK,INE1VXE01018,BE,STL NETWORKS LIMITED,24.71,25.02,24.32,24.89,24.98,24.71,386315,9601310.37
2026-08-07,STOVEKRAFT,INE00IN01015,EQ,STOVE KRAFT LIMITED,804.8,819.0,793.0,797.55,795.0,800.2,246697,199222382.7
2026-08-07,STRIDERS,INE1XWN01017,SM,STRIDERS IMPEX LIMITED,64.0,65.0,64.0,64.1,64.1,64.85,17600,1133680.0
2026-08-07,STAR,INE939A01011,EQ,STRIDES PHARMA SCI LTD,998.3,1019.7,991.0,1003.8,1001.0,997.2,260563,262875386.5
2026-08-07,SWSOLAR,INE00M201021,EQ,STRLNG & WIL REN ENE LTD,206.0,207.0,204.5,204.93,205.35,206.92,469420,96476593.47
2026-08-07,STUDDS,INE00Q601028,EQ,STUDDS ACCESSORIES LTD,451.0,451.0,435.0,438.75,439.9,446.55,66634,29407259.9
2026-08-07,STUDIOLSD,INE17VO01028,SM,STUDIO LSD LIMITED,9.0,9.0,8.8,8.8,8.8,9.0,16000,142200.0
2026-08-07,STYLAMIND,INE239C01020,EQ,STYLAM INDUSTRIES LIMITED,3594.0,3594.0,3512.4,3536.5,3512.4,3594.3,17501,61939653.0
2026-08-07,STYRENIX,INE189B01011,EQ,STYRENIX PERFORMANCE LTD,2275.0,2324.4,2244.0,2257.2,2255.0,2279.0,70445,160373609.5
2026-08-07,SUBAHOTELS,INE0RYR01018,SM,SUBA HOTELS LIMITED,111.5,111.5,111.0,111.0,111.0,111.2,12000,1332600.0
2026-08-07,SUBEXLTD,INE754A01055,BE,SUBEX LTD,14.15,14.15,13.6,13.74,13.7,14.13,1417230,19728114.71
2026-08-07,SUBROS,INE287B01021,EQ,SUBROS LIMITED,832.0,841.7,812.2,828.7,812.9,826.7,50756,42293641.8
2026-08-07,SUDARSCHEM,INE659A01023,EQ,SUDARSHAN CHEMICAL INDS L,1119.0,1157.0,1115.0,1139.6,1135.1,1115.6,349920,398279205.1
2026-08-07,SUDARCOLOR,INE492A01029,EQ,SUDARSHAN COLORNT IND LTD,430.75,431.8,417.0,421.05,422.0,428.6,24584,10438562.7
2026-08-07,SUDEEPPHRM,INE0QPI01025,EQ,SUDEEP PHARMA LIMITED,970.05,999.95,946.35,957.55,960.0,974.15,265819,259689295.35
2026-08-07,SUKHJITS,INE450E01029,EQ,SUKHJIT STARCH & CHEM LTD,161.2,164.95,160.95,162.04,160.95,161.2,5302,860147.27
2026-08-07,SULA,INE142Q01026,EQ,SULA VINEYARDS LIMITED,159.95,162.7,155.1,158.55,158.8,167.54,787216,125400425.57
2026-08-07,SUMEETINDS,INE235C01036,EQ,SUMEET IND LIMITED,17.28,17.28,17.28,17.28,17.28,18.18,120603,2084019.84
2026-08-07,SUMIT,INE748Z01013,EQ,SUMIT WOODS LIMITED,58.0,58.0,55.0,56.77,57.4,56.78,32740,1841086.66
2026-08-07,SUMICHEM,INE258G01013,EQ,SUMITOMO CHEM INDIA LTD,525.6,540.6,520.8,532.95,526.6,525.2,611836,327503889.95
2026-08-07,SUMMITSEC,INE519C01017,EQ,SUMMIT SECURITIES LTD,1507.3,1513.0,1491.7,1498.7,1496.1,1511.1,4396,6599165.0
2026-08-07,SPARC,INE232I01014,EQ,SUN PHARMA ADV.RES.CO.LTD,216.99,217.03,211.0,213.21,212.0,216.98,607331,129941245.83
2026-08-07,SUNPHARMA,INE044A01036,EQ,SUN PHARMACEUTICAL IND L,1955.0,1957.0,1925.1,1945.0,1945.0,1951.0,2425268,4699863722.7
2026-08-07,SUNTV,INE424H01027,EQ,SUN TV NETWORK LIMITED,491.6,491.95,485.1,486.65,486.75,489.2,137019,66833328.95
2026-08-07,SUNCLAY,INE0Q3R01026,EQ,SUNDARAM CLAYTON LIMITED,1270.1,1293.2,1232.2,1241.6,1259.0,1269.4,8764,11066116.6
2026-08-07,SUNDARMFIN,INE660A01013,EQ,SUNDARAM FINANCE LTD,4655.0,4663.0,4585.0,4604.2,4605.0,4647.4,22448,103589533.0
2026-08-07,SUNDARAM,INE108E01023,EQ,SUNDARAM MULTI PAP LTD,1.24,1.25,1.23,1.23,1.25,1.23,227965,282021.04
2026-08-07,SUNDRMBRAK,INE073D01013,BE,SUNDARAMBRAKE LININGS LTD,771.5,789.8,762.0,787.0,786.8,775.5,371,288953.1
2026-08-07,SUNDRMFAST,INE387A01021,EQ,SUNDRAM FASTENERS LTD,1091.0,1109.45,1085.25,1090.55,1089.6,1085.25,393173,431347629.65
2026-08-07,SOCL,INE0CTB01014,SM,SUNDREX OIL COMPANY LTD,27.1,27.5,27.1,27.5,27.5,27.1,4800,131360.0
2026-08-07,SUNDROP,INE209A01019,EQ,SUNDROP BRANDS LIMITED,690.0,718.7,672.2,681.8,675.6,664.8,216488,149987032.5
2026-08-07,SUNFLAG,INE947A01014,EQ,SUNFLAG IRON AND STEEL CO,392.4,392.4,377.05,389.4,391.0,388.95,305259,117557695.65
2026-08-07,SEL,INE0O3O01017,SM,SUNGARNER ENERGIES LTD,235.0,235.0,216.1,221.9,216.1,235.0,5000,1123160.0
2026-08-07,SUNLITE,INE0U2N01013,SM,SUNLITE RECYCLING IND LTD,475.6,485.55,430.0,438.9,434.0,478.0,37500,16865580.0
2026-08-07,SUNREST,INE0PLZ01012,SM,SUNREST LIFESCIENCE LTD,41.8,43.25,40.5,40.5,40.5,39.0,14400,602320.0
2026-08-07,SUNTECK,INE805D01034,EQ,SUNTECK REALTY LIMITED,303.9,303.9,298.25,299.15,298.5,301.65,124383,37311792.55
2026-08-07,SUPERSPIN,INE662A01027,BE,SUPER SPINNING MILLS LTD,6.48,6.48,6.36,6.36,6.36,6.48,1505,9615.72
2026-08-07,SUPERHOUSE,INE712B01010,EQ,SUPERHOUSE LIMITED,160.0,161.0,156.19,159.5,161.0,159.02,1582,252670.86
2026-08-07,SUPRAJIT,INE399C01030,EQ,SUPRAJIT ENGINEERING LTD,540.0,541.0,513.3,521.8,517.0,527.55,504993,268508551.05
2026-08-07,SFML,INE0U6N01014,SM,SUPREME FACILITY MGMT LTD,23.5,23.5,23.3,23.4,23.4,23.5,6400,149760.0
2026-08-07,SUPREME,INE822E01011,EQ,SUPREME HOLDIN N HOSP I L,45.25,46.46,45.25,45.5,45.5,45.82,3896,178046.87
2026-08-07,SUPREMEIND,INE195A01028,EQ,SUPREME INDUSTRIES LTD,3477.0,3477.0,3415.3,3442.0,3442.0,3477.0,177284,609638259.4
2026-08-07,SUPREMEINF,INE550H01011,EQ,SUPREME INFRA. LTD.,92.75,93.19,90.15,91.36,92.21,92.75,34219,3152436.17
2026-08-07,SPLPETRO,INE663A01033,EQ,SUPREME PETROCHEM LIMITED,700.0,707.6,693.4,701.45,703.0,702.65,35263,24787734.6
2026-08-07,SUPREMEPWR,INE0QHG01026,SM,SUPREME POWER EQUIPMENT L,208.0,210.0,204.0,205.1,205.0,210.75,40500,8388825.0
2026-08-07,SUPRIYA,INE07RO01027,EQ,SUPRIYA LIFESCIENCE LTD,891.7,928.0,891.7,923.45,928.0,890.85,234139,214449117.75
2026-08-07,SURAJEST,INE843S01025,EQ,SURAJ ESTATE DEVELOPERS L,204.06,205.25,191.22,201.61,205.0,204.06,127987,25707934.85
2026-08-07,SURAJLTD,INE713C01016,EQ,SURAJ LIMITED,219.18,222.58,218.0,221.9,221.9,218.68,107,23728.13
2026-08-07,SURAKSHA,INE877V01027,EQ,SURAKSHA DIAGNOSTIC LTD,250.05,253.85,247.0,249.55,248.5,250.75,20821,5202149.3
2026-08-07,SURANASOL,INE272L01022,EQ,SURANA SOLAR LIMITED,28.09,28.23,26.16,26.57,26.68,27.62,64986,1758379.63
2026-08-07,SURANAT&P,INE130B01031,EQ,SURANA TELECOM AND POW LT,17.9,18.3,17.7,17.84,17.7,17.97,67034,1213439.95
2026-08-07,SURANI,INE01ZJ01015,SM,SURANI STEEL TUBES LTD.,99.05,99.2,99.05,99.2,99.2,99.0,600,59490.0
2026-08-07,SBGLP,INE05ST01028,EQ,SURATWWALA BUS GROUP LTD,26.35,26.35,24.5,24.93,25.3,25.37,5418,135343.24
2026-08-07,SURYAROSNI,INE335A01020,EQ,SURYA ROSHNI LTD,250.99,258.5,249.02,252.35,252.59,250.73,915743,233014292.14
2026-08-07,SURYALAXMI,INE713B01026,EQ,SURYALAKSHMI COT MIL LTD,59.55,61.08,59.55,60.22,60.0,58.85,7214,434752.81
2026-08-07,SURYALA,INE132C01027,EQ,SURYALATA SPINNING MILL L,399.95,405.0,396.5,398.9,398.15,399.6,259,103681.7
2026-08-07,SURYODAY,INE428Q01011,EQ,SURYODAY SMALL FIN BK LTD,163.14,164.9,161.16,162.02,161.51,162.62,577727,93939835.74
2026-08-07,SUTLEJTEX,INE645H01027,BE,SUTLEJ TEXT & INDUS LTD,40.0,40.44,38.42,38.54,38.5,40.44,58626,2270050.25
2026-08-07,SUVEN,INE495B01038,EQ,SUVEN LIFE SCIENCES LTD,313.0,324.25,312.0,318.4,315.0,317.8,486776,155132106.8
2026-08-07,SUVIDHAA,INE018401013,EQ,SUVIDHAA INFOSERVE LTD,2.53,2.8,2.53,2.59,2.6,2.58,116592,302037.87
2026-08-07,SUYOG,INE442P01014,EQ,SUYOG TELEMATICS LIMITED,850.0,884.9,845.0,880.45,878.0,862.55,41570,36172141.75
2026-08-07,SUZLON,INE040H01021,EQ,SUZLON ENERGY LIMITED,48.09,48.99,47.95,48.15,48.15,48.1,52362545,2537930534.68
2026-08-07,SVPGLOB,INE308E01029,BE,SVP GLOBAL TEXTILES LTD,3.75,4.0,3.75,3.9,3.93,3.81,145667,576647.16
2026-08-07,SWANCORP,INE665A01038,EQ,SWAN CORP LIMITED,308.75,312.4,307.15,308.05,308.15,310.9,490454,151626377.0
2026-08-07,SWANDEF,INE542F01020,BE,SWAN DEFENCE N HEVY IND L,2680.0,2735.0,2649.0,2694.9,2690.0,2649.0,20021,54236956.8
2026-08-07,SWARAJENG,INE277A01016,EQ,SWARAJ ENGINES LTD,3594.8,3608.6,3577.0,3600.4,3602.7,3595.8,5398,19404249.9
2026-08-07,SWARAJ,INE0GMR01016,SM,SWARAJ SUITING LIMITED,362.35,367.0,354.0,356.1,354.0,360.5,271000,97201450.0
2026-08-07,SWELECTES,INE409B01013,EQ,SWELECT ENERGY SYS LTD,655.0,676.4,655.0,670.6,670.0,663.3,35012,23468685.35
2026-08-07,SWIGGY,INE00H001014,EQ,SWIGGY LIMITED,288.9,288.95,278.25,280.75,280.75,288.65,26303196,7417723592.85
2026-08-07,SYMPHONY,INE225D01027,EQ,SYMPHONY LIMITED,652.4,657.9,651.05,654.05,652.0,652.4,45198,29612073.6
2026-08-07,SYNCOMF,INE312C01025,EQ,SYNCOM FORMU (I) LTD,13.14,13.49,13.11,13.45,13.48,13.18,1884367,25170281.78
2026-08-07,SGIL,INE00QT01015,EQ,SYNERGY GREEN IND. LTD,600.0,604.0,595.2,603.3,600.0,597.1,9026,5421029.6
2026-08-07,SYNGENE,INE398R01022,EQ,SYNGENE INTERNATIONAL LTD,399.2,412.2,397.85,403.7,400.65,399.75,2260564,915060403.55
2026-08-07,SYRMA,INE0DYJ01015,EQ,SYRMA SGS TECHNOLOGY LTD,1413.9,1434.0,1407.5,1424.7,1420.0,1418.0,509551,724133212.4
2026-08-07,SYSTANGO,INE0O7R01011,SM,SYSTANGO TECHNOLOGIES LTD,211.0,214.0,209.35,210.45,210.0,211.8,16000,3381460.0
2026-08-07,SYSTMTXC,INE356B01024,BE,SYSTEMATIX CORP SERVICE L,59.0,60.8,59.0,60.5,60.5,59.55,7676,464288.07
2026-08-07,TTL,INE592B01024,EQ,T T LIMITED,6.28,6.39,5.7,5.81,5.86,6.28,736313,4315770.38
2026-08-07,TAALTECH,INE524T01011,EQ,TAAL TECH LTD.,4180.0,4696.0,4060.1,4489.3,4464.0,4110.2,69693,314080321.7
2026-08-07,TAC,INE0SOY01013,SM,TAC INFOSEC LIMITED,513.15,520.0,504.9,511.05,506.0,510.7,27600,14145180.0
2026-08-07,TAINWALCHM,INE123C01018,EQ,TAINWALA CHEMICAL AND PLA,207.0,209.96,205.0,207.5,206.0,206.16,4292,891169.95
2026-08-07,TAJGVK,INE586B01026,EQ,TAJ GVK HOTELS & RESORTS,369.15,370.8,356.0,360.45,360.45,369.15,100613,36502668.85
2026-08-07,TAKE,INE142I01023,EQ,TAKE SOLUTIONS LTD,22.78,22.79,22.31,22.69,22.61,22.39,1461136,33091571.08
2026-08-07,TALBROAUTO,INE187D01029,EQ,TALBROS AUTO. COMP. LTD,436.4,444.0,433.0,439.35,438.0,437.0,120445,52778235.35
2026-08-07,TAMBOLIIN,INE864J01012,BE,TAMBOLI INDUSTRIES LTD.,220.0,228.7,215.0,227.45,224.2,218.79,13505,2998032.08
2026-08-07,TMB,INE668A01016,EQ,TAMILNAD MERCA BANK LTD,873.4,885.1,865.4,875.95,872.8,873.4,142977,125088618.7
2026-08-07,TNPL,INE107A01015,EQ,TAMILNADU NEWSPRT & PAPER,157.55,157.55,154.91,156.6,157.0,157.15,89590,14000968.42
2026-08-07,TNPETRO,INE148A01019,EQ,TAMILNADU PETROPRODUCTS L,99.17,102.99,98.68,101.03,101.35,98.68,257739,26108762.44
2026-08-07,TNTELE,INE141D01018,EQ,TAMILNADU TELECOMMUNICATI,9.2,9.9,8.91,9.03,9.12,8.93,49016,451466.97
2026-08-07,TANLA,INE483C01032,EQ,TANLA PLATFORMS LIMITED,608.0,623.5,602.8,613.55,612.05,608.9,580312,357870682.65
2026-08-07,TARACHAND,INE555Z01020,EQ,TARA CHAND INFRA SOLN LTD,49.65,50.49,48.0,49.49,49.38,49.89,406435,20245894.09
2026-08-07,TARAPUR,INE747K01017,EQ,TARAPUR TRANSFORMERS LTD,13.6,13.9,12.21,13.21,13.29,13.54,158482,2017955.28
2026-08-07,TARC,INE0EK901012,EQ,TARC LIMITED,135.5,136.97,130.05,130.78,130.5,135.51,458979,60627734.75
2026-08-07,TARMAT,INE924H01018,EQ,TARMAT LIMITED,49.48,53.95,49.48,52.7,52.6,49.48,29778,1550771.12
2026-08-07,TARSONS,INE144Z01023,EQ,TARSONS PRODUCTS LIMITED,317.5,320.0,308.0,312.3,310.0,317.5,101639,31814370.55
2026-08-07,TASTYBITE,INE488B01017,EQ,TASTY BITE EATABLES LTD,9108.5,9589.0,9096.5,9394.0,9400.0,9175.0,3605,33979022.5
2026-08-07,TATACAP,INE976I01016,EQ,TATA CAPITAL LIMITED,384.4,384.65,367.2,370.3,369.4,382.7,3710557,1382299997.45
2026-08-07,TATACHEM,INE092A01019,EQ,TATA CHEMICALS LTD,675.4,702.0,668.0,673.55,670.0,663.3,3567616,2442064734.45
2026-08-07,TATACOMM,INE151A01013,EQ,TATA COMMUNICATIONS LTD,1736.0,1764.0,1730.0,1755.2,1760.0,1735.5,156599,273436011.5
2026-08-07,TCS,INE467B01029,EQ,TATA CONSULTANCY SERV LT,2375.0,2457.7,2375.0,2452.7,2452.7,2373.0,4547979,11077436216.6
2026-08-07,TATACONSUM,INE192A01025,EQ,TATA CONSUMER PRODUCT LTD,1082.2,1092.0,1078.0,1082.3,1082.3,1090.0,879013,951881415.2
2026-08-07,TATAELXSI,INE670A01012,EQ,TATA ELXSI LIMITED,3716.4,3833.6,3716.1,3781.0,3781.0,3715.0,449437,1704935275.6
2026-08-07,TATAINVEST,INE672A01026,EQ,TATA INVESTMENT CORP LTD,672.3,713.45,669.1,693.65,687.0,667.1,3673235,2568715850.3
2026-08-07,TMCV,INE1TAE01010,EQ,TATA MOTORS LIMITED,457.85,459.3,449.2,453.1,452.9,459.65,6870933,3116056001.85
2026-08-07,TMPV,INE155A01022,EQ,TATA MOTORS PASS VEH LTD,345.0,349.8,343.65,347.0,347.0,345.35,4274035,1479755355.35
2026-08-07,TATAPOWER,INE245A01021,EQ,TATA POWER CO LTD,378.6,382.7,377.3,380.55,380.55,378.6,2614409,994803412.8
2026-08-07,TATASTEEL,INE081A01020,EQ,TATA STEEL LIMITED,189.41,189.69,186.75,187.55,187.55,189.3,9924021,1867369223.2
2026-08-07,TATATECH,INE142M01025,EQ,TATA TECHNOLOGIES LIMITED,801.55,880.0,797.3,872.8,873.05,801.55,16058460,13667100929.2
2026-08-07,TTML,INE517B01013,EQ,TATA TELESERV(MAHARASTRA),39.51,39.8,39.2,39.37,39.3,39.57,790881,31241548.77
2026-08-07,NETF,INF277K015R5,EQ,TATAAML - NETF,267.01,268.89,266.65,268.32,267.02,267.52,1277,342377.29
2026-08-07,NPBET,INF277K010X4,EQ,TATAAML - NPBET,286.84,286.84,281.5,283.78,281.5,287.35,2194,623423.41
2026-08-07,TNIDETF,INF277KA1364,EQ,TATAAML - TNIDETF,91.31,91.31,88.93,90.15,89.73,89.09,110297,9952296.56
2026-08-07,TATAGOLD,INF277KA1976,EQ,TATAAML-TATAGOLD,14.37,14.52,14.33,14.49,14.5,14.37,47328022,682556028.82
2026-08-07,TATSILV,INF277KA1984,EQ,TATAAML-TATSILV,21.78,22.46,21.7,22.35,22.06,21.78,68907569,1528138824.57
2026-08-07,TATVA,INE0GK401011,EQ,TATVA CHIN PHARM CHEM LTD,1720.1,1770.0,1679.0,1718.8,1708.2,1731.1,77697,133347965.9
2026-08-07,TAURIAN,INE0XWS01018,SM,TAURIAN MPS LIMITED,400.05,436.8,400.05,420.3,418.1,406.05,48000,20325440.0
2026-08-07,TBI,INE0N2D01013,SM,TBI CORN LIMITED,67.0,67.0,63.15,63.15,63.15,66.45,28800,1854960.0
2026-08-07,TBOTEK,INE673O01025,EQ,TBO TEK LIMITED,1615.2,1637.0,1595.4,1610.9,1613.0,1623.1,114311,185196671.3
2026-08-07,TCC,INE887D01016,EQ,TCC CONCEPT LIMITED,274.4,284.0,270.15,273.75,275.6,273.0,35379,9820057.05
2026-08-07,TCIEXP,INE586V01016,EQ,TCI EXPRESS LIMITED,576.75,578.95,549.6,554.6,550.35,579.6,120916,67935163.6
2026-08-07,TCIFINANCE,INE911B01018,BE,TCIFINANCELTD-ROLL SETT,15.08,15.38,14.35,15.16,15.35,15.08,37295,552646.04
2026-08-07,TCPLPACK,INE822C01015,EQ,TCPL PACKAGING LIMITED,3131.0,3179.9,3115.0,3148.9,3151.0,3131.4,1124,3536362.7
2026-08-07,TDPOWERSYS,INE419M01027,EQ,TD POWER SYSTEMS LTD.,1231.0,1270.0,1215.0,1260.9,1256.0,1227.7,1236722,1546463299.8
2026-08-07,TEAMGTY,INE289C01025,EQ,TEAM INDIA GUARANTY LTD,220.0,222.95,217.1,222.81,222.85,223.8,1667,367652.56
2026-08-07,TEAMLEASE,INE985S01024,EQ,TEAMLEASE SERVICES LTD.,1262.5,1265.0,1237.7,1253.6,1245.0,1253.5,15285,19098515.5
2026-08-07,TPHQ,INE065J01024,EQ,TEAMO PRODUCTIONS HQ LTD,0.42,0.43,0.41,0.41,0.42,0.42,1507946,630399.81
2026-08-07,TECHM,INE669C01036,EQ,TECH MAHINDRA LIMITED,1639.8,1681.5,1634.3,1635.0,1635.0,1632.2,6089110,10071459925.5
2026-08-07,TECHERA,INE0JQS01019,SM,TECHERA ENGINEER (IND) L,179.4,182.75,174.25,182.75,182.75,174.05,207200,37550680.0
2026-08-07,TECHNOE,INE285K01026,EQ,TECHNO ELEC & ENG CO. LTD,994.0,1071.1,991.15,1066.25,1070.0,992.25,907092,949152242.95
2026-08-07,TIIL,INE545H01011,EQ,TECHNOCRAFT IND LTD,2643.7,2749.0,2625.1,2693.5,2675.0,2635.2,22936,62257237.4
2026-08-07,TECHNVISN,INE314H01012,EQ,TECHNVISION VENTURES LTD.,5369.0,5800.0,5022.1,5721.8,5800.0,5307.1,2374,13018121.5
2026-08-07,TECILCHEM,INE014B01011,EQ,TECIL CHEMICALS,9.4,9.66,8.95,9.19,9.02,9.38,9556,87931.59
2026-08-07,TEGA,INE011K01018,EQ,TEGA INDUSTRIES LIMITED,1580.0,1647.7,1580.0,1625.7,1625.7,1583.3,147676,239891483.2
2026-08-07,TEJA,INE0R1301019,SM,TEJA ENGINEERING IND L,635.0,635.0,600.0,603.35,605.0,639.5,14400,8926800.0
2026-08-07,TEJASCARGO,INE17WC01013,SM,TEJAS CARGO INDIA LIMITED,380.0,380.0,380.0,380.0,380.0,366.0,800,304000.0
2026-08-07,TEJASNET,INE010J01012,EQ,TEJAS NETWORKS LIMITED,519.4,524.2,512.0,513.45,513.5,522.3,682905,352699067.45
2026-08-07,TEMBO,INE869Y01028,EQ,TEMBO GLOBAL IND LTD,63.75,64.0,60.55,60.95,60.6,63.8,2317780,143786292.05
2026-08-07,TENNIND,INE19RI01016,EQ,TENNECO CLEAN AIR INDIA L,566.0,584.9,561.1,562.8,562.05,570.55,1034341,592447107.0
2026-08-07,TERASOFT,INE482B01010,EQ,TERA SOFTWARE LIMITED,429.0,447.85,401.7,407.7,403.8,424.05,55475,23890560.0
2026-08-07,TEXINFRA,INE435C01024,EQ,TEXMACO INFRA & HOLDG LTD,113.51,114.12,112.61,113.61,113.5,113.48,38166,4332574.44
2026-08-07,TEXRAIL,INE621L01012,EQ,TEXMACO RAIL & ENG. LTD.,108.33,110.23,107.66,108.78,108.5,108.33,1562768,170222164.33
2026-08-07,TEXMOPIPES,INE141K01013,EQ,TEXMO PIPE & PRODUCTS LTD,43.27,44.4,42.1,43.51,43.5,42.83,40594,1769692.89
2026-08-07,TGBHOTELS,INE797H01018,EQ,TGB BANQUETS&HOTELS LTD,9.71,9.71,9.2,9.3,9.3,9.2,61154,568484.31
2026-08-07,THAKDEV,INE403F01017,EQ,THAKKERS DEVELOPERS LTD.,121.84,141.0,116.35,140.34,141.0,128.25,725,89974.47
2026-08-07,THANGAMAYL,INE085J01014,EQ,THANGAMAYIL JEWELLERY LTD,5195.0,5290.0,5156.5,5275.0,5280.5,5144.0,213017,1115741902.5
2026-08-07,ANUP,INE294Z01018,EQ,THE ANUP ENGINEERING LTD,1969.8,1969.8,1884.9,1896.0,1886.0,1993.3,102077,196709166.7
2026-08-07,BYKE,INE319B01014,BE,THE BYKE HOSPITALITY LTD,34.45,34.5,33.5,33.62,34.0,34.11,10602,360797.26
2026-08-07,GESHIP,INE017A01032,EQ,THE GE SHPG.LTD,1350.1,1362.7,1332.5,1341.8,1335.0,1352.9,777727,1045251737.1
2026-08-07,GROBTEA,INE646C01018,EQ,THE GROB TEA COMPANY LTD,900.0,900.0,900.0,900.0,900.0,899.4,15,13500.0
2026-08-07,HITECHGEAR,INE127B01011,BE,THE HI-TECH GEARS LIMITED,560.3,571.0,555.0,560.45,564.0,566.75,2399,1348209.65
2026-08-07,INDIACEM,INE383A01012,EQ,THE INDIA CEMENTS LIMITED,395.0,399.15,390.1,398.15,397.0,393.05,181089,71762813.55
2026-08-07,INDHOTEL,INE053A01029,EQ,THE INDIAN HOTELS CO. LTD,735.95,738.75,728.75,731.0,731.0,736.0,1606078,1176931515.55
2026-08-07,THEINVEST,INE924D01017,EQ,THE INVEST TRUST OF IND L,100.99,101.78,97.12,98.14,97.75,101.06,3798,375435.19
2026-08-07,NIACL,INE470Y01017,EQ,THE NEW INDIA ASSU CO LTD,177.27,177.85,176.04,177.11,177.75,178.93,678003,119875475.16
2026-08-07,PKTEA,INE431F01018,EQ,THE P K TEA PROD CO LTD,734.0,734.0,682.3,691.8,692.0,709.75,72,50096.75
2026-08-07,PHOENIXLTD,INE211B01039,EQ,THE PHOENIX MILLS LTD,1901.5,1917.8,1893.9,1895.5,1895.5,1913.0,291623,553931375.1
2026-08-07,RAMCOCEM,INE331A01037,EQ,THE RAMCO CEMENTS LIMITED,940.0,944.0,914.85,933.8,920.0,937.1,221192,204956635.0
2026-08-07,RUBYMILLS,INE301D01026,BE,THE RUBY MILLS LTD,366.0,382.9,366.0,378.5,382.8,364.9,5760,2170338.95
2026-08-07,SOUTHBANK,INE683A01023,EQ,THE SOUTH INDIAN BANK LTD,47.5,47.52,47.07,47.17,47.15,47.43,3899463,184280886.12
2026-08-07,STCINDIA,INE655A01013,EQ,THE STATE TRADING CORPN,120.77,121.89,117.4,118.64,119.0,120.77,55183,6572517.74
2026-08-07,UGARSUGAR,INE071E01023,EQ,THE UGAR SUGAR WORKS LTD,46.0,46.25,44.66,45.0,44.92,45.73,207125,9379187.31
2026-08-07,WIPL,INE215F01023,EQ,THE WESTERN INDIA PLY LTD,170.0,170.5,168.05,168.05,168.05,167.0,356,60528.0
2026-08-07,THEJO,INE121N01019,EQ,THEJO ENGINEERING LIMITED,2171.0,2249.5,2159.2,2223.9,2237.5,2159.1,20207,44710756.6
2026-08-07,THEMISMED,INE083B01024,EQ,THEMIS MEDICARE LTD.,112.37,114.9,110.01,110.5,110.12,112.78,33682,3761722.33
2026-08-07,THERMAX,INE152A01029,EQ,THERMAX LTD,3991.0,4075.0,3990.8,4059.9,4058.0,3991.0,101867,412692442.9
2026-08-07,TIRUMALCHM,INE338A01024,EQ,THIRUMALAI CHEMICALS LTD,169.13,173.01,167.1,167.76,167.65,170.0,414593,70298379.21
2026-08-07,THOMASCOOK,INE332A01027,EQ,THOMAS COOK (INDIA) LTD,106.5,106.94,103.6,104.13,104.0,106.14,631943,66579832.99
2026-08-07,THOMASCOTT,INE480M01011,EQ,THOMAS SCOTT (INDIA) LTD,314.6,329.5,310.65,315.15,315.15,310.5,49488,15870926.55
2026-08-07,THYROCARE,INE594H01019,EQ,THYROCARE TECH LTD,598.0,606.6,593.9,603.25,604.0,598.05,208846,125540139.5
2026-08-07,TIGERLOGS,INE906O01029,BE,TIGER LOGISTICS (INDIA) L,26.92,27.69,25.8,27.49,27.6,26.57,594901,16049427.44
2026-08-07,TIJARIA,INE440L01017,EQ,TIJARIA POLYPIPES LTD,4.56,5.39,4.56,5.09,5.31,4.74,153703,751661.02
2026-08-07,TIL,INE806C01018,EQ,TIL LTD,246.6,251.0,230.75,232.1,231.15,252.5,1405280,333527536.95
2026-08-07,TI,INE133E01013,EQ,TILAKNAGAR INDUSTRIES LTD,484.05,497.8,480.95,490.75,489.8,488.45,783049,382668405.45
2026-08-07,TIMETECHNO,INE508G01029,EQ,TIME TECHNOPLAST LTD.,206.25,207.25,202.25,204.88,205.5,206.82,4532881,925803734.31
2026-08-07,TIMEX,INE064A01026,EQ,TIMEX GROUP INDIA LTD.,540.1,559.65,540.1,556.3,552.0,543.05,149560,82795249.55
2026-08-07,TIMKEN,INE325A01013,EQ,TIMKEN INDIA LTD.,3333.4,3364.0,3286.1,3351.0,3350.0,3343.1,30969,103396640.3
2026-08-07,TINNARUBR,INE015C01016,EQ,TINNA RUBBER AND INFR LTD,1100.6,1114.9,1088.5,1108.1,1105.2,1100.6,24643,27226810.8
2026-08-07,TIPSFILMS,INE0LQS01015,EQ,TIPS FILMS LIMITED,377.85,381.95,370.0,375.25,372.4,376.85,5614,2104682.75
2026-08-07,TIPSMUSIC,INE716B01029,EQ,TIPS MUSIC LIMITED,654.15,658.05,644.0,645.35,644.0,654.4,173364,112396490.2
2026-08-07,TIRUPATIFL,INE319Y01024,BE,TIRUPATI FORGE LIMITED,70.3,72.99,68.5,72.07,71.99,70.62,204111,14479390.4
2026-08-07,TITAGARH,INE615H01020,EQ,TITAGARH RAIL SYSTEMS LTD,860.0,864.6,844.7,847.45,845.5,861.65,250764,213629079.35
2026-08-07,TITAN,INE280A01028,EQ,TITAN COMPANY LIMITED,4978.1,5003.0,4891.3,4941.0,4941.0,4998.0,1166858,5788047546.5
2026-08-07,TOKYOPLAST,INE932C01012,BE,TOKYO PLAST  INTL LTD.,80.9,81.0,80.9,81.0,81.0,81.0,877,70986.0
2026-08-07,TOLINS,INE0RWQ01014,EQ,TOLINS TYRES LIMITED,102.49,103.35,101.61,102.14,102.85,103.09,24552,2523410.86
2026-08-07,TORNTPHARM,INE685A01028,EQ,TORRENT PHARMACEUTICALS L,4956.0,4987.5,4901.0,4924.0,4924.0,4956.0,394462,1946062098.5
2026-08-07,TORNTPOWER,INE813H01021,EQ,TORRENT POWER LTD,1325.2,1355.4,1321.0,1350.8,1352.0,1325.2,379616,510066681.7
2026-08-07,TOTAL,INE336X01012,EQ,TOTAL TRANSPORT SYS LTD,67.63,71.79,67.0,69.6,70.25,67.87,59513,4152034.53
2026-08-07,TOUCHWOOD,INE486Y01013,EQ,TOUCHWOOD ENTERTAIN LTD.,66.16,66.91,65.4,66.85,66.86,67.09,691,45854.17
2026-08-07,TFCILTD,INE305A01023,EQ,TOURISM FINANCE CORP. OF,112.5,118.0,112.5,117.48,117.97,110.81,23957180,2767702805.77
2026-08-07,TPLPLASTEH,INE413G01022,EQ,TPL PLASTECH LIMITED,78.1,79.67,76.25,77.51,76.75,78.73,138380,10833744.9
2026-08-07,TRACXN,INE0HMF01019,EQ,TRACXN TECHNOLOGIES LTD,30.09,30.3,29.75,29.97,29.85,30.09,126280,3787970.98
2026-08-07,TARIL,INE763I01026,EQ,TRANS & RECTI. LTD,295.9,301.5,295.1,297.8,298.5,296.15,1045223,311968165.7
2026-08-07,TREL,INE0O3901029,EQ,TRANSINDIA REAL ESTATE L,24.65,25.7,24.65,25.4,25.5,24.63,76731,1930208.56
2026-08-07,TRANSPEK,INE687A01016,EQ,TRANSPEK INDUSTRY LTD,1324.0,1330.6,1225.2,1262.4,1279.4,1321.4,3737,4811547.7
2026-08-07,TCI,INE688A01022,EQ,TRANSPORT CORPN OF INDIA,921.25,927.45,914.95,916.35,916.0,927.0,11169,10280453.6
2026-08-07,TRANSRAILL,INE454P01035,EQ,TRANSRAIL LIGHTING LTD,480.0,484.25,470.0,473.4,474.4,490.95,944025,448961834.5
2026-08-07,TRANSTEEL,INE0NVI01020,SM,TRANSTEEL SEATING TECH L,113.0,113.0,113.0,113.0,113.0,115.6,2000,226000.0
2026-08-07,TFL,INE804H01012,EQ,TRANSWARRANTY FIN. LTD.,11.49,11.84,11.03,11.6,11.65,11.49,4843,56249.65
2026-08-07,TRANSWORLD,INE757B01015,BE,TRANSWORLD SHIP LINES LTD,162.0,166.35,158.0,166.0,165.01,158.43,30082,4962123.62
2026-08-07,TRAVELFOOD,INE103V01028,EQ,TRAVEL FOOD SERVICES LTD,1380.0,1470.9,1354.1,1428.6,1429.0,1337.2,1277146,1843180560.6
2026-08-07,TREEHOUSE,INE040M01013,EQ,TREE HOUSE EDU LTD,6.32,6.42,6.2,6.3,6.23,6.26,8049,50627.73
2026-08-07,TREJHARA,INE00CA01015,EQ,TREJHARA SOLUTIONS LTD,165.75,186.3,165.7,177.66,177.43,165.13,228683,40657002.51
2026-08-07,TRENT,INE849A01020,EQ,TRENT LTD,3106.5,3106.5,2985.6,2997.0,2997.0,3107.1,2469173,7456585331.9
2026-08-07,TRF,INE391D01019,EQ,TRF LIMITED,233.74,235.74,231.01,232.79,232.6,232.41,39350,9157383.34
2026-08-07,TBZ,INE760L01018,EQ,TRIB BHIMJI ZAVERI LTD,271.9,280.9,271.0,273.0,273.0,271.0,922618,254420447.65
2026-08-07,TRIDENT,INE064C01022,EQ,TRIDENT LIMITED,25.5,25.91,25.05,25.18,25.1,24.9,15759138,401972181.91
2026-08-07,TRIGYN,INE948A01012,EQ,TRIGYN TECHNOLOGIES LTD,54.78,55.43,53.19,53.5,53.23,54.8,35806,1946735.43
2026-08-07,TRIVENI,INE256C01024,EQ,TRIVENI ENGG. & INDS. LTD,231.5,237.99,228.07,233.22,234.5,230.53,496516,115937307.56
2026-08-07,TRITURBINE,INE152M01016,EQ,TRIVENI TURBINE LIMITED,643.0,654.15,630.3,636.45,632.0,646.35,499505,322007266.0
2026-08-07,TRUALT,INE0MWH01014,EQ,TRUALT BIOENERGY LIMITED,465.05,483.9,465.0,477.05,477.0,464.3,527721,251486520.75
2026-08-07,TRU,INE615R01029,EQ,TRUCAP FINANCE LIMITED,4.65,4.73,4.54,4.55,4.55,4.61,83768,383614.27
2026-08-07,TRUST,INE0SWN01019,SM,TRUST FINTECH LIMITED,28.5,29.0,27.35,28.4,28.45,28.5,8400,235110.0
2026-08-07,TSFINV,INE202Z01029,EQ,TSF INVESTMENTS LIMITED,437.0,445.0,435.45,441.95,444.0,437.7,54440,23972269.9
2026-08-07,TTKHLTCARE,INE910C01018,EQ,TTK HEALTHCARE LIMITED,1113.9,1113.9,1071.0,1084.8,1089.9,1094.1,22552,24594016.7
2026-08-07,TTKPRESTIG,INE690A01028,EQ,TTK PRESTIGE LTD,636.8,638.85,611.1,615.95,615.95,636.8,73246,45774829.6
2026-08-07,TIINDIA,INE974X01010,EQ,TUBE INVEST OF INDIA LTD,2754.9,2783.0,2742.2,2772.0,2772.0,2753.8,142399,392907585.5
2026-08-07,TUNWAL,INE0OXV01027,SM,TUNWAL E-MOTORS LIMITED,26.0,26.45,25.75,26.4,26.4,26.1,44000,1152200.0
2026-08-07,TURTLEMINT,INE0OC301013,EQ,TURTLEMINT FINTECH SOLS L,112.55,114.5,111.04,111.84,112.05,112.75,286715,32315907.05
2026-08-07,TVTODAY,INE038F01029,EQ,TV TODAY NETWORK LTD,114.72,116.59,114.09,114.68,114.3,115.65,32993,3788361.13
2026-08-07,TVVISION,INE871L01013,BE,TV VISION LIMITED,4.32,4.32,4.13,4.13,4.13,4.34,61344,253471.44
2026-08-07,TVSELECT,INE236G01019,EQ,TVS ELECTRONICS LTD,508.15,518.8,502.8,506.9,502.8,508.15,64153,32726625.5
2026-08-07,TVSHLTD,INE105A01035,EQ,TVS HOLDINGS LIMITED,15042.0,15070.0,14752.0,14848.0,14752.0,14908.0,3024,45145708.0
2026-08-07,TVSMOTOR,INE494B01023,EQ,TVS MOTOR COMPANY  LTD,4380.0,4458.0,4378.0,4440.9,4440.9,4375.0,840158,3725297059.6
2026-08-07,TVSSRICHAK,INE421C01016,EQ,TVS SRICHAKRA LIMITED,3980.1,3999.8,3951.5,3964.9,3979.0,3971.2,1405,5583851.0
2026-08-07,TVSSCS,INE395N01027,EQ,TVS SUPPLY CHAIN SOL L,134.0,134.96,132.65,133.79,134.05,132.38,214689,28665861.85
2026-08-07,TICL,INE388G01026,BE,TWAMEV CONS AND INFRA LTD,10.7,10.76,10.0,10.57,10.5,10.25,134459,1424272.11
2026-08-07,UYFINCORP,INE152C01025,EQ,U. Y. FINCORP LIMITED,19.2,22.34,19.02,20.36,20.38,19.2,3974832,84655231.25
2026-08-07,UCAL,INE139B01016,EQ,UCAL LIMITED,117.01,118.99,115.11,118.46,118.01,117.01,5359,632339.67
2026-08-07,UCOBANK,INE691A01018,EQ,UCO BANK,26.5,26.54,26.35,26.4,26.4,26.64,2882482,76243336.21
2026-08-07,USK,INE0N0Y01013,EQ,UDAYSHIVAKUMAR INFRA LTD,22.33,23.46,22.0,22.19,22.3,22.9,19714,442214.24
2026-08-07,UFLEX,INE516A01017,EQ,UFLEX LIMITED,480.9,503.9,480.1,488.7,486.0,483.9,262987,129755795.85
2026-08-07,UFO,INE527H01019,EQ,UFO MOVIEZ INDIA LTD.,68.01,69.45,67.35,68.76,68.4,67.86,30854,2109781.58
2026-08-07,UGROCAP,INE583D01011,EQ,UGRO CAPITAL LIMITED,96.79,96.79,94.1,95.08,95.0,96.16,451590,42823583.95
2026-08-07,UEL,INE899L01030,EQ,UJAAS ENERGY LIMITED,257.79,257.79,257.79,257.79,257.79,245.52,20964,5404309.56
2026-08-07,UJJIVANSFB,INE551W01018,EQ,UJJIVAN SMALL FINANC BANK,71.98,71.98,69.75,70.11,70.0,72.05,8655583,610468089.75
2026-08-07,ULTRAMAR,INE405A01021,EQ,ULTRAMARINE & PIGMENTS L,389.55,455.75,381.2,410.75,391.0,389.4,1889911,798279503.0
2026-08-07,ULTRACEMCO,INE481G01011,EQ,ULTRATECH CEMENT LIMITED,12051.0,12105.0,11970.0,12105.0,12105.0,12075.0,171352,2060624896.0
2026-08-07,UMA,INE067901012,SM,UMA CONVERTER LIMITED,14.75,15.25,14.65,14.85,14.75,14.7,20000,297600.0
2026-08-07,UMAEXPORTS,INE0GIU01018,BE,UMA EXPORTS LIMITED,20.77,20.77,19.79,20.07,20.1,20.06,11555,231292.43
2026-08-07,UMIYA-MRO,INE398B01018,EQ,UMIYA BUILDCON LIMITED,89.5,91.7,89.11,90.03,90.5,90.17,6034,543187.92
2026-08-07,UNICHEMLAB,INE351A01035,EQ,UNICHEM LABORATORIES LTD,495.0,501.45,482.3,489.75,487.3,497.4,33461,16484332.7
2026-08-07,UNIECOM,INE00U401027,EQ,UNICOMMERCE ESOLUTIONS L,84.1,85.25,84.1,84.25,84.21,84.95,138057,11661985.39
2026-08-07,UNIHEALTH,INE0PRF01011,SM,UNIHEALTH HOSPITALS LTD,760.0,774.0,760.0,774.0,774.0,777.5,5500,4212100.0
2026-08-07,UNIINFO,INE481Z01011,BE,UNIINFO TELECOM SERVI LTD,12.35,12.35,11.29,12.05,12.05,11.88,4884,55713.88
2026-08-07,UNILEX,INE0B2801011,SM,UNILEX COLOURS AND CHEM L,28.25,29.0,28.25,29.0,29.0,30.0,3200,91600.0
2026-08-07,UNIMECH,INE0U3I01011,EQ,UNIMECH AEROSPACE N MFG L,1336.5,1459.9,1333.0,1446.7,1445.6,1336.5,630820,898792084.3
2026-08-07,UNIONBANK,INE692A01016,EQ,UNION BANK OF INDIA,182.2,184.9,180.0,183.6,183.6,182.5,22186841,4058177999.56
2026-08-07,UNIONGOLD,INF582M01KS4,EQ,UNIONAMC - UNIONGOLD,145.3,146.45,143.55,146.3,146.45,145.3,2505,364093.65
2026-08-07,UNIPARTS,INE244O01017,EQ,UNIPARTS INDIA LIMITED,784.9,820.0,777.05,814.6,809.6,781.5,275162,221771894.15
2026-08-07,UNIENTER,INE037A01022,EQ,UNIPHOS ENTERPRISES LTD,99.75,99.75,96.33,97.16,98.54,97.37,5537,540152.16
2026-08-07,UNITECH,INE694A01020,EQ,UNITECH LTD,4.17,4.27,4.11,4.15,4.17,4.14,4499677,18765046.66
2026-08-07,UBL,INE686F01025,EQ,UNITED BREWERIES LTD,1408.2,1408.2,1377.5,1400.3,1397.0,1415.3,99991,139709691.2
2026-08-07,UNIDT,INE961D01019,BE,UNITED DRILLING TOOLS LTD,239.04,241.4,231.3,234.98,237.75,237.86,6645,1587214.99
2026-08-07,UFBL,INE382M01027,EQ,UNITED FOODBRANDS LIMITED,824.95,829.0,785.0,807.6,797.5,804.3,325409,263959860.95
2026-08-07,UNITEDTEA,INE458F01011,EQ,UNITED NILGIRI TEA LTD,478.45,479.0,462.0,468.0,470.0,483.3,1821,852985.3
2026-08-07,UNITEDPOLY,INE368U01029,BE,UNITED POLYFAB GUJ. LTD.,29.25,29.25,28.1,28.87,28.99,29.01,21523,612597.72
2026-08-07,UNITDSPR,INE854D01024,EQ,UNITED SPIRITS LIMITED,1521.2,1529.8,1512.4,1512.4,1512.4,1525.0,324797,493572683.2
2026-08-07,UNIVASTU,INE562X01013,BE,UNIVASTU INDIA LIMITED,141.5,141.54,134.48,134.75,135.9,141.55,325011,44043411.73
2026-08-07,UNIVCABLES,INE279A01012,EQ,UNIVERSAL CABLES LTD,1415.0,1436.2,1263.3,1411.2,1300.0,1416.3,163471,232733516.5
2026-08-07,UNIVPHOTO,INE03V001013,BE,UNIVERSUS IMAGINGS LTD,471.6,494.0,458.05,471.7,471.7,478.95,1153,557621.95
2026-08-07,UNOMINDA,INE405E01023,EQ,UNO MINDA LIMITED,1270.0,1292.1,1265.1,1285.0,1285.0,1278.0,557760,715225051.7
2026-08-07,UDS,INE851I01011,EQ,UPDATER SERVICES LIMITED,210.56,211.0,207.03,210.03,210.0,210.57,190319,39837704.26
2026-08-07,UPL,INE628A01036,EQ,UPL LIMITED,573.05,575.0,570.15,573.0,573.0,572.75,882844,505140205.95
2026-08-07,USASEEDS,INE0CBM01019,SM,UPSURGE SEEDS OF AGRI LTD,93.0,93.0,90.9,90.9,90.9,88.8,1712,156519.6
2026-08-07,URAVIDEF,INE568Z01015,BE,URAVI DEFENCE &TECH LTD,115.9,115.9,109.9,110.03,110.0,114.22,18090,2006247.46
2026-08-07,URBANCO,INE0CAZ01013,EQ,URBAN COMPANY LIMITED,142.95,145.3,141.75,143.74,144.0,142.67,2752964,395454495.08
2026-08-07,URBAN,INE0O0201019,SM,URBAN ENVIRO WASTE MGMT L,151.0,151.0,143.5,145.35,144.0,144.8,75200,10953880.0
2026-08-07,URJA,INE550C01020,EQ,URJA GLOBAL LIMITED,9.98,9.98,9.8,9.84,9.83,9.78,632892,6241543.83
2026-08-07,USHAFIN,INE0LS001014,SM,USHA FINANCIAL SERVICES L,38.0,39.95,38.0,39.7,39.75,37.75,59200,2307920.0
2026-08-07,UMESLTD,INE240C01028,EQ,USHA MARTIN EDU & SOL LTD,5.53,5.59,5.5,5.57,5.58,5.48,1543,8597.18
2026-08-07,USHAMART,INE228A01035,EQ,USHA MARTIN LTD.,517.9,519.8,513.2,515.05,516.0,515.65,205861,106431996.15
2026-08-07,UTIAMC,INE094J01016,EQ,UTI ASSET MNGMT CO LTD,900.3,902.6,895.0,896.65,897.4,900.3,54661,49066277.2
2026-08-07,LIQUIDBETA,INF789F1AG68,EQ,UTIAMC - LIQUIDBETA,1003.45,1003.45,1003.45,1003.45,1003.45,1002.91,2,2006.9
2026-08-07,BANKBETA,INF789F1AUV1,EQ,UTIAMC-BANKBETA,60.38,60.38,59.68,59.74,60.08,60.08,1700953,101598421.15
2026-08-07,GILT10BETA,INF789F1AZF3,EQ,UTIAMC-GILT10BETA,26.83,26.99,26.46,26.47,26.91,26.83,315,8424.52
2026-08-07,GILT5BETA,INF789F1AZE6,EQ,UTIAMC-GILT5BETA,67.29,67.29,65.98,67.29,67.29,67.26,41,2732.27
2026-08-07,ITBETA,INF789F1AZD8,EQ,UTIAMC-ITBETA,326.55,334.68,325.0,331.88,334.0,323.33,24232,8031219.32
2026-08-07,MIDCAPBETA,INF789F1AYX9,EQ,UTIAMC-MIDCAPBETA,236.29,237.0,235.25,236.76,235.25,235.73,560,132172.83
2026-08-07,NEXT50BETA,INF789F1AUW9,EQ,UTIAMC-NEXT50BETA,79.24,80.89,79.24,80.47,79.82,79.77,175261,14116104.37
2026-08-07,NIFTYBETA,INF789F1AZC0,EQ,UTIAMC-NIFTYBETA,275.81,275.81,270.79,272.76,273.6,272.82,15445,4209970.82
2026-08-07,SENSEXBETA,INF789FB1X58,EQ,UTIAMC-SENSEXBETA,868.98,874.39,868.21,870.65,870.2,863.74,1099,957269.17
2026-08-07,SILVERBETA,INF789F1AYK6,EQ,UTIAMC-SILVERBETA,217.36,223.27,216.9,222.6,221.3,216.64,453597,100292006.63
2026-08-07,SNXT50BETA,INF789F1AUU3,EQ,UTIAMC-SNXT50BETA,96.66,96.95,95.06,95.55,96.53,96.18,1395,134101.43
2026-08-07,GOLDBETA,INF789F1AUX7,EQ,UTIAMC-UTIGOLDBETA,124.5,125.8,124.05,125.7,125.65,124.55,338572,42318353.7
2026-08-07,UTKAL,INE1V1R01014,SM,UTKAL SPEC INDUS INDIA L,45.6,46.1,42.5,46.1,46.1,43.95,168000,7578700.0
2026-08-07,UTKARSHBNK,INE735W01017,EQ,UTKARSH SMALL FIN BANK L,14.4,14.4,14.15,14.19,14.22,14.37,2519954,35927112.13
2026-08-07,UTTAMSUGAR,INE786F01031,EQ,UTTAM SUGAR MILLS LTD.,253.1,257.0,251.0,252.77,251.0,254.82,61564,15636979.89
2026-08-07,VMARCIND,INE0GXK01018,SM,V MARC INDIA LIMITED,334.95,334.95,306.1,316.0,316.95,328.95,511500,161587650.0
2026-08-07,VR,INE0QQM01017,SM,V R INFRASPACE LIMITED,144.65,144.65,144.65,144.65,144.65,137.8,400,57860.0
2026-08-07,VGUARD,INE951I01027,EQ,V-GUARD IND LTD.,319.0,327.35,312.1,319.65,321.0,322.25,1204577,387104454.75
2026-08-07,V2RETAIL,INE945H01021,EQ,V2 RETAIL LIMITED,218.31,220.5,216.0,219.44,220.5,218.31,698894,152564303.81
2026-08-07,WABAG,INE956G01038,EQ,VA TECH WABAG LTD,1987.0,1989.8,1950.1,1957.7,1956.7,1990.7,175872,345329311.8
2026-08-07,VADILALIND,INE694D01016,EQ,VADILAL INDUSTRIES LTD,7290.0,7350.0,7098.0,7207.5,7216.0,7327.5,26596,190627708.5
2026-08-07,VAIBHAVGBL,INE884A01027,EQ,VAIBHAV GLOBAL LIMITED,243.05,246.4,241.0,242.95,242.0,242.6,327863,79787320.85
2026-08-07,VAISHALI,INE972X01022,EQ,VAISHALI PHARMA LIMITED,7.82,8.19,7.82,7.88,7.95,7.98,88804,703691.14
2026-08-07,VAKRANGEE,INE051B01021,EQ,VAKRANGEE LIMITED,6.0,6.02,5.95,5.99,6.01,6.0,663946,3973584.12
2026-08-07,VALIANTLAB,INE0JWS01017,BE,VALIANT LABORATORIES LTD,61.52,64.59,61.0,64.59,64.59,61.52,23879,1522912.66
2026-08-07,VALIANTORG,INE565V01010,BE,VALIANT ORGANICS LIMITED,282.0,291.0,278.1,288.5,286.0,278.7,10394,2981542.05
2026-08-07,DBREALTY,INE879I01012,BE,VALOR ESTATE LIMITED,111.97,117.32,110.0,117.32,117.32,111.74,718225,83323684.54
2026-08-07,VALUE360,INE1E7Y01018,SM,VALUE 360 COMMUNICATION L,78.95,78.95,74.0,75.0,75.0,74.5,13200,1010340.0
2026-08-07,VARDHACRLC,INE116G01013,BE,VARDHAMAN ACRYLICS LTD,45.01,45.9,44.67,44.73,44.72,45.51,17888,804869.15
2026-08-07,VHL,INE701A01023,EQ,VARDHMAN HOLDINGS LIMITED,3600.0,3649.8,3532.0,3568.7,3577.0,3579.0,1143,4121905.1
2026-08-07,VARDMNPOLY,INE835A01029,EQ,VARDHMAN POLYTEX LTD.,5.93,6.85,5.9,6.48,6.6,6.0,1044397,6736059.9
2026-08-07,VSSL,INE050M01012,EQ,VARDHMAN SPC STEEL LTD,332.55,344.7,328.0,341.85,342.85,333.85,335632,113550442.4
2026-08-07,VTL,INE825A01020,EQ,VARDHMAN TEXTILES LIMITED,605.0,615.3,601.75,606.75,607.8,602.2,225767,137127175.85
2026-08-07,VARROC,INE665L01035,EQ,VARROC ENGINEERING LTD.,720.0,836.3,713.45,811.2,804.0,737.85,15190210,12267933714.55
2026-08-07,VBL,INE200M01039,EQ,VARUN BEVERAGES LIMITED,444.05,447.35,439.55,442.0,442.0,444.0,2472286,1093164695.05
2026-08-07,VGL,INE273D01027,EQ,VARVEE GLOBAL LIMITED,61.97,63.37,60.2,61.28,61.0,62.28,17269,1065992.09
2026-08-07,DENTALKART,INE0N5801013,SM,VASA DENTICITY LIMITED,393.1,411.5,392.0,408.55,411.5,393.8,20000,8075875.0
2026-08-07,VASCONEQ,INE893I01013,BE,VASCON ENGINEERS LTD,32.2,33.83,32.2,33.64,33.75,33.03,163946,5473932.26
2026-08-07,VASWANI,INE590L01019,EQ,VASWANI IND LTD,52.93,52.93,50.5,52.14,52.27,51.68,39282,2021561.58
2026-08-07,VCL,INE098201036,EQ,VAXTEX COTFAB LIMITED,1.34,1.34,1.34,1.34,1.34,1.28,162431,217657.54
2026-08-07,VDEAL,INE0U2M01015,SM,VDEAL SYSTEM LIMITED,162.6,165.9,162.6,164.0,164.0,155.0,3600,591300.0
2026-08-07,MANYAVAR,INE825V01034,EQ,VEDANT FASHIONS LIMITED,500.35,529.0,493.45,516.9,510.5,500.35,2629328,1356341670.65
2026-08-07,VAML,INE1CDF01017,EQ,VEDANTA ALUMINIUM METAL L,481.0,483.4,468.0,470.05,469.0,480.65,7677653,3649469773.45
2026-08-07,VISL,INE1CLE01013,EQ,VEDANTA IRON AND STEEL L,35.6,36.24,34.8,35.21,35.15,35.89,23801877,843497957.48
2026-08-07,VEDL,INE205A01025,EQ,VEDANTA LIMITED,273.95,278.85,271.85,278.85,278.85,275.0,10287563,2829665560.55
2026-08-07,VOGL,INE704J01044,EQ,VEDANTA OIL AND GAS LTD,35.83,36.44,34.61,34.91,34.64,35.9,28865567,1025438746.63
2026-08-07,VEDPOWER,INE694L01019,EQ,VEDANTA POWER LIMITED,35.7,36.35,35.3,35.46,35.49,35.78,15005706,537653005.25
2026-08-07,VEEDOL,INE484C01030,EQ,VEEDOL CORPORATION LTD,1493.0,1516.9,1484.9,1497.3,1498.0,1489.9,18945,28418373.8
2026-08-07,VEEKAYEM,INE0KTW01013,SM,VEEKAYEM FASH & APP LTD,120.0,120.0,120.0,120.0,120.0,122.15,500,60000.0
2026-08-07,VELJAN,INE232E01013,BE,VELJAN DENISON LTD.,1660.0,1710.0,1636.0,1706.4,1710.0,1651.8,876,1477437.0
2026-08-07,VENKEYS,INE398A01010,EQ,VENKY S (INDIA) LIMITED,1561.1,1596.9,1560.0,1573.4,1561.1,1565.1,22629,35771078.5
2026-08-07,VENTIVE,INE781S01027,EQ,VENTIVE HOSPITALITY LTD,616.0,618.45,590.2,599.9,603.2,612.8,33822,20475750.35
2026-08-07,VENUSPIPES,INE0JA001018,EQ,VENUS PIPES & TUBES LTD,1589.9,1629.2,1583.3,1604.0,1597.5,1589.9,40889,65653097.0
2026-08-07,VENUSREM,INE411B01019,BE,VENUS REMEDIES LIMITED,1562.7,1584.9,1521.0,1540.7,1561.9,1562.7,35465,54963427.5
2026-08-07,VERANDA,INE0IQ001011,EQ,VERANDA LEARNING SOL LTD,260.85,261.0,253.8,257.95,256.6,258.3,222459,57223578.6
2026-08-07,VERITAAS,INE0SRI01019,SM,VERITAAS ADVERTISING LTD,33.1,33.3,33.1,33.3,33.3,34.8,2400,79680.0
2026-08-07,VERTOZ,INE188Y01031,BE,VERTOZ LIMITED,36.5,36.5,34.36,35.96,35.87,35.73,58150,2087421.68
2026-08-07,VESUVIUS,INE386A01023,EQ,VESUVIUS INDIA LTD,445.1,453.0,445.1,449.1,447.8,445.85,34140,15334227.55
2026-08-07,VETO,INE918N01018,BE,VETO SWITCHGEAR CABLE LTD,123.99,124.3,122.0,122.2,122.7,122.91,9886,1212633.0
2026-08-07,VSTL,INE0QTF01015,EQ,VIBHOR STEEL TUBES LTD,107.2,108.39,106.1,107.01,107.2,108.27,15337,1637426.41
2026-08-07,VHLTD,INE048C01025,BE,VICEROY HOTELS LIMITED,125.95,127.79,122.5,125.0,125.0,127.03,45063,5611996.76
2026-08-07,VIDHIING,INE632C01026,EQ,VIDHI SPCLTY F INGRDNTS L,323.0,325.55,315.0,316.65,315.0,322.05,11850,3787626.8
2026-08-07,VIDYAWIRES,INE14UN01029,EQ,VIDYA WIRES LIMITED,94.86,96.5,93.32,95.46,96.0,94.86,839091,79530509.9
2026-08-07,VIJAYA,INE043W01024,EQ,VIJAYA DIAGNOSTIC CEN LTD,1384.7,1433.0,1340.0,1351.1,1348.0,1369.8,576167,799274084.4
2026-08-07,VIJAYPD,INE0WL901019,SM,VIJAYPD CEUTICAL LIMITED,62.0,64.0,57.0,62.5,63.0,63.9,228000,13682900.0
2026-08-07,VIJIFIN,INE159N01027,BE,VIJI FINANCE LIMITED,11.25,11.25,11.25,11.25,11.25,11.03,1274766,14341117.5
2026-08-07,VIKASECO,INE806A01020,EQ,VIKAS ECOTECH LIMITED,1.12,1.13,1.11,1.11,1.13,1.11,1265413,1411848.39
2026-08-07,VIKASLIFE,INE161L01027,EQ,VIKAS LIFECARE LIMITED,1.26,1.27,1.25,1.26,1.27,1.26,2019619,2546970.26
2026-08-07,VIKRAMSOLR,INE078V01014,EQ,VIKRAM SOLAR LIMITED,163.0,168.54,155.38,164.34,165.4,173.96,10449640,1717949426.38
2026-08-07,VIKRAN,INE01R501028,EQ,VIKRAN ENGINEERING LTD,71.5,72.1,71.1,71.59,71.45,71.71,630957,45272560.85
2026-08-07,VILAS,INE0AZY01017,SM,VILAS TRANSCORE LIMITED,369.0,370.85,363.15,364.65,365.0,365.95,11000,4031412.5
2026-08-07,VILINBIO,INE0L4V01013,SM,VILIN BIO MED LIMITED,40.7,44.05,40.7,44.05,44.05,42.75,12000,501800.0
2026-08-07,VIMTALABS,INE579C01029,EQ,VIMTA LABS LIMITED,636.9,656.95,633.05,651.25,654.0,641.95,161145,104732389.5
2026-08-07,VINATIORGA,INE410B01037,EQ,VINATI ORGANICS LTD,1337.7,1349.4,1320.0,1324.9,1325.0,1349.6,22739,30290196.3
2026-08-07,VINDHYATEL,INE707A01012,EQ,VINDHYA TELELINKS LTD,2310.0,2310.0,2211.0,2241.7,2269.0,2286.9,49404,110860862.0
2026-08-07,VINEETLAB,INE505Y01010,BE,VINEET LABORATORIES LTD,39.2,39.2,36.77,36.99,37.0,38.7,73360,2719007.13
2026-08-07,VMOBILE,INE27V201011,SM,VINIT MOBILE LIMITED,68.95,71.05,66.6,67.2,67.05,69.15,31200,2149680.0
2026-08-07,VINNY,INE01KI01027,EQ,VINNY OVERSEAS LIMITED,1.06,1.08,1.06,1.07,1.08,1.07,91032,97896.48
2026-08-07,VINCOFE,INE498Q01014,EQ,VINTAGE COFFEE N BVRGS L,150.9,151.88,146.77,148.24,149.1,150.3,1882332,280478494.29
2026-08-07,VINYAS,INE0OLS01010,SM,VINYAS INNOVATIVE TECH L,1300.0,1305.0,1266.0,1282.5,1282.0,1269.6,6800,8791555.0
2026-08-07,VINYLINDIA,INE250B01029,EQ,VINYL CHEMICALS (I) LTD.,249.9,249.9,241.8,242.72,242.0,244.38,9936,2430782.59
2026-08-07,VIPCLOTHNG,INE450G01024,BE,VIP CLOTHING LIMITED,21.45,21.45,20.6,20.73,20.7,21.64,78219,1642635.27
2026-08-07,VIPIND,INE054A01027,EQ,VIP INDUSTRIES LTD,316.0,317.95,311.05,315.0,315.7,314.5,103450,32548077.7
2026-08-07,VIPULLTD,INE946H01037,BE,VIPUL LIMITED,12.31,12.65,11.8,11.89,11.85,12.31,114213,1372085.31
2026-08-07,VIRINCHI,INE539B01017,EQ,VIRINCHI LIMITED,15.5,15.9,15.49,15.76,15.75,15.49,45034,709606.68
2026-08-07,VGINFOTECH,INE0VRH01015,SM,VIRTUAL GALAXY INFOTECH L,156.5,157.5,155.0,157.0,157.2,155.65,22000,3440650.0
2026-08-07,VOEPL,INE0I0T01010,EQ,VIRTUOSO OPTOELECTRONIC L,508.95,516.95,504.05,505.95,506.0,508.7,62820,32024751.05
2026-08-07,VISACHROME,INE286H01012,BE,VISA CHROME LIMITED,38.0,38.0,37.0,37.99,38.0,37.99,10162,382395.21
2026-08-07,VIVIDHA,INE370E01029,EQ,VISAGAR POLYTEX LTD,0.52,0.56,0.52,0.52,0.53,0.53,289203,155313.31
2026-08-07,VISAKAIND,INE392A01021,EQ,VISAKA INDUSTRIES LIMITED,90.29,100.97,88.48,98.72,100.0,86.39,14124593,1348052398.57
2026-08-07,VMM,INE01EA01019,EQ,VISHAL MEGA MART LIMITED,109.52,110.08,107.93,108.72,108.72,109.52,7431528,806912733.5
2026-08-07,VISHNU,INE270I01022,EQ,VISHNU CHEMICALS LIMITED,590.0,599.6,582.0,586.6,584.05,594.8,71792,42212097.85
2026-08-07,VPRPL,INE0AE001013,BE,VISHNU PRAKASH R PUNGLI L,29.46,30.93,29.0,30.93,30.93,29.46,355232,10792046.02
2026-08-07,VISHNUINFR,INE0PQ001012,SM,VISHNUSURYA PROJ N INFR L,159.5,160.0,153.5,154.1,154.2,160.7,7000,1087150.0
2026-08-07,VISHWARAJ,INE430N01022,EQ,VISHWARAJ SUGAR IND LTD,5.28,5.4,5.28,5.32,5.34,5.3,93525,499417.54
2026-08-07,VIESL,INE0TR001017,SM,VISION INFRA EQUIP SOL L,308.0,312.5,307.0,312.5,312.5,310.0,7200,2227720.0
2026-08-07,VITAL,INE0L4K01016,BE,VITAL CHEMTECH LIMITED,50.49,50.49,50.3,50.45,50.45,49.5,4573,230287.93
2026-08-07,VIVIANA,INE0MEG01014,BE,VIVIANA POWER TECH LTD,717.9,719.0,705.0,715.8,716.0,710.2,18441,13152263.0
2026-08-07,VIVIMEDLAB,INE526G01021,BE,VIVIMED LABS LIMITED,4.95,5.19,4.95,5.01,5.07,5.04,20886,104044.5
2026-08-07,VIVO,INE0IA701014,SM,VIVO COLLAB SOLUTIONS LTD,114.05,114.05,114.05,114.05,114.05,108.65,3200,364960.0
2026-08-07,VIYASH,INE807F01027,EQ,VIYASH SCIENTIFIC LIMITED,272.9,281.0,271.3,277.0,278.55,272.65,2066705,572464834.4
2026-08-07,VLEGOV,INE03HW01020,BE,VL E GOV AND IT SOL LTD,10.95,10.95,10.94,10.94,10.94,10.97,23903,261638.63
2026-08-07,VLSFINANCE,INE709A01018,EQ,VLS FINANCE LTD,260.15,268.0,260.15,265.1,264.9,261.45,9563,2531713.95
2026-08-07,VMART,INE665J01013,EQ,VMART RETAIL LTD,815.0,819.8,785.4,799.35,788.9,813.9,61913,49989188.1
2026-08-07,VMSTMT,INE0SJA01013,BE,VMS TMT LIMITED,44.95,46.7,44.9,46.11,46.4,44.75,43547,1998073.89
2026-08-07,IDEA,INE669E01016,EQ,VODAFONE IDEA LIMITED,12.64,12.88,12.6,12.73,12.73,12.63,205855564,2619873077.47
2026-08-07,VOLERCAR,INE241X01014,SM,VOLER CAR LIMITED,212.95,222.85,212.95,220.0,220.0,212.9,48000,10533880.0
2026-08-07,VOLTAMP,INE540H01012,EQ,VOLTAMP TRANSFORMERS LTD,9944.0,10095.0,9854.0,9965.0,9950.0,9941.0,29132,290659596.0
2026-08-07,VOLTAS,INE226A01021,EQ,VOLTAS LTD,1275.0,1303.7,1271.9,1285.0,1285.0,1275.0,811972,1043139787.7
2026-08-07,VRAJ,INE0S2V01010,EQ,VRAJ IRON AND STEEL LTD,123.13,124.0,122.7,123.4,123.13,122.26,15423,1902075.24
2026-08-07,VRLLOG,INE366I01010,EQ,VRL LOGISTICS LIMITED,285.0,288.9,280.0,281.35,280.0,284.65,256801,72743681.8
2026-08-07,VSTIND,INE710A01016,EQ,VST INDUSTRIES LTD,219.56,220.99,219.1,219.77,220.1,219.56,114183,25103716.45
2026-08-07,VSTTILLERS,INE764D01017,EQ,VST TILLERS TRACTORS LTD,4566.1,4587.4,4465.3,4487.4,4499.0,4545.1,18515,83519023.2
2026-08-07,WPIL,INE765D01022,EQ,W P I L LTD.,438.0,442.45,431.0,436.4,435.05,438.9,32184,14014364.25
2026-08-07,WSI,INE100D01014,EQ,W.S.INDUSTRIES (I) LTD.,60.1,61.09,59.65,59.92,60.0,60.07,41415,2495016.62
2026-08-07,WAAREEENER,INE377N01017,EQ,WAAREE ENERGIES LIMITED,2663.9,2730.0,2656.9,2717.0,2717.0,2660.9,777123,2102923673.8
2026-08-07,WAAREERTL,INE299N01021,EQ,WAAREE RENEWABLE TECH LTD,905.0,914.75,904.0,908.65,908.25,905.15,74919,68109885.75
2026-08-07,WAKEFIT,INE0E7301029,EQ,WAKEFIT INNOVATIONS LTD,135.39,136.5,127.0,127.76,127.5,127.9,6636699,877091194.45
2026-08-07,WALCHANNAG,INE711A01022,EQ,WALCHANDNAGAR INDUSTRIES,231.0,233.3,227.82,230.74,230.0,231.82,323009,74524339.6
2026-08-07,WANBURY,INE107F01022,EQ,WANBURY LIMITED,272.6,276.2,253.95,254.95,255.0,274.25,574426,150377778.7
2026-08-07,CORDELIA,INE0LZF01013,EQ,WATERWAYS LEISURE TOUR L,846.35,849.0,820.6,841.15,845.0,846.35,132672,110385377.3
2026-08-07,WEWIN,INE082W01014,BE,WE WIN LIMITED,47.04,47.04,46.0,47.0,47.0,45.9,1762,82200.92
2026-08-07,TWCGOLDETF,INF2F0001370,EQ,WEALTH - TWCGOLDETF,147.1,148.99,146.83,148.89,148.86,147.5,13396,1990607.25
2026-08-07,WEALTH,INE658T01017,EQ,WEALTH FRST PORT. MG. LTD,935.9,944.7,930.2,937.55,939.75,925.95,2073,1942213.65
2026-08-07,WEBELSOLAR,INE855C01023,EQ,WEBSOL ENERGY SYSTEM LTD,92.25,97.7,92.25,96.38,95.0,93.61,1779441,170398791.28
2026-08-07,WEIZMANIND,INE080A01014,EQ,WEIZMANN LTD,79.0,80.0,76.16,78.46,78.1,79.97,2095,165085.72
2026-08-07,WELCORP,INE191B01025,EQ,WELSPUN CORP LIMITED,1821.8,1865.0,1821.3,1839.8,1840.0,1819.6,718142,1326847718.2
2026-08-07,WELENT,INE625G01013,EQ,WELSPUN ENTERPRISES LTD.,572.7,592.0,567.95,588.9,585.5,567.8,414021,240831247.05
2026-08-07,WELINV,INE389K01018,BE,WELSPUN INV & COMM LTD,1869.9,1869.9,1808.3,1851.0,1851.0,1851.4,128,236803.5
2026-08-07,WELSPUNLIV,INE192B01031,EQ,WELSPUN LIVING LIMITED,159.25,169.7,159.25,164.09,164.0,159.25,5904913,984357934.68
2026-08-07,WELSPLSOL,INE731F01037,EQ,WELSPUN SPECIALTY SOL L,50.8,50.8,49.0,50.01,50.25,50.02,271106,13469175.86
2026-08-07,WENDT,INE274C01019,EQ,WENDT (INDIA) LIMITED,8090.0,8300.0,8074.5,8151.0,8121.0,8063.5,5174,42445386.5
2026-08-07,WSTCSTPAPR,INE976A01021,EQ,WEST COAST PAPER MILLS LT,595.0,601.8,589.75,599.1,599.0,594.35,129197,77266901.0
2026-08-07,WCIL,INE0CJF01024,EQ,WESTERN CARRIERS (IND) L,89.89,91.0,86.98,88.46,88.85,89.88,80759,7146166.87
2026-08-07,WESTLIFE,INE274F01020,EQ,WESTLIFE FOODWORLD LTD,572.8,608.95,566.75,594.85,586.0,578.75,148955,87587989.1
2026-08-07,WEWORK,INE085001019,EQ,WEWORK INDIA MANAGEMENT L,748.2,774.9,746.15,755.4,752.15,748.2,240738,182857088.65
2026-08-07,WHEELS,INE715A01015,EQ,WHEELS INDIA LTD,1402.0,1418.0,1380.0,1386.8,1388.0,1404.3,37400,52237302.0
2026-08-07,WHIRLPOOL,INE716A01013,EQ,WHIRLPOOL OF INDIA LTD,825.0,840.0,801.6,813.15,813.6,830.45,394483,324322556.05
2026-08-07,WILLAMAGOR,INE210A01017,EQ,WILLIAMSON MAGOR,25.34,27.24,25.34,26.41,26.41,25.25,396,10355.62
2026-08-07,WINDLAS,INE0H5O01029,EQ,WINDLAS BIOTECH LIMITED,873.05,888.45,861.8,882.85,879.0,873.75,59521,52183004.45
2026-08-07,WINDMACHIN,INE052A01021,EQ,WINDSOR MACHINES LIMITED,276.0,310.0,265.6,303.55,306.75,276.5,1605708,482417697.15
2026-08-07,WINSOL,INE0S3D01016,SM,WINSOL ENGINEERS LIMITED,112.0,112.05,107.9,112.0,112.0,112.25,14000,1558500.0
2026-08-07,WIPRO,INE075A01022,EQ,WIPRO LTD,185.87,188.37,185.65,187.53,187.53,186.12,7823102,1464359024.58
2026-08-07,WTICAB,INE623Y01011,SM,WISE TRAVEL INDIA LIMITED,117.0,117.0,114.1,114.7,115.0,116.1,4500,520550.0
2026-08-07,WOCKPHARMA,INE049B01025,EQ,WOCKHARDT LIMITED,1966.1,2028.0,1966.1,2021.0,2020.0,1975.0,547985,1097523697.8
2026-08-07,WOMANCART,INE0Q9601016,SM,WOMANCART LIMITED,95.0,98.25,94.0,94.9,94.9,93.95,17600,1676940.0
2026-08-07,WEL,INE02WG01024,EQ,WONDER ELECTRICALS LTD,123.5,133.7,121.11,129.7,129.75,120.3,1103125,142214573.82
2026-08-07,WONDERLA,INE066O01014,EQ,WONDERLA HOLIDAYS LTD.,485.2,496.2,481.2,493.15,492.75,485.8,95481,46764279.7
2026-08-07,WORTHPERI,INE196Y01018,EQ,WORTH PERIPHERALS LIMITED,146.86,169.8,146.11,163.13,163.0,149.86,224589,36629404.43
2026-08-07,XCHANGING,INE692G01013,EQ,XCHANGING SOLUTIONS LTD,68.55,68.61,67.07,67.24,67.15,68.26,124031,8391135.18
2026-08-07,XELPMOC,INE01P501012,EQ,XELPMOC DESIGN & TECH LTD,83.0,83.4,81.27,81.6,82.39,83.86,10369,852985.12
2026-08-07,XPROINDIA,INE445C01015,EQ,XPRO INDIA LIMITED,1117.5,1126.6,1068.6,1098.8,1099.0,1115.2,80684,88363742.5
2026-08-07,XTGLOBAL,INE547B01028,EQ,XTGLOBAL INFOTECH LIMITED,33.02,34.0,31.41,31.66,31.8,32.37,166806,5498485.07
2026-08-07,XTRANET,INE0NG701011,BE,XTRANET TECHNOLOGIES LTD,129.5,136.21,129.5,136.21,136.21,129.73,432146,58074797.4
2026-08-07,YAAP,INE0U0J01015,SM,YAAP DIGITAL LIMITED,150.8,150.8,146.0,146.25,146.2,150.6,12000,1770150.0
2026-08-07,YASHOPTICS,INE0TO601017,SM,YASH OPTICS & LENS LTD,113.8,115.5,113.8,115.5,115.5,116.25,4000,459080.0
2026-08-07,YASHO,INE616Z01012,EQ,YASHO INDUSTRIES LIMITED,4150.0,4225.4,4080.4,4152.7,4175.0,4166.1,31288,130786443.7
2026-08-07,YATHARTH,INE0JO301016,EQ,YATHARTH HOSP & TRA C S L,872.0,881.9,862.9,870.5,874.0,871.45,161744,140686946.4
2026-08-07,YATRA,INE0JR601024,EQ,YATRA ONLINE LIMITED,110.38,111.38,106.03,107.03,106.03,110.21,811454,88737081.39
2026-08-07,YESBANK,INE528G01035,EQ,YES BANK LIMITED,22.68,22.8,22.63,22.69,22.69,22.68,25521116,579487593.89
2026-08-07,YUDIZ,INE09FA01019,SM,YUDIZ SOLUTIONS LIMITED,26.2,27.0,26.2,26.2,26.2,27.55,4800,126880.0
2026-08-07,YUKEN,INE384C01016,EQ,YUKEN INDIA LIMITED,809.0,820.45,793.15,800.05,800.1,803.4,9861,7926944.5
2026-08-07,ZFSTEERING,INE116C01012,EQ,Z F STEERING GEAR (I) LTD,668.85,682.0,652.0,658.35,658.0,659.85,7427,4915980.45
2026-08-07,ZTECH,INE0ISZ01012,SM,Z-TECH (INDIA) LIMITED,523.05,531.0,520.0,524.7,521.0,523.05,9000,4733340.0
2026-08-07,ZAGGLE,INE07K301024,EQ,ZAGGLE PREPA OCEAN SER L,205.05,209.24,205.05,206.06,205.79,206.13,445498,92165992.45
2026-08-07,ZEAL,INE0PPS01018,SM,ZEAL GLOBAL SERVICES LTD,66.0,66.0,66.0,66.0,66.0,65.4,600,39600.0
2026-08-07,ZEEL,INE256A01028,EQ,ZEE ENTERTAINMENT ENT LTD,93.0,95.6,92.57,94.19,94.05,92.57,21179751,1993141074.37
2026-08-07,ZEELEARN,INE565L01011,BE,ZEE LEARN LIMITED,8.12,8.12,7.71,7.88,7.9,7.99,353681,2796260.38
2026-08-07,ZEEMEDIA,INE966H01019,EQ,ZEE MEDIA CORPORATION LTD,7.14,7.31,7.09,7.21,7.14,7.1,2670834,19281354.34
2026-08-07,ZENTEC,INE251B01027,EQ,ZEN TECHNOLOGIES LIMITED,1734.6,1759.0,1713.0,1721.1,1714.0,1734.6,194337,336995168.2
2026-08-07,ZENITHDRUG,INE0QWN01013,SM,ZENITH DRUGS LIMITED,44.95,44.95,40.5,42.0,42.0,44.0,69600,2927480.0
2026-08-07,ZENITHEXPO,INE058B01018,EQ,ZENITH EXPORTS LTD,199.18,216.96,193.2,216.51,216.96,197.24,1629,340059.18
2026-08-07,ZENITHSTL,INE318D01020,EQ,ZENITH STEEL PIP IND LTD,5.72,5.72,4.66,5.35,5.36,5.65,230903,1226076.37
2026-08-07,ZENSARTECH,INE520A01027,EQ,ZENSAR TECHNOLOGIES  LTD,500.65,507.65,497.0,499.0,498.2,500.65,707360,355230192.35
2026-08-07,GOLDCASE,INF0R8F01042,EQ,ZERODHAAMC - GOLDCASE,23.63,23.63,23.07,23.48,23.5,23.29,10744176,250769752.39
2026-08-07,LIQUIDCASE,INF0R8F01034,EQ,ZERODHAAMC - LIQUIDCASE,115.39,115.39,115.37,115.38,115.39,115.34,19693998,2272346910.67
2026-08-07,LTGILTCASE,INF0R8F01133,EQ,ZERODHAAMC - LTGILTCASE,31.04,31.04,30.12,30.62,30.63,30.61,162923,4987480.9
2026-08-07,MID150CASE,INF0R8F01059,EQ,ZERODHAAMC - MID150CASE,11.75,11.9,11.61,11.8,11.79,11.75,1438884,16921539.89
2026-08-07,NIFTYCASE,INF0R8F01166,EQ,ZERODHAAMC - NIFTYCASE,10.14,10.14,9.82,9.88,9.89,9.9,378208,3737508.9
2026-08-07,SILVERCASE,INF0R8F01091,EQ,ZERODHAAMC - SILVERCASE,23.25,23.44,22.5,23.36,23.32,22.74,13684775,316011063.53
2026-08-07,SML100CASE,INF0R8F01141,EQ,ZERODHAAMC - SML100CASE,11.29,11.32,11.12,11.25,11.24,11.3,2513166,28328413.37
2026-08-07,TOP100CASE,INF0R8F01067,EQ,ZERODHAAMC - TOP100CASE,10.85,10.95,10.66,10.81,10.83,10.8,682873,7391138.86
2026-08-07,ZFCVINDIA,INE342J01019,EQ,ZF COM VE CTR SYS IND LTD,2593.5,2656.0,2562.1,2637.2,2650.0,2580.3,103315,269840373.3
2026-08-07,ZIMLAB,INE518E01015,BE,ZIM LABORATORIES LIMITED,111.6,115.15,111.6,111.98,113.0,115.15,54472,6122772.31
2026-08-07,ZODIACLOTH,INE206B01013,EQ,ZODIAC CLOTHING CO. LTD.,76.91,77.79,76.89,77.63,77.67,76.42,1616,125290.91
2026-08-07,ZODIAC,INE761Y01019,EQ,ZODIAC ENERGY LIMITED,255.35,256.9,250.5,251.5,252.45,253.35,6076,1531531.55
2026-08-07,ZOTA,INE358U01012,EQ,ZOTA HEALTH CARE LIMITED,1252.5,1286.4,1242.2,1274.7,1280.5,1246.4,36351,46016987.2
2026-08-07,ZUARI,INE840M01016,EQ,ZUARI AGRO CHEMICALS LTD,226.69,230.5,225.02,227.55,230.5,226.69,68273,15477841.97
2026-08-07,ZUARIIND,INE217A01012,EQ,ZUARI INDUSTRIES LIMITED,258.6,263.1,257.4,259.35,257.4,262.15,8809,2288715.8
2026-08-07,ZYDUSLIFE,INE010B01027,EQ,ZYDUS LIFESCIENCES LTD,1102.1,1117.7,1093.2,1114.2,1114.2,1108.0,666151,735563471.4
2026-08-07,ZYDUSWELL,INE768C01028,EQ,ZYDUS WELLNESS LIMITED,534.0,535.45,523.0,533.85,534.5,531.5,227185,120441274.65
